t_mono,t_wall,x,y,z,qx,qy,qz,qw
0.40119820833336917,1765050395.903695,-0.008492947,1.6011331,-0.11104666,-0.18179293,0.087686285,0.06842275,0.9770265
0.4241762083333356,1765050395.9266732,-0.012876798,1.5979899,-0.110860705,-0.19280873,0.10948685,0.072476834,0.9724117
0.4442399166666746,1765050395.9467368,-0.01696062,1.5948799,-0.110665634,-0.20363817,0.13001925,0.075890504,0.9674022
0.46158741666670267,1765050395.9640844,-0.02063017,1.5919487,-0.110333994,-0.2135724,0.1486979,0.07898664,0.96230805
0.4789442083333597,1765050395.9814413,-0.024347305,1.588995,-0.109949075,-0.2232415,0.16762932,0.081791714,0.95675164
0.49553720833336,1765050395.9980342,-0.027884582,1.5862879,-0.10957956,-0.2319849,0.18533881,0.08385378,0.95121026
0.5129330416666562,1765050396.01543,-0.0315032,1.5835415,-0.109142326,-0.24081331,0.20327432,0.08556545,0.9451809
0.530294291666678,1765050396.0327911,-0.034949113,1.5808198,-0.10858536,-0.24952488,0.22070268,0.0873649,0.9388264
0.5477721666666753,1765050396.0502691,-0.038249016,1.5780929,-0.10792502,-0.25773063,0.23766105,0.08949553,0.932246
0.5656519166666953,1765050396.0681489,-0.04142952,1.5755055,-0.10726089,-0.26501226,0.2537216,0.091501005,0.9257545
0.5914479166666524,1765050396.0939448,-0.04555273,1.5723814,-0.10637857,-0.2737454,0.27371922,0.09355614,0.91727227
0.6136627916666839,1765050396.1161597,-0.04862251,1.5702066,-0.105646364,-0.28006458,0.28836587,0.095320165,0.9106717
0.6314971666666906,1765050396.133994,-0.050786495,1.5688218,-0.105085865,-0.28406972,0.29853338,0.0966215,0.90600574
0.6490733333333196,1765050396.1515703,-0.052714348,1.5677872,-0.104625314,-0.28685954,0.30711922,0.09751616,0.90215296
0.6668999583333743,1765050396.1693969,-0.054472733,1.5669873,-0.10424426,-0.2888016,0.31451258,0.09819695,0.8989064
0.6843640416666972,1765050396.186861,-0.055955984,1.5663245,-0.103860855,-0.29045478,0.32070178,0.09900405,0.896094
0.702322416666675,1765050396.2048194,-0.057217885,1.5656985,-0.10341253,-0.2921467,0.3263354,0.10022948,0.89336973
0.7219453750000184,1765050396.2244422,-0.05836525,1.565088,-0.10291595,-0.29381236,0.33188102,0.101552606,0.89062697
0.7393226249999998,1765050396.2418196,-0.05939102,1.5646418,-0.10248017,-0.29475802,0.3363577,0.10241827,0.8885334
0.7612168333333216,1765050396.2637138,-0.060670853,1.5641539,-0.10194848,-0.29539585,0.3415226,0.10327933,0.88624877
0.7785942083333453,1765050396.2810912,-0.061493684,1.563758,-0.10154003,-0.29596755,0.34522203,0.104000315,0.88453877
0.797773750000033,1765050396.3002708,-0.062187098,1.5633042,-0.101045445,-0.29694137,0.34889197,0.10506755,0.8826443
0.8156885416667023,1765050396.3181856,-0.06269532,1.5628985,-0.10058197,-0.29789653,0.35210347,0.10623085,0.8809062
0.8324318749999975,1765050396.3349288,-0.06311798,1.5625904,-0.10020392,-0.29852375,0.35504162,0.10735598,0.8793768
0.8498200000000224,1765050396.3523169,-0.06355601,1.5623617,-0.09991593,-0.29885483,0.3580101,0.10852513,0.87791616
0.867346791666705,1765050396.3698437,-0.06401014,1.5621917,-0.09973469,-0.29903296,0.36085764,0.109580636,0.87655747
0.8847396666666896,1765050396.3872366,-0.06445789,1.5620503,-0.09962182,-0.2992404,0.36361778,0.11048702,0.8752313
0.9029685416666666,1765050396.4054656,-0.064926624,1.5619116,-0.09954201,-0.29945585,0.36651227,0.1112809,0.8738486
0.927565583333319,1765050396.4300625,-0.06559696,1.5617127,-0.09952487,-0.2997206,0.3704345,0.111919016,0.8720206
0.9449303333333319,1765050396.4474273,-0.06603098,1.5615327,-0.09952324,-0.3000375,0.3731178,0.11212185,0.8707406
0.9635952916667065,1765050396.4660923,-0.06642151,1.561269,-0.09949209,-0.30072007,0.3759051,0.11228557,0.86928403
0.9809868333333611,1765050396.4834838,-0.066764355,1.5609593,-0.09944819,-0.30167392,0.37845036,0.11241825,0.86783075
0.999081791666697,1765050396.5015788,-0.06713581,1.5606244,-0.099393964,-0.3027698,0.38106403,0.112339176,0.86631435
1.0164521250000007,1765050396.518949,-0.06752539,1.5603147,-0.09935163,-0.30356586,0.38358033,0.112169825,0.8649461
1.0339850833333344,1765050396.536482,-0.067908764,1.5600145,-0.09936633,-0.304043,0.38619122,0.11203876,0.86363274
1.0514630416666932,1765050396.55396,-0.06825352,1.5597242,-0.09940166,-0.3043081,0.38876918,0.111932114,0.8623956
1.068927791666681,1765050396.5714247,-0.068533994,1.5594299,-0.09939563,-0.30463228,0.3911238,0.11194075,0.8612145
1.0975422500000036,1765050396.6000392,-0.06877518,1.55897,-0.09929133,-0.3054034,0.39423427,0.1123932,0.8594625
1.1154109583333707,1765050396.617908,-0.06883507,1.5587662,-0.099225834,-0.3056439,0.39586288,0.11292972,0.8585576
1.1325171249999926,1765050396.635014,-0.068888955,1.5586644,-0.09920999,-0.30553582,0.39726657,0.113364525,0.8578901
1.1635528333333696,1765050396.6660497,-0.06896114,1.5587195,-0.09941742,-0.30432585,0.399635,0.113722906,0.8571725
1.181098916666656,1765050396.683596,-0.06897974,1.5588553,-0.099592775,-0.3034316,0.4008856,0.11357771,0.8569248
1.1988059166666858,1765050396.7013028,-0.068958856,1.5590574,-0.099755295,-0.30263644,0.40199235,0.113138266,0.85674554
1.2161994583333353,1765050396.7186964,-0.068873405,1.5593132,-0.099896304,-0.30195773,0.4028951,0.11267624,0.85662186
1.233713875000035,1765050396.7362108,-0.06866503,1.5596672,-0.10001875,-0.3013108,0.40357465,0.11229156,0.8565803
1.2603300416666912,1765050396.762827,-0.06810236,1.5603395,-0.1000833,-0.30023426,0.40421858,0.11184168,0.85671353
1.2777502916666776,1765050396.7802472,-0.06757784,1.5608507,-0.09999986,-0.29930845,0.40445802,0.11163002,0.8569521
1.295021625000004,1765050396.7975185,-0.06694279,1.5614213,-0.09980453,-0.29816142,0.40462336,0.11147871,0.8572934
1.3122994583333707,1765050396.8147964,-0.066251755,1.562083,-0.09953798,-0.2965832,0.40485302,0.11135419,0.85774857
1.3288635000000113,1765050396.8313603,-0.06556902,1.5628114,-0.09926958,-0.29437646,0.40517402,0.11118302,0.8583791
1.3455761666666604,1765050396.848073,-0.06484413,1.5635976,-0.098983616,-0.29163635,0.4055749,0.11098905,0.85914993
1.3632057083333393,1765050396.8657026,-0.063996315,1.5644317,-0.09860439,-0.28865573,0.4060627,0.110908926,0.85993606
1.3805901666667069,1765050396.8830872,-0.06305819,1.5652114,-0.09809462,-0.28615454,0.40652502,0.11086358,0.8605592
1.3980547916666524,1765050396.9005518,-0.062019635,1.5659435,-0.097449325,-0.28426227,0.40681535,0.11077136,0.8610609
1.4154218749999927,1765050396.917919,-0.06098461,1.5666665,-0.09676667,-0.2825953,0.40699267,0.11061777,0.86154544
1.4394569583333237,1765050396.941954,-0.059712887,1.5678042,-0.0959744,-0.2793177,0.407378,0.11011258,0.8624963
1.4583834166666634,1765050396.9608803,-0.05883646,1.5688094,-0.095458366,-0.27602762,0.40771055,0.10960356,0.8634627
1.4758616249999932,1765050396.9783585,-0.058025837,1.5697122,-0.09496618,-0.2731334,0.40782014,0.1093704,0.86436045
1.4940297916666623,1765050396.9965267,-0.05719185,1.5705925,-0.09441288,-0.27035487,0.40782002,0.10936719,0.86523396
1.5115210833333208,1765050397.014018,-0.05647555,1.5714235,-0.09387756,-0.26749727,0.4080588,0.109443106,0.8659996
1.5288552083333684,1765050397.0313523,-0.05587864,1.572248,-0.09338643,-0.26423934,0.40864033,0.1094668,0.86672235
1.546376291666661,1765050397.0488732,-0.055324554,1.5730247,-0.09289709,-0.26112175,0.40928122,0.109337,0.8673809
1.564074875000017,1765050397.066572,-0.054739475,1.5736572,-0.09234695,-0.25886545,0.4097707,0.10916953,0.8678471
1.5817561666667075,1765050397.084253,-0.05416994,1.5741612,-0.09178504,-0.2571546,0.41020328,0.109090924,0.8681612
1.6014678750000257,1765050397.1039648,-0.053668022,1.5747106,-0.09125922,-0.25491723,0.4109144,0.10886238,0.8685134
1.6307332083333677,1765050397.1332302,-0.053128242,1.575515,-0.09066358,-0.2512031,0.41228577,0.10805645,0.8690462
1.6481843333333472,1765050397.1506813,-0.052825738,1.5759207,-0.09034297,-0.24954613,0.41298717,0.10747291,0.8692628
1.6655361666666977,1765050397.1680331,-0.052550793,1.5762713,-0.09006738,-0.24815556,0.4136006,0.106875025,0.86944294
1.6820522500000266,1765050397.184549,-0.052349567,1.5765837,-0.089867026,-0.24679177,0.4141895,0.10629345,0.86962205
1.6988559166666732,1765050397.2013528,-0.052192688,1.576866,-0.08972224,-0.24545492,0.41483584,0.1058639,0.8697447
1.7162411666666912,1765050397.218738,-0.052060604,1.5770967,-0.08962208,-0.24423754,0.4154971,0.105564356,0.8698082
1.7338543333333405,1765050397.2363513,-0.051980592,1.5773001,-0.08958899,-0.2431221,0.41610438,0.105175756,0.8698774
1.7511060416666737,1765050397.253603,-0.051910877,1.57746,-0.08960749,-0.2422366,0.41658115,0.10456552,0.86996984
1.7678284583333266,1765050397.2703254,-0.05181103,1.5775672,-0.089651234,-0.2415814,0.4168903,0.10400084,0.87007165
1.7849322499999971,1765050397.287429,-0.051688768,1.5776408,-0.08972642,-0.24109544,0.41705337,0.10357592,0.87017894
1.8016410000000178,1765050397.304138,-0.05156851,1.5776906,-0.08981611,-0.24077378,0.41708118,0.103156246,0.8703045
1.8319020416666945,1765050397.334399,-0.05141573,1.5777547,-0.08999099,-0.24032195,0.41726953,0.10231141,0.8704389
1.848436333333325,1765050397.3509333,-0.051360607,1.5777785,-0.09009507,-0.24011247,0.41743577,0.10194856,0.87045956
1.8657848750000312,1765050397.3682818,-0.051305294,1.5778011,-0.090218425,-0.23990224,0.41751817,0.10166282,0.8705114
1.8825487500000122,1765050397.3850458,-0.05125656,1.5778275,-0.09034834,-0.23974307,0.41752452,0.1014018,0.8705827
1.9006850416666907,1765050397.403182,-0.05120659,1.5778747,-0.09049247,-0.23961657,0.41747314,0.10117821,0.8706681
1.9192789583333365,1765050397.4217758,-0.051162243,1.5779488,-0.090654984,-0.23939317,0.41746402,0.10105477,0.8707483
1.9367021250000107,1765050397.439199,-0.051134586,1.5780252,-0.09081619,-0.2392747,0.41746876,0.10087568,0.87079936
1.9644707500000322,1765050397.4669678,-0.051044084,1.5781173,-0.09103871,-0.2396456,0.41740105,0.10054614,0.87076783
1.9814988749999998,1765050397.483996,-0.050988007,1.5781404,-0.09119096,-0.24002658,0.4172605,0.10031844,0.87075657
1.999204708333366,1765050397.5017016,-0.05091219,1.5781261,-0.09136388,-0.24049602,0.41696545,0.100194074,0.8707827
2.0170457500000225,1765050397.5195427,-0.050760746,1.5780466,-0.09150995,-0.24127986,0.41645947,0.10035729,0.87078923
2.034500000000037,1765050397.5369968,-0.050528906,1.5778912,-0.09160888,-0.24251312,0.41576815,0.1007257,0.87073445
2.0614384166667037,1765050397.5639353,-0.05011177,1.5776063,-0.09169866,-0.24486381,0.41468754,0.10147351,0.87050503
2.078465499999993,1765050397.5809624,-0.04992056,1.5775287,-0.09181313,-0.24554999,0.41421834,0.10186145,0.87048984
2.095856875000038,1765050397.5983539,-0.049794007,1.577523,-0.091985226,-0.24570435,0.41390076,0.10205483,0.87057465
2.1133118333333414,1765050397.6158087,-0.049664974,1.5775118,-0.09215429,-0.24592291,0.41362503,0.1022658,0.87061924
2.1314434166666842,1765050397.6339405,-0.049482822,1.5774641,-0.09229422,-0.24650389,0.41316423,0.102582276,0.8706365
2.148991333333356,1765050397.6514883,-0.049295902,1.5774138,-0.09241239,-0.24730079,0.4125219,0.102918446,0.87067544
2.166520750000018,1765050397.6690178,-0.049155235,1.5773959,-0.09255037,-0.24795896,0.41180328,0.10320064,0.870795
2.191036166666663,1765050397.6935332,-0.049040318,1.5773956,-0.09280054,-0.24838704,0.41080648,0.10344075,0.8711153
2.208812249999994,1765050397.7113092,-0.048995018,1.5773685,-0.09300799,-0.24869722,0.41005063,0.10355642,0.8713692
2.2263081250000027,1765050397.728805,-0.048957445,1.5773191,-0.09320422,-0.24907608,0.40938315,0.1036548,0.871563
2.243772750000005,1765050397.7462697,-0.048932552,1.5772773,-0.09339404,-0.24943912,0.4088136,0.10370182,0.87172097
2.260630875000004,1765050397.7631278,-0.04895878,1.5772662,-0.09362272,-0.24951482,0.40835783,0.10363573,0.87192076
2.2779796250000004,1765050397.7804766,-0.049077988,1.5773141,-0.093968466,-0.24897869,0.4079499,0.1034815,0.8722832
2.2947661666667045,1765050397.7972631,-0.049273968,1.5773902,-0.09441187,-0.24814644,0.4074612,0.10313215,0.87279004
2.312165041666674,1765050397.814662,-0.049506664,1.5774024,-0.09492205,-0.24768944,0.40672952,0.102646686,0.87331814
2.3324565416666587,1765050397.8349535,-0.049737453,1.5772314,-0.095526576,-0.2480588,0.4055798,0.10242615,0.8737738
2.3577842916666896,1765050397.8602812,-0.04991722,1.5766616,-0.09626829,-0.24979936,0.40390366,0.10332707,0.8739483
2.3753127916666585,1765050397.8778098,-0.05003643,1.5761181,-0.09683166,-0.2512715,0.40278295,0.10451028,0.8739028
2.3937047083333596,1765050397.8962016,-0.050166894,1.5754541,-0.09745888,-0.25323287,0.40146467,0.10584999,0.8737819
2.4113519166666606,1765050397.9138489,-0.0503047,1.5747534,-0.09808679,-0.25555214,0.40014818,0.10717776,0.8735487
2.429143333333343,1765050397.9316404,-0.050509453,1.574072,-0.09877276,-0.2578779,0.39891553,0.108340636,0.87328553
2.446678208333367,1765050397.9491751,-0.050815582,1.5734718,-0.09949785,-0.25989676,0.39787802,0.1093092,0.8730396
2.4638429166666924,1765050397.9663398,-0.051182747,1.572949,-0.100274764,-0.26162997,0.39697242,0.11024278,0.8728168
2.492339958333332,1765050397.9948368,-0.051818848,1.5721905,-0.10177422,-0.26414245,0.39526984,0.111561656,0.87266517
2.5102297916666885,1765050398.0127268,-0.052218724,1.5717758,-0.102868386,-0.2655504,0.39376542,0.11207882,0.87285167
2.529465916666652,1765050398.0319629,-0.05265999,1.5713607,-0.10420099,-0.2668022,0.3917416,0.11240847,0.87333804
2.5470068333333415,1765050398.0495038,-0.05310011,1.5710416,-0.10556467,-0.2677633,0.38956174,0.11269504,0.87398183
2.564697625000008,1765050398.0671947,-0.05356407,1.5707407,-0.10709309,-0.26855445,0.38703766,0.11312732,0.87480426
2.58208350000001,1765050398.0845804,-0.053999424,1.5704081,-0.10872332,-0.26941165,0.3842828,0.11376468,0.8756721
2.6029301250000003,1765050398.105427,-0.05447178,1.5699381,-0.11076379,-0.27090174,0.38081542,0.11475073,0.876598
2.6239653750000116,1765050398.1264622,-0.054926872,1.5694113,-0.11290994,-0.27284092,0.3772277,0.1156485,0.8774294
2.641382125000007,1765050398.1438792,-0.055340864,1.5689968,-0.114812195,-0.27436733,0.37414268,0.1161388,0.87820923
2.6590482083333313,1765050398.1615453,-0.05580759,1.5686044,-0.116916955,-0.27567998,0.37099302,0.11653475,0.8790815
2.6777677916666676,1765050398.1802647,-0.056352235,1.5681986,-0.11935154,-0.27694908,0.36773756,0.11700944,0.8799869
2.694917916666668,1765050398.1974149,-0.056875706,1.567802,-0.121720254,-0.27816093,0.36490527,0.11746862,0.8807223
2.7126357083333232,1765050398.2151327,-0.057433225,1.5673383,-0.124262616,-0.2796267,0.3622445,0.118070856,0.8812758
2.7301025416666675,1765050398.2325995,-0.058006763,1.5668294,-0.12685609,-0.28121468,0.359851,0.11867664,0.88166964
2.75611466666669,1765050398.2586117,-0.058918,1.5659852,-0.13100027,-0.2835566,0.35651118,0.11929454,0.8821928
2.773594875000015,1765050398.2760918,-0.059544086,1.5653894,-0.13399644,-0.28494516,0.35437745,0.11977463,0.88254
2.792023625000013,1765050398.2945206,-0.060166836,1.5646979,-0.13724613,-0.28670362,0.35215706,0.12036437,0.882779
2.8102603333333604,1765050398.3127573,-0.060738087,1.5639368,-0.14048335,-0.28891397,0.3501093,0.121085204,0.8827743
2.8282104583333307,1765050398.3307073,-0.06131792,1.5631704,-0.14369881,-0.29132238,0.348401,0.12186165,0.8825518
2.8456864583333186,1765050398.3481834,-0.06196165,1.5624654,-0.14694688,-0.2934073,0.3471414,0.122551106,0.882262
2.8636556250000353,1765050398.3661525,-0.06272936,1.5617888,-0.15044679,-0.2951746,0.3462365,0.12304588,0.88195914
2.8812218749999943,1765050398.3837187,-0.06357002,1.5611552,-0.15399194,-0.29683238,0.34562904,0.12340683,0.8815905
2.9012006250000013,1765050398.4036975,-0.06460333,1.5604552,-0.15815686,-0.29867318,0.3452643,0.12392168,0.8810393
2.925767791666658,1765050398.4282649,-0.066019535,1.5596178,-0.16355972,-0.30040488,0.34527242,0.12477476,0.8803266
2.94353991666668,1765050398.4460368,-0.06719875,1.5590007,-0.16764282,-0.30095708,0.34580854,0.12568268,0.87979835
2.963297541666691,1765050398.4657946,-0.06865273,1.5582274,-0.17228957,-0.3013124,0.347214,0.12683935,0.8789567
2.9807434166666553,1765050398.4832404,-0.07001448,1.5574098,-0.17647116,-0.30190265,0.3492717,0.12774813,0.8778066
3.00127416666669,1765050398.503771,-0.07169085,1.5562596,-0.18150438,-0.30283222,0.3525574,0.12852064,0.8760584
3.025653416666671,1765050398.5281503,-0.07377672,1.5546191,-0.187732,-0.30399367,0.35722402,0.1289192,0.87370396
3.043477208333343,1765050398.5459743,-0.07532501,1.5532452,-0.192465,-0.30492646,0.36081013,0.12877445,0.8719249
3.0609296666666523,1765050398.5634267,-0.07681084,1.5517136,-0.19720228,-0.30624,0.364247,0.12843259,0.87008405
3.0784857083333463,1765050398.5809827,-0.07823944,1.549942,-0.20206031,-0.3080739,0.36746567,0.12818404,0.86811763
3.096031041666663,1765050398.598528,-0.07961321,1.5479369,-0.20702441,-0.31034094,0.37040752,0.12799421,0.8660856
3.113485791666676,1765050398.6159828,-0.08098936,1.5457504,-0.2120784,-0.31288552,0.3731054,0.12773272,0.8640482
3.1310934166666584,1765050398.6335905,-0.082455255,1.5433735,-0.21729226,-0.3155749,0.37563068,0.12716913,0.8620568
3.1486456666666527,1765050398.6511426,-0.083975315,1.5407693,-0.22259818,-0.31832883,0.37778476,0.12633617,0.86022353
3.1661147500000197,1765050398.6686118,-0.085463524,1.5379692,-0.227932,-0.32138032,0.3793493,0.12571089,0.8584902
3.190526208333324,1765050398.6930232,-0.087418556,1.5338618,-0.2352835,-0.326319,0.3806566,0.12566224,0.8560522
3.207924999999989,1765050398.710422,-0.08875656,1.5308235,-0.24035767,-0.33022797,0.38118935,0.126113,0.854248
3.2278132916666777,1765050398.7303102,-0.09030352,1.5272727,-0.24594714,-0.33488938,0.38141945,0.12673207,0.85223657
3.2453909583333598,1765050398.7478878,-0.09172726,1.5241178,-0.25066867,-0.33890492,0.3815082,0.12742011,0.8505051
3.262798666666697,1765050398.7652955,-0.09315014,1.5210071,-0.25507858,-0.34282398,0.3815832,0.12816346,0.84878737
3.2804179166666927,1765050398.7829149,-0.09454756,1.5179123,-0.25920892,-0.3469368,0.38174102,0.12910402,0.84690064
3.297926208333365,1765050398.8004231,-0.09589481,1.5149176,-0.2629382,-0.3510611,0.38221624,0.13036391,0.8447911
3.3156519583333193,1765050398.8181489,-0.09726267,1.5119992,-0.26634464,-0.3550619,0.38304025,0.1316055,0.8425504
3.3335620833333337,1765050398.836059,-0.09867173,1.5091851,-0.26945958,-0.3588654,0.384146,0.13273901,0.84025455
3.3606086666666783,1765050398.8631055,-0.100838,1.5052807,-0.27347353,-0.36443067,0.38600576,0.13398685,0.8368018
3.3780071666666913,1765050398.8805041,-0.102240086,1.5030438,-0.27566433,-0.3677214,0.38729745,0.13447751,0.834684
3.3978768750000086,1765050398.900374,-0.1038332,1.5007601,-0.27784246,-0.37097016,0.38904288,0.13489269,0.8323645
3.415351166666653,1765050398.917848,-0.105204105,1.498981,-0.2794603,-0.37352896,0.39073065,0.13519011,0.830379
3.4328643333333275,1765050398.9353614,-0.10651636,1.4973762,-0.28080297,-0.37595242,0.39254415,0.13550928,0.8283755
3.450400583333362,1765050398.9528975,-0.107746124,1.4959301,-0.28185454,-0.37823516,0.39468953,0.13601997,0.82623047
3.4675443749999886,1765050398.9700413,-0.108839035,1.49465,-0.28256637,-0.3807449,0.39712137,0.13671215,0.82379466
3.4933704166666644,1765050398.9958675,-0.11024761,1.492914,-0.2831455,-0.38516116,0.40104923,0.137818,0.81964415
3.511271666666687,1765050399.0137687,-0.11118698,1.4919341,-0.28346565,-0.38743287,0.40360764,0.13814647,0.8172589
3.5298656666666943,1765050399.0323627,-0.11224842,1.4911538,-0.2838414,-0.388625,0.40606296,0.13769597,0.81555086
3.54729979166666,1765050399.0497968,-0.113241196,1.4905181,-0.2841937,-0.38921073,0.40854576,0.13705288,0.8141387
3.5647518333333323,1765050399.0672488,-0.11412859,1.4899098,-0.28444722,-0.38998386,0.41113782,0.13657866,0.81254196
3.582290750000027,1765050399.0847876,-0.11487579,1.4893546,-0.28453043,-0.3910906,0.413464,0.13612224,0.8109046
3.60082062500004,1765050399.1033175,-0.11554432,1.4888567,-0.2845312,-0.39217797,0.4154035,0.13568033,0.809461
3.617708499999992,1765050399.1202054,-0.11611462,1.4885033,-0.28452417,-0.3927259,0.4167189,0.13511507,0.80861336
3.6348208750000026,1765050399.137318,-0.11663609,1.4882412,-0.2844158,-0.39307457,0.41756096,0.13438876,0.80813044
3.6627597916667014,1765050399.1652567,-0.11713934,1.4880234,-0.28401121,-0.39378783,0.41735372,0.1339081,0.80797
3.6802379583333504,1765050399.182735,-0.11721659,1.4881356,-0.2836794,-0.3940139,0.4161744,0.13417394,0.8084239
3.6976849583333546,1765050399.200182,-0.11720305,1.4885213,-0.28328475,-0.39371526,0.41446987,0.13439518,0.8094077
3.7150972499999853,1765050399.2175941,-0.11715937,1.489208,-0.2827908,-0.3927936,0.4125971,0.13441052,0.8108086
3.732501124999999,1765050399.234998,-0.11711245,1.490193,-0.28215742,-0.39133546,0.4108326,0.13425383,0.8124339
3.759591083333362,1765050399.262088,-0.11708241,1.492403,-0.28057843,-0.38810223,0.4088495,0.13356823,0.81509393
3.777327666666679,1765050399.2798247,-0.11710882,1.4941764,-0.2791685,-0.38556132,0.40839437,0.13259575,0.81668526
3.7949204999999893,1765050399.2974174,-0.117136,1.4961054,-0.27749395,-0.38307258,0.40854436,0.13118145,0.81800866
3.8123606249999966,1765050399.3148575,-0.117100716,1.4981313,-0.27556652,-0.38072684,0.40902463,0.12960996,0.8191137
3.8287818333333234,1765050399.3312788,-0.11697149,1.5001085,-0.27350563,-0.37880573,0.40949932,0.12814605,0.81999695
3.846468416666653,1765050399.3489654,-0.116714574,1.5022805,-0.27098006,-0.37715578,0.41008058,0.1267771,0.8206795
3.8638941250000016,1765050399.3663912,-0.116380215,1.504476,-0.26819342,-0.37569034,0.4107852,0.12562332,0.8211766
3.8814133333333416,1765050399.3839102,-0.116024494,1.5068051,-0.26520532,-0.37378561,0.4116545,0.12456133,0.82177204
3.9014047083333594,1765050399.4039016,-0.115587525,1.5096313,-0.26164058,-0.37075478,0.41266507,0.12357685,0.82278615
3.9244575833333215,1765050399.4269545,-0.11495209,1.5130194,-0.25727776,-0.36668932,0.41333747,0.12261484,0.8244129
3.9419249166666646,1765050399.4444218,-0.11437416,1.5156723,-0.25375706,-0.3635893,0.4137006,0.12195241,0.825701
3.9592762500000163,1765050399.4617732,-0.11378374,1.5183798,-0.25007373,-0.36030957,0.41423866,0.121124536,0.8269898
3.9773296250000385,1765050399.4798267,-0.11319571,1.521269,-0.24608281,-0.35649723,0.41490737,0.12020433,0.8284398
3.996255000000019,1765050399.4987519,-0.112570286,1.5243378,-0.24176924,-0.35202548,0.4156005,0.11943535,0.8301141
4.013727041666698,1765050399.516224,-0.11192942,1.5271512,-0.23762989,-0.34791732,0.41622177,0.11899251,0.83159703
4.033317166666677,1765050399.535814,-0.11111355,1.5302603,-0.23278098,-0.34378022,0.41705698,0.11866306,0.8329451
4.060437208333326,1765050399.5629342,-0.10987234,1.5343754,-0.22580191,-0.33879432,0.41822785,0.118176706,0.8344688
4.076844499999993,1765050399.5793414,-0.10908604,1.5367261,-0.2215572,-0.3357994,0.41863236,0.1179508,0.83550775
4.094171208333364,1765050399.5966682,-0.108226776,1.5390975,-0.21711367,-0.33268622,0.41866776,0.11771248,0.8367681
4.111618541666701,1765050399.6141155,-0.10735655,1.5413663,-0.21269451,-0.3296067,0.41847438,0.11752885,0.8381083
4.129017541666656,1765050399.6315145,-0.10652065,1.543529,-0.20837761,-0.3264396,0.41815874,0.11730565,0.8395355
4.146571583333355,1765050399.6490686,-0.105782606,1.5456167,-0.20419835,-0.32293725,0.4177793,0.11704514,0.8411137
4.1642815000000155,1765050399.6667786,-0.10512781,1.5476813,-0.20020737,-0.3188811,0.41727197,0.11664414,0.8429668
4.181757041666685,1765050399.684254,-0.10449171,1.5496788,-0.19646414,-0.31460282,0.4165158,0.11616408,0.8450121
4.199154125000007,1765050399.701651,-0.10380697,1.5515888,-0.19288766,-0.31045243,0.41553462,0.11572839,0.8470875
4.227153583333347,1765050399.7296505,-0.10259676,1.5544951,-0.18748736,-0.30392703,0.41342938,0.11482989,0.8505989
4.2445094583333685,1765050399.7470064,-0.10180235,1.5562632,-0.18440911,-0.29981753,0.41164926,0.11409843,0.8530157
4.261820041666681,1765050399.764317,-0.100943945,1.5579778,-0.18148935,-0.2957617,0.40956548,0.113434315,0.8555196
4.279329000000018,1765050399.781826,-0.09997988,1.5596006,-0.17861497,-0.2920052,0.40705794,0.11282865,0.858083
4.29684237500004,1765050399.7993393,-0.09890604,1.5611087,-0.17578606,-0.28853792,0.40414754,0.11234566,0.8606911
4.314398708333329,1765050399.8168957,-0.09773674,1.5625273,-0.17301063,-0.28509519,0.40100297,0.11216037,0.86332923
4.332082249999985,1765050399.8345792,-0.09649944,1.5638645,-0.17028455,-0.2814643,0.39773723,0.11231832,0.8660066
4.34950337500004,1765050399.8520002,-0.09525853,1.565087,-0.16768593,-0.27774462,0.39443102,0.11249272,0.8686929
4.366975500000024,1765050399.8694725,-0.09405737,1.5662823,-0.16516289,-0.27373284,0.39131433,0.11245901,0.87137616
4.397995958333354,1765050399.900493,-0.09198475,1.5682997,-0.16077128,-0.26660323,0.38611108,0.11273964,0.8758599
4.415509458333361,1765050399.9180064,-0.09085274,1.5693762,-0.15834004,-0.26282662,0.38320836,0.11298651,0.8782412
4.43294720833336,1765050399.935444,-0.08980465,1.5705012,-0.15599129,-0.25889984,0.3806701,0.113244034,0.88047534
4.452603041666691,1765050399.9551,-0.08871746,1.5718465,-0.15341115,-0.25426552,0.37839255,0.11357124,0.8827625
4.470040666666705,1765050399.9725375,-0.08780289,1.573058,-0.15115891,-0.25025937,0.37683654,0.11406503,0.88450754
4.494454458333337,1765050399.9969513,-0.086641215,1.5748428,-0.14810593,-0.24453543,0.3753055,0.11481894,0.8866593
4.511413416666699,1765050400.0139103,-0.08596039,1.5761396,-0.14605655,-0.24035217,0.37482882,0.11507135,0.8879711
4.528812291666668,1765050400.0313094,-0.08536196,1.577489,-0.14401683,-0.23590629,0.37493268,0.11520101,0.889102
4.546213666666688,1765050400.0487106,-0.08480024,1.5788413,-0.14200784,-0.23126309,0.3754454,0.11533539,0.89008754
4.5638949583333215,1765050400.066392,-0.08422756,1.580157,-0.13999307,-0.22678205,0.3761355,0.11538717,0.89094204
4.581320500000004,1765050400.0838175,-0.083648205,1.5813209,-0.1380511,-0.22294751,0.37689224,0.115486845,0.8915769
4.598901624999996,1765050400.1013985,-0.083042145,1.5823412,-0.1361371,-0.21967536,0.37771767,0.11574394,0.89200634
4.6162435833333575,1765050400.1187406,-0.08243847,1.5832045,-0.13430284,-0.21679886,0.37860826,0.116156414,0.8922789
4.633401833333323,1765050400.1358988,-0.081845574,1.5839576,-0.13258713,-0.21413875,0.3795262,0.11663393,0.892469
4.662988916666677,1765050400.1654859,-0.08084202,1.5850084,-0.12987706,-0.20995638,0.3812079,0.11755354,0.89262533
4.681051583333328,1765050400.1835485,-0.08023739,1.5854526,-0.12835556,-0.2078387,0.38221508,0.11806335,0.89262295
4.698822041666688,1765050400.201319,-0.07961493,1.5856887,-0.12692778,-0.20647554,0.38312793,0.11868089,0.892466
4.716236000000038,1765050400.218733,-0.07895165,1.585704,-0.125572,-0.20589605,0.38396987,0.11957158,0.8921191
4.733704333333321,1765050400.2362013,-0.078289986,1.585629,-0.124289244,-0.2055597,0.3848251,0.12040916,0.8917154
4.763625375000004,1765050400.2661223,-0.07722702,1.5854857,-0.122349426,-0.20501114,0.38661095,0.121244214,0.89095575
4.780982458333369,1765050400.2834795,-0.076601505,1.5853748,-0.121389315,-0.20472911,0.38749,0.12144011,0.890612
4.799046208333323,1765050400.3015432,-0.075947285,1.585263,-0.12053573,-0.20444858,0.3880515,0.12132305,0.8904479
4.815605833333336,1765050400.3181028,-0.075362496,1.5851885,-0.11986935,-0.20411447,0.38838273,0.12107171,0.89041436
4.83324862500001,1765050400.3357456,-0.07475948,1.5851476,-0.11928267,-0.20359945,0.3886478,0.12080573,0.89045274
4.850801458333365,1765050400.3532984,-0.07415781,1.5851327,-0.11880873,-0.20315623,0.38869628,0.12057506,0.890564
4.867718333333357,1765050400.3702152,-0.07352781,1.585109,-0.11841816,-0.20304863,0.38843706,0.120466724,0.8907164
4.893235458333322,1765050400.3957324,-0.07253685,1.585108,-0.11798371,-0.20321478,0.38750598,0.12067558,0.8910557
4.9113088750000315,1765050400.4138057,-0.07195168,1.5852678,-0.11786919,-0.20286041,0.38663036,0.12064001,0.89152145
4.932253041666684,1765050400.43475,-0.07145786,1.5856395,-0.117912814,-0.2019392,0.3855657,0.12005835,0.8922699
4.948669499999994,1765050400.4511664,-0.07114029,1.5859418,-0.11799049,-0.20148884,0.3846067,0.11945202,0.8928668
4.965513541666667,1765050400.4680104,-0.0708313,1.5862182,-0.11806862,-0.20136456,0.38346,0.1190352,0.8934435
4.982932500000004,1765050400.4854295,-0.07056236,1.586533,-0.11821197,-0.20109072,0.38222685,0.11875341,0.8940708
5.000392416666671,1765050400.5028894,-0.0704155,1.586908,-0.11844656,-0.200373,0.38091075,0.118149064,0.8948734
5.027274208333324,1765050400.529771,-0.07039881,1.5874386,-0.11896022,-0.19924875,0.37904233,0.11722136,0.89603907
5.044615249999993,1765050400.5471122,-0.07049608,1.5877302,-0.11938291,-0.19853182,0.37790954,0.11681123,0.89672995
5.062169333333372,1765050400.5646663,-0.07070189,1.5880213,-0.119893596,-0.19750586,0.37669715,0.116021395,0.89756876
5.079541375000019,1765050400.5820384,-0.07097626,1.5883157,-0.120438434,-0.1961979,0.3754232,0.11527792,0.8984847
5.097302333333346,1765050400.5997994,-0.07128191,1.5885652,-0.12097584,-0.19490418,0.3741735,0.11472105,0.89935845
5.115165458333365,1765050400.6176624,-0.07160912,1.5887381,-0.121446125,-0.19384323,0.37313944,0.114447065,0.90005195
5.132219625000005,1765050400.6347165,-0.07193165,1.5888062,-0.1218183,-0.193313,0.3723859,0.11442811,0.9004804
5.149678250000022,1765050400.6521752,-0.07225227,1.5887396,-0.122062765,-0.19344838,0.37181097,0.11465726,0.90065974
5.167162791666669,1765050400.6696599,-0.07253981,1.5885231,-0.12215432,-0.19441313,0.37133095,0.11518333,0.9005829
5.185904791666701,1765050400.6884017,-0.07289219,1.588212,-0.12220096,-0.19553374,0.37118748,0.1160979,0.90028197
5.204058000000032,1765050400.706555,-0.073394775,1.5879958,-0.122307695,-0.19583477,0.37169698,0.11693513,0.8998979
5.232595124999989,1765050400.7350922,-0.07435093,1.587669,-0.1225454,-0.19625047,0.3734113,0.11783104,0.89898026
5.258362874999989,1765050400.7608597,-0.07512283,1.5870583,-0.122561485,-0.19861051,0.37508288,0.11877878,0.89764035
5.276858750000031,1765050400.7793558,-0.075621895,1.5865507,-0.12257381,-0.20074084,0.37626967,0.119650826,0.89655334
5.293666958333347,1765050400.7961638,-0.07608366,1.5861613,-0.1226682,-0.20226285,0.37737748,0.120268546,0.89566255
5.3115911666666875,1765050400.814088,-0.07652884,1.5858057,-0.12284127,-0.2036549,0.37845123,0.12081528,0.89482003
5.328392500000007,1765050400.8308895,-0.07680893,1.585475,-0.1230331,-0.20505416,0.37915832,0.1213394,0.89413
5.345902625000008,1765050400.8483996,-0.07691336,1.5851123,-0.123200744,-0.20660535,0.37950334,0.121900946,0.89355
5.363249166666662,1765050400.865746,-0.076889135,1.5848192,-0.12342785,-0.20783807,0.37959284,0.12233414,0.8931667
5.380781791666664,1765050400.8832788,-0.076815605,1.5846169,-0.1237268,-0.2085129,0.37952226,0.12248367,0.89301896
5.399881999999991,1765050400.902379,-0.07669926,1.5844879,-0.12412673,-0.20884575,0.3792795,0.12244409,0.8930498
5.429498375000037,1765050400.9319954,-0.076336384,1.5843384,-0.12482605,-0.20935433,0.37833285,0.12230823,0.89335084
5.447032125000021,1765050400.9495292,-0.07601833,1.5842644,-0.12528053,-0.20967174,0.37735385,0.12222127,0.89370227
5.463764083333331,1765050400.9662611,-0.07568598,1.584194,-0.1257414,-0.21001248,0.376237,0.12211306,0.8941078
5.480480041666681,1765050400.982977,-0.075358965,1.5841438,-0.1262327,-0.21029481,0.37510872,0.12192389,0.8945412
5.4971482083333285,1765050400.9996452,-0.07506275,1.5841494,-0.12675615,-0.2103373,0.37413445,0.12168239,0.894972
5.514374166666698,1765050401.0168712,-0.07478094,1.5842042,-0.1273093,-0.21021955,0.37323955,0.12126213,0.8954303
5.532293708333327,1765050401.0347908,-0.07449913,1.5842762,-0.1278941,-0.210018,0.3722746,0.12063305,0.8959641
5.560993041666677,1765050401.06349,-0.07408028,1.5843809,-0.12881337,-0.20986144,0.37036186,0.11940404,0.8969576
5.578405541666655,1765050401.0809026,-0.073855974,1.5844114,-0.12935184,-0.20989901,0.36901295,0.11864925,0.8976046
5.5991480833333185,1765050401.101645,-0.07361708,1.5844074,-0.12994982,-0.21009529,0.36724406,0.11782892,0.8983919
5.629927916666702,1765050401.1324248,-0.07328987,1.5843145,-0.13072728,-0.21076164,0.36443108,0.116929896,0.8994981
5.647375124999996,1765050401.149872,-0.07315874,1.5842664,-0.13113213,-0.21118674,0.36279273,0.116409115,0.900128
5.669098291666671,1765050401.1715953,-0.07308149,1.5842447,-0.131618,-0.21149483,0.36076272,0.11565146,0.9009689
5.6950447083333415,1765050401.1975417,-0.073022656,1.584189,-0.13218747,-0.21187271,0.35857213,0.115248464,0.9018058
5.713325791666705,1765050401.2158227,-0.073014736,1.5841007,-0.1325342,-0.21219996,0.35728475,0.115335226,0.90222865
5.730898875000037,1765050401.2333958,-0.0730319,1.5839757,-0.13281357,-0.21270888,0.35627756,0.11553931,0.9024809
5.757277375000001,1765050401.2597744,-0.07306671,1.5836223,-0.13309564,-0.2142243,0.35515696,0.116113424,0.9024905
5.7747022500000185,1765050401.2771993,-0.07311344,1.5832797,-0.13323888,-0.21553324,0.3546489,0.11670912,0.9023018
5.7946190000000115,1765050401.297116,-0.07321024,1.5828258,-0.13337445,-0.21716735,0.35435522,0.117648475,0.9019033
5.812248208333358,1765050401.3147452,-0.07329922,1.5823393,-0.13341562,-0.2190451,0.35434932,0.1186689,0.9013176
5.831308874999991,1765050401.3338058,-0.07337838,1.581806,-0.13343996,-0.2211643,0.35455766,0.11987125,0.90055877
5.860021708333363,1765050401.3625185,-0.073587894,1.5812234,-0.13361856,-0.22323166,0.35504934,0.12107379,0.89969367
5.877712750000001,1765050401.3802097,-0.07371998,1.5809636,-0.1337882,-0.2240347,0.3552285,0.12149081,0.89936703
5.8975672916666895,1765050401.4000642,-0.073800564,1.5807006,-0.13397309,-0.22488116,0.35527316,0.12193228,0.8990784
5.915285041666664,1765050401.417782,-0.07381964,1.5804684,-0.1341084,-0.22566085,0.3553282,0.12238233,0.8988001
5.932854041666701,1765050401.435351,-0.07381516,1.5802608,-0.13423324,-0.22634864,0.35544595,0.12280434,0.898523
5.96257700000001,1765050401.465074,-0.07371741,1.5800191,-0.13449572,-0.22724406,0.35548025,0.12310211,0.8982426
5.978972999999996,1765050401.4814699,-0.0736125,1.5799416,-0.13466904,-0.2276293,0.35525262,0.1231559,0.8982277
5.996341708333318,1765050401.4988387,-0.07348156,1.579901,-0.13488053,-0.22781876,0.354921,0.12320519,0.898304
6.013781541666674,1765050401.5162785,-0.0733428,1.5798938,-0.13509825,-0.2279021,0.35463604,0.12327181,0.8983863
6.031319041666677,1765050401.533816,-0.073197365,1.5798849,-0.1353,-0.22803263,0.35447538,0.123297594,0.898413
6.048887500000035,1765050401.5513844,-0.07305288,1.5798665,-0.13548452,-0.22821833,0.3544536,0.1232221,0.8983848
6.066457666666679,1765050401.5689547,-0.072908975,1.5798378,-0.13565615,-0.22838551,0.35450625,0.123154074,0.89833087
6.09440970833333,1765050401.5969067,-0.07264805,1.5797882,-0.13588828,-0.2287074,0.3546211,0.12328501,0.8981857
6.111777000000018,1765050401.614274,-0.07247305,1.579793,-0.13601428,-0.22877797,0.35465643,0.123297736,0.898152
6.1300346250000075,1765050401.6325316,-0.07228136,1.5798829,-0.13614899,-0.22849599,0.35466108,0.123217575,0.898233
6.147423041666684,1765050401.64992,-0.07205963,1.580028,-0.13625832,-0.22795883,0.35470226,0.12323686,0.89835054
6.165372458333366,1765050401.6678693,-0.07180434,1.5801995,-0.13633464,-0.2273076,0.35482204,0.12325169,0.89846617
6.1827429583333355,1765050401.68524,-0.07154369,1.5803472,-0.1363692,-0.22681157,0.35510185,0.123300016,0.8984744
6.200151124999991,1765050401.7026482,-0.07124358,1.5804788,-0.1363924,-0.22635885,0.35546777,0.12350034,0.89841634
6.229827666666665,1765050401.7323246,-0.07069588,1.5808401,-0.13652258,-0.22506057,0.35594726,0.12346064,0.89855814
6.247230791666652,1765050401.7497277,-0.07037306,1.581101,-0.13663532,-0.22412388,0.35626495,0.12321864,0.8986996
6.265366000000029,1765050401.767863,-0.07000303,1.5813352,-0.13673362,-0.22338009,0.35662267,0.12302452,0.89876944
6.284594749999997,1765050401.7870917,-0.069551945,1.5815306,-0.13682257,-0.22289366,0.3569525,0.12282294,0.89878684
6.301989541666671,1765050401.8044865,-0.0690918,1.581677,-0.1369046,-0.22273904,0.35713306,0.12250947,0.8987962
6.327927291666697,1765050401.8304243,-0.06829643,1.5818591,-0.13704303,-0.2226934,0.35719907,0.12200249,0.89885026
6.345450666666693,1765050401.8479476,-0.06768799,1.5819631,-0.13714296,-0.22282021,0.35707197,0.12178631,0.89889866
6.364159000000029,1765050401.866656,-0.066982746,1.582046,-0.13726802,-0.22305503,0.35665324,0.121705785,0.8990176
6.381817041666693,1765050401.884314,-0.06630087,1.5821383,-0.1374386,-0.22313364,0.35602582,0.12159407,0.8992618
6.399493833333338,1765050401.901991,-0.06563568,1.5822545,-0.13765904,-0.2229736,0.35537162,0.121526904,0.8995693
6.427058166666654,1765050401.9295552,-0.06464606,1.5824685,-0.13808686,-0.22238621,0.35443944,0.12140595,0.9000986
6.444514041666707,1765050401.947011,-0.064052105,1.582614,-0.13838315,-0.221948,0.35396442,0.12112684,0.9004313
6.463301208333348,1765050401.9657981,-0.0634244,1.5828137,-0.138732,-0.22135335,0.35348764,0.12061403,0.90083367
6.480757833333371,1765050401.983255,-0.062847614,1.5830697,-0.13912347,-0.2204751,0.3529464,0.11987427,0.9013599
6.498782666666671,1765050402.0012796,-0.062256336,1.5833547,-0.13958555,-0.21942022,0.35230267,0.118961625,0.9019898
6.516167250000024,1765050402.0186641,-0.06167078,1.5835598,-0.14003512,-0.21869315,0.35166436,0.11824281,0.90250987
6.533866499999988,1765050402.0363634,-0.061054517,1.5836673,-0.14046668,-0.21834326,0.35112986,0.11772811,0.9028699
6.561266499999988,1765050402.0637634,-0.060136795,1.5837193,-0.14104953,-0.21836537,0.3505943,0.11703494,0.9031627
6.580226541666661,1765050402.0827236,-0.05952263,1.5837531,-0.14147873,-0.21834435,0.35023624,0.116479486,0.90337855
6.597911583333371,1765050402.1004086,-0.058930397,1.5837805,-0.14191434,-0.21829721,0.34981823,0.11602366,0.9036105
6.615311625000004,1765050402.1178086,-0.058318138,1.5838053,-0.14236614,-0.2182793,0.3492842,0.11562772,0.9038722
6.632069166666668,1765050402.134566,-0.057714462,1.5838313,-0.14282238,-0.21829073,0.34870592,0.11516982,0.9041511
6.661529625000014,1765050402.1640265,-0.05663061,1.583876,-0.1436575,-0.21834229,0.3477551,0.11422879,0.90462404
6.679070541666704,1765050402.1815674,-0.05597639,1.5839214,-0.1442067,-0.21811801,0.34721434,0.11376638,0.9049441
6.695932958333344,1765050402.1984298,-0.055351257,1.5839912,-0.14479284,-0.21773094,0.3466211,0.1133099,0.90532196
6.714992625000036,1765050402.2174895,-0.05462885,1.5840557,-0.14548197,-0.21732561,0.3459548,0.112903,0.90572494
6.7319479999999885,1765050402.2344449,-0.053996943,1.584065,-0.14609696,-0.21700236,0.34552532,0.11262544,0.906001
6.76184437500001,1765050402.2643414,-0.05293875,1.5841093,-0.14737035,-0.21563195,0.3455109,0.11171497,0.9064462
6.7792996250000215,1765050402.2817967,-0.052321434,1.5841141,-0.14815722,-0.21485056,0.34586397,0.111031726,0.9065811
6.799422583333353,1765050402.3019195,-0.05151701,1.5840373,-0.14904046,-0.21447907,0.34639037,0.11048672,0.9065347
6.816791333333356,1765050402.3192883,-0.050761223,1.583946,-0.14980838,-0.21436708,0.3468216,0.11005429,0.90644884
6.8342274166666925,1765050402.3367243,-0.04996376,1.5838634,-0.15060519,-0.21428744,0.34728733,0.10949802,0.9063567
6.860862999999995,1765050402.36336,-0.048609257,1.5835948,-0.15183115,-0.21491376,0.34791216,0.10880433,0.9060523
6.878311750000023,1765050402.3808086,-0.047588825,1.5832375,-0.1526146,-0.21607542,0.3482017,0.10875551,0.9056705
6.89567787499999,1765050402.3981748,-0.04646635,1.5827141,-0.15335909,-0.21808076,0.34839997,0.10892798,0.9050928
6.912960333333331,1765050402.4154572,-0.045296192,1.58209,-0.15410668,-0.22052383,0.34869474,0.10939357,0.9043308
6.9302829583333505,1765050402.43278,-0.04415512,1.5815237,-0.15498619,-0.22233869,0.34910598,0.10994724,0.9036604
6.9478505000000155,1765050402.4503474,-0.043086052,1.5810841,-0.15605384,-0.2231289,0.3494939,0.11005073,0.903303
6.965282833333333,1765050402.4677799,-0.04203272,1.580682,-0.15719873,-0.22362213,0.34990096,0.110001855,0.9030293
6.993505000000027,1765050402.496002,-0.04012251,1.579853,-0.1590472,-0.2255043,0.35062724,0.110380605,0.90223306
7.010916916666702,1765050402.513414,-0.038848877,1.5792742,-0.16021101,-0.22706501,0.351141,0.11071194,0.90160096
7.02835920833337,1765050402.5308561,-0.03756571,1.5786893,-0.16143636,-0.22857945,0.3518489,0.11091859,0.90091664
7.045862916666692,1765050402.5483599,-0.03628836,1.578081,-0.16275302,-0.23004876,0.35280937,0.11114193,0.90013915
7.0630239583333605,1765050402.565521,-0.03501892,1.5774469,-0.16411194,-0.23149776,0.35390687,0.111407794,0.8993036
7.080809625000029,1765050402.5833066,-0.033652782,1.5767658,-0.16556102,-0.23309049,0.3551381,0.11166809,0.898374
7.099040666666667,1765050402.6015377,-0.032192517,1.5760822,-0.16708457,-0.23471619,0.3564651,0.111939766,0.89739084
7.125631125000041,1765050402.628128,-0.030039886,1.5751956,-0.16942206,-0.2365509,0.35875294,0.1121337,0.895972
7.14333883333336,1765050402.6458359,-0.028689384,1.5747024,-0.17106168,-0.23722424,0.36075884,0.112185754,0.89498156
7.1607047083333555,1765050402.6632016,-0.027414132,1.5742533,-0.17269148,-0.23782876,0.36304477,0.11215451,0.89390004
7.178278708333323,1765050402.6807756,-0.026103783,1.5738056,-0.17433572,-0.23856486,0.36555687,0.11221716,0.89267135
7.195696666666663,1765050402.6981936,-0.024775505,1.5733626,-0.17595923,-0.2392867,0.36817393,0.11245338,0.8913719
7.213108666666699,1765050402.7156057,-0.023459435,1.5729403,-0.17760241,-0.23980406,0.37088373,0.11267388,0.8900808
7.230982666666705,1765050402.7334797,-0.02215271,1.5725513,-0.17930669,-0.24002574,0.37375677,0.112788156,0.88880384
7.263665124999989,1765050402.7661622,-0.019835472,1.5717926,-0.18237187,-0.24031468,0.37943035,0.11318576,0.88626766
7.295410583333364,1765050402.7979076,-0.017503738,1.5708098,-0.18508361,-0.24168824,0.385627,0.114355035,0.8830637
7.313274458333353,1765050402.8157713,-0.016178608,1.5702233,-0.18649487,-0.24272352,0.38929358,0.114889674,0.8810994
7.330949708333321,1765050402.8334467,-0.014906406,1.5696793,-0.18781455,-0.24363087,0.3930956,0.11518606,0.87912
7.360770791666653,1765050402.8632677,-0.012926102,1.5689315,-0.18979274,-0.24492535,0.40019065,0.1150983,0.87556344
7.382233916666678,1765050402.8847308,-0.011578083,1.5684206,-0.1909646,-0.24568272,0.40586245,0.11509069,0.87273693
7.400094208333371,1765050402.9025912,-0.0104959505,1.5679847,-0.19176051,-0.24616121,0.41095886,0.11525224,0.8701921
7.416459083333336,1765050402.918956,-0.0095644,1.5675973,-0.19234383,-0.24632005,0.41596076,0.11536792,0.86775184
7.433851833333335,1765050402.9363487,-0.008710384,1.5671449,-0.19281437,-0.2461965,0.42170966,0.115428105,0.8649998
7.461046416666704,1765050402.9635434,-0.0075745583,1.5664232,-0.19319046,-0.24602732,0.43176997,0.11573314,0.86002964
7.478556375000039,1765050402.9810534,-0.0069135637,1.5659971,-0.19319482,-0.24633807,0.43869075,0.11598826,0.8563963
7.495422458333337,1765050402.9979193,-0.006319046,1.5656515,-0.19306426,-0.24694388,0.4454239,0.11643058,0.8526782
7.512335041666688,1765050403.014832,-0.0057547586,1.5653911,-0.19283545,-0.24773145,0.45212412,0.11721904,0.84880656
7.529631750000021,1765050403.0321288,-0.005206108,1.565229,-0.1925247,-0.24857514,0.4588743,0.118269175,0.8447823
7.546254208333323,1765050403.048751,-0.004720688,1.5651529,-0.19222578,-0.24929495,0.46520963,0.119343914,0.8409453
7.564234166666665,1765050403.0667312,-0.004271984,1.5651665,-0.19193973,-0.24983352,0.47174743,0.12032957,0.83699363
7.58364612500003,1765050403.086143,-0.0038261414,1.565333,-0.19165115,-0.25012648,0.47831568,0.12120752,0.8330424
7.60107554166666,1765050403.1035726,-0.0033984184,1.5655767,-0.19140902,-0.25026557,0.48365384,0.12201865,0.8297936
7.626811500000031,1765050403.1293085,-0.002688408,1.5660721,-0.19109194,-0.25040975,0.4902523,0.123053625,0.82571507
7.645426458333361,1765050403.1479235,-0.0021904006,1.5665411,-0.19093671,-0.24982065,0.49424368,0.12358098,0.82343215
7.664107999999999,1765050403.166605,-0.0017476082,1.5670441,-0.19084637,-0.24869956,0.49774286,0.12395241,0.8216059
7.6814725833333455,1765050403.1839695,-0.0013494492,1.5674572,-0.19077352,-0.24774784,0.5005082,0.12435645,0.82015115
7.699020625000003,1765050403.2015176,-0.0009279251,1.5677804,-0.1906655,-0.24725355,0.5027622,0.12483674,0.8188477
7.71697800000004,1765050403.219475,-0.0005002022,1.5680182,-0.19050524,-0.24724062,0.50454885,0.12534976,0.8176735
7.7341667916666665,1765050403.2366638,-0.00011854317,1.5681877,-0.19029579,-0.2475378,0.5058779,0.12598608,0.8166639
7.7633259583333825,1765050403.265823,0.0003209114,1.5683653,-0.18978499,-0.24827622,0.5075067,0.12764555,0.81517017
7.780357583333341,1765050403.2828546,0.00043964386,1.5684935,-0.189463,-0.24851783,0.50812924,0.12873028,0.81453794
7.799540666666701,1765050403.3020377,0.00039100647,1.5687449,-0.1891076,-0.24843754,0.50867385,0.12955157,0.81409216
7.819286791666684,1765050403.3217838,0.00013780594,1.56912,-0.18871933,-0.24805671,0.5091974,0.12990595,0.8138245
7.837337083333352,1765050403.339834,-0.00021362305,1.5695628,-0.18835296,-0.24735019,0.5096898,0.13023084,0.8136793
7.863958708333314,1765050403.3664556,-0.0008420944,1.5702657,-0.18773781,-0.24585673,0.5102166,0.13086483,0.8137001
7.881492916666673,1765050403.3839898,-0.0013164491,1.570714,-0.18721843,-0.24492922,0.5103762,0.1309681,0.8138631
7.898932666666667,1765050403.4014297,-0.001861474,1.5711691,-0.1866025,-0.24382117,0.51055,0.13081595,0.81411123
7.916289124999992,1765050403.418786,-0.0024719238,1.5716202,-0.18588944,-0.24258898,0.5108409,0.13053814,0.8143414
7.934192833333384,1765050403.4366899,-0.0031528473,1.5720525,-0.18505906,-0.24138403,0.5111791,0.13023858,0.81453514
7.96125970833333,1765050403.4637566,-0.0042028427,1.5726161,-0.18361922,-0.23954107,0.51144886,0.12975699,0.81498665
7.978621499999974,1765050403.4811184,-0.004916668,1.5729481,-0.18259332,-0.23825063,0.51146895,0.12929916,0.8154249
7.995307791666676,1765050403.4978046,-0.005671978,1.5732715,-0.18155089,-0.23701522,0.5114862,0.12881576,0.81585056
8.01310616666666,1765050403.515603,-0.0065663354,1.5736325,-0.18040301,-0.23573664,0.51147026,0.12832353,0.81630844
8.031198791666668,1765050403.5336957,-0.0075707436,1.5740454,-0.17921788,-0.23452005,0.51136845,0.12778336,0.8168072
8.053810208333346,1765050403.556307,-0.008965015,1.5746143,-0.17769021,-0.23279743,0.51125497,0.12691332,0.8175063
8.071307916666626,1765050403.5738049,-0.010074426,1.5750071,-0.17642598,-0.23160501,0.5111368,0.12631108,0.81801206
8.09264724999997,1765050403.5951443,-0.011406422,1.5753555,-0.17476562,-0.23070206,0.5109195,0.12594321,0.8184596
8.10998145833338,1765050403.6124785,-0.012518406,1.5755686,-0.17335562,-0.23024675,0.51069504,0.12581646,0.8187473
8.12745395833332,1765050403.629951,-0.013711551,1.5757586,-0.1719233,-0.22968931,0.5104013,0.1256697,0.8191094
8.144814458333315,1765050403.6473114,-0.014931679,1.575914,-0.1704616,-0.2290445,0.5100279,0.12548628,0.8195507
8.164382791666696,1765050403.6668797,-0.016346265,1.576023,-0.16872634,-0.22838908,0.5096631,0.12536633,0.8199787
8.181855624999969,1765050403.6843526,-0.017697811,1.5760605,-0.16712192,-0.22775972,0.5095277,0.12538393,0.82023525
8.198758250000026,1765050403.7012553,-0.019087791,1.5760709,-0.1655295,-0.22719873,0.50960493,0.12543786,0.82033455
8.215370291666716,1765050403.7178671,-0.020514011,1.5760783,-0.16392419,-0.22674963,0.5098067,0.12541787,0.8203365
8.232836333333296,1765050403.7353332,-0.02203827,1.5761296,-0.16221024,-0.2264255,0.51003534,0.12528457,0.8203043
8.260606791666703,1765050403.7631037,-0.024469852,1.5762397,-0.15944162,-0.22639818,0.51012284,0.12533966,0.820249
8.278224999999964,1765050403.780722,-0.026022911,1.5762559,-0.15766495,-0.22653851,0.50996786,0.12553875,0.8202762
8.295980250000014,1765050403.7984772,-0.027582267,1.5762421,-0.15585545,-0.22678699,0.50970876,0.12585072,0.8203207
8.312754291666636,1765050403.8152514,-0.028988361,1.5761834,-0.15411432,-0.22733171,0.50928783,0.12640688,0.8203459
8.330954250000048,1765050403.8334513,-0.030467033,1.5761106,-0.15221837,-0.22800164,0.5085618,0.12695263,0.8205261
8.348364083333365,1765050403.850861,-0.03192854,1.5761065,-0.15039197,-0.22822437,0.507649,0.12713733,0.8210007
8.372303041666726,1765050403.8748,-0.034017373,1.5761751,-0.14790976,-0.22817561,0.5059986,0.12698682,0.8220557
8.397505458333342,1765050403.9000025,-0.036165237,1.5761988,-0.145351,-0.22821483,0.5038227,0.12711267,0.8233608
8.414981833333343,1765050403.9174788,-0.037611008,1.5761682,-0.14355782,-0.22844058,0.5022077,0.1272867,0.82425743
8.432535833333361,1765050403.9350328,-0.039051533,1.5761132,-0.14177975,-0.22865218,0.5005706,0.12738198,0.8251794
8.45980779166672,1765050403.9623048,-0.041299343,1.5760288,-0.13904634,-0.22882229,0.49816507,0.12753704,0.8265628
8.477447750000067,1765050403.9799447,-0.04285431,1.5760665,-0.13731825,-0.22839089,0.49675754,0.12734392,0.82755846
8.494932750000032,1765050403.9974296,-0.04447031,1.5761533,-0.13564166,-0.22765815,0.4954116,0.12695213,0.82862663
8.512349416666723,1765050404.0148463,-0.046052743,1.5761738,-0.13394077,-0.22733742,0.49403888,0.12662657,0.8295836
8.53295104166665,1765050404.035448,-0.047799684,1.576042,-0.1318428,-0.22774088,0.4923054,0.12662289,0.83050346
8.550405541666635,1765050404.0529025,-0.04936123,1.5758922,-0.13001393,-0.22823477,0.49078777,0.12662952,0.8312648
8.56737958333332,1765050404.0698764,-0.051025867,1.5757895,-0.12823643,-0.2285049,0.48931006,0.12630358,0.8321108
8.596681541666669,1765050404.0991786,-0.054033566,1.5757288,-0.12522712,-0.22842188,0.48685366,0.12546484,0.8336998
8.61488454166664,1765050404.1173816,-0.05591488,1.5756824,-0.123367205,-0.22835995,0.48522016,0.1251515,0.83471566
8.632604166666681,1765050404.135101,-0.057741165,1.5756165,-0.12158215,-0.22836906,0.4835521,0.12484979,0.8357257
8.661018625000054,1765050404.1635156,-0.060652733,1.5754797,-0.11866532,-0.22876605,0.48092642,0.12443305,0.8371931
8.678455750000069,1765050404.1809528,-0.062435437,1.5753949,-0.11681755,-0.22915792,0.4793844,0.124228016,0.8380003
8.695893166666735,1765050404.19839,-0.064229965,1.5753145,-0.11493907,-0.229572,0.477786,0.12401744,0.83883065
8.71328295833331,1765050404.21578,-0.06605368,1.5752399,-0.113048784,-0.22996256,0.47610536,0.12378568,0.83971304
8.73302345833332,1765050404.2355204,-0.06814432,1.5751382,-0.11088274,-0.23041204,0.474227,0.12366714,0.84066963
8.750214999999969,1765050404.252712,-0.06994772,1.5750043,-0.108947106,-0.23093219,0.47261766,0.123706535,0.8414271
8.767870166666683,1765050404.2703671,-0.07179194,1.5748261,-0.1069145,-0.23168859,0.47089583,0.12357163,0.8422039
8.785197624999967,1765050404.2876947,-0.0736022,1.5746495,-0.10490334,-0.23247655,0.46905816,0.123276085,0.8430551
8.802581583333392,1765050404.3050785,-0.07539606,1.5744722,-0.102869265,-0.23325829,0.46699858,0.123083025,0.8440103
8.829470708333304,1765050404.3319676,-0.078145504,1.5742116,-0.09967482,-0.23425238,0.4635534,0.12292886,0.8456551
8.846658416666685,1765050404.3491554,-0.079946995,1.5741003,-0.09763819,-0.23452151,0.46133974,0.12266949,0.84682786
8.864180708333322,1765050404.3666778,-0.08183461,1.5740117,-0.095571354,-0.23452713,0.459165,0.12228474,0.848063
8.881698916666721,1765050404.3841958,-0.08374071,1.5739053,-0.093483314,-0.2345124,0.4570503,0.12190604,0.8492631
8.899166666666645,1765050404.4016635,-0.0856204,1.5737345,-0.09136292,-0.2347922,0.45486912,0.12155433,0.85040647
8.917694083333402,1765050404.420191,-0.0875824,1.5734712,-0.08907832,-0.23537368,0.4524493,0.12127637,0.8515755
8.93504466666667,1765050404.4375417,-0.08940496,1.57316,-0.08691778,-0.23598556,0.45014796,0.12112601,0.8526465
8.961281291666694,1765050404.4637783,-0.09227991,1.572613,-0.083584726,-0.23652457,0.44668305,0.12051436,0.8544042
8.978615666666713,1765050404.4811127,-0.094237804,1.5721316,-0.08138451,-0.23672074,0.44454506,0.120029904,0.8555324
8.995270791666655,1765050404.4977677,-0.09614115,1.5715245,-0.07931904,-0.23668087,0.44264266,0.119566746,0.856594
9.012826083333323,1765050404.515323,-0.09814358,1.5707351,-0.0771932,-0.2364461,0.4407041,0.11897247,0.8577404
9.030983124999977,1765050404.5334802,-0.10014439,1.5697365,-0.07507789,-0.23601653,0.43873224,0.11837452,0.85895145
9.048459041666717,1765050404.550956,-0.10200959,1.5685997,-0.07312582,-0.23543493,0.43691945,0.11777606,0.86011654
9.065883208333332,1765050404.56838,-0.1038394,1.5673335,-0.07123244,-0.23472388,0.43527028,0.11707758,0.86124176
9.083488375000059,1765050404.5859854,-0.1056447,1.5659636,-0.06937702,-0.23419987,0.4337603,0.11637871,0.8622403
9.10114470833338,1765050404.6036417,-0.10736942,1.5645367,-0.067551084,-0.23418143,0.43239275,0.11585931,0.8630018
9.12693095833339,1765050404.629428,-0.10969877,1.5624982,-0.064938605,-0.234961,0.43061903,0.11540501,0.86373734
9.144280833333312,1765050404.6467779,-0.11116486,1.5612483,-0.06322343,-0.23561603,0.4294715,0.11522185,0.8641546
9.161066333333395,1765050404.6635633,-0.11250525,1.5601711,-0.061613716,-0.23620626,0.42841744,0.11505821,0.8645384
9.178421291666666,1765050404.6809182,-0.11379862,1.5591846,-0.060006887,-0.2367702,0.427433,0.11495589,0.8648849
9.195259125000064,1765050404.697756,-0.114953995,1.5583278,-0.058504544,-0.2372982,0.42660508,0.11498477,0.86514515
9.212717291666706,1765050404.7152143,-0.11607056,1.5575589,-0.057031244,-0.23769677,0.42584783,0.1151652,0.8653847
9.230868874999999,1765050404.7333658,-0.11716032,1.5568821,-0.05560101,-0.23789237,0.42510954,0.115384795,0.8656647
9.248341499999981,1765050404.7508385,-0.118170075,1.5563016,-0.054321174,-0.23794544,0.42437637,0.11566753,0.86597204
9.267024666666714,1765050404.7695217,-0.1192153,1.5557305,-0.053054195,-0.23781128,0.42360443,0.11595417,0.86634845
9.304539583333337,1765050404.8070366,-0.121114254,1.5546342,-0.05070734,-0.23735987,0.42268956,0.11682273,0.8668023
9.325903291666634,1765050404.8284001,-0.122011185,1.5540125,-0.049398158,-0.23761909,0.42260185,0.11743883,0.86669075
9.343278666666663,1765050404.8457756,-0.122691445,1.5535995,-0.048363008,-0.23786832,0.42257607,0.11771116,0.866598
9.360517791666723,1765050404.8630147,-0.12336874,1.5533197,-0.047423914,-0.23770212,0.4225717,0.117844805,0.8666276
9.37755337499999,1765050404.8800504,-0.12403231,1.5531538,-0.046611622,-0.23710923,0.42260346,0.117958814,0.866759
9.394668416666661,1765050404.8971653,-0.12466478,1.5530397,-0.045870878,-0.23646933,0.4226831,0.11819877,0.86686236
9.412226041666656,1765050404.914723,-0.12525034,1.5529177,-0.045140646,-0.23609307,0.42284516,0.11865422,0.8668236
9.429892708333398,1765050404.9323897,-0.12578154,1.5527682,-0.0444149,-0.23603037,0.4231873,0.119261615,0.8665903
9.447787791666713,1765050404.9502847,-0.12629509,1.5525904,-0.04370772,-0.23622212,0.4237282,0.11986891,0.8661899
9.465587791666678,1765050404.9680848,-0.12681007,1.5524087,-0.043060683,-0.23639931,0.42452598,0.12037191,0.865681
9.499504166666668,1765050405.002001,-0.12776566,1.5521029,-0.0419817,-0.23649062,0.42658776,0.12099355,0.8645551
9.526359041666694,1765050405.028856,-0.12838078,1.5518116,-0.041177183,-0.23697121,0.42833197,0.12116022,0.86353725
9.54377366666671,1765050405.0462706,-0.1287239,1.5515913,-0.040678293,-0.2374646,0.42946392,0.12123779,0.86282825
9.561728625000057,1765050405.0642257,-0.12907505,1.5513699,-0.040213767,-0.2378095,0.4306707,0.12132257,0.86211956
9.579184416666692,1765050405.0816815,-0.1293993,1.5511663,-0.039808825,-0.23802519,0.43182173,0.121481046,0.86146176
9.598218791666625,1765050405.1007156,-0.12972479,1.5509338,-0.039415807,-0.23823929,0.43298694,0.12167612,0.86078984
9.615577458333348,1765050405.1180744,-0.13000584,1.5507145,-0.03909731,-0.23849009,0.43398684,0.12176954,0.86020344
9.633046791666686,1765050405.1355438,-0.13031578,1.5504923,-0.038792457,-0.23883748,0.43493915,0.121753946,0.85962814
9.660020833333363,1765050405.1625178,-0.13085032,1.5501251,-0.038409375,-0.2396612,0.43629807,0.12168848,0.858719
9.677574375000006,1765050405.1800714,-0.13125648,1.549844,-0.038271274,-0.24039839,0.437042,0.121643715,0.8581409
9.697808333333398,1765050405.2003052,-0.13183527,1.5494461,-0.038280234,-0.24142398,0.43765655,0.121586785,0.8575475
9.715120291666665,1765050405.2176173,-0.13244486,1.5490057,-0.03846376,-0.24260946,0.43787906,0.12163259,0.8570928
9.73251129166664,1765050405.2350082,-0.1331892,1.5484443,-0.038848985,-0.24416731,0.43780306,0.12184898,0.8566584
9.765355041666623,1765050405.267852,-0.1350706,1.5469275,-0.040224094,-0.24856666,0.43647137,0.122555666,0.8559716
9.782832499999984,1765050405.2853293,-0.13635778,1.5458658,-0.041319374,-0.251994,0.43520346,0.12364287,0.85545856
9.81384241666666,1765050405.3163395,-0.13921785,1.5436422,-0.04396165,-0.259445,0.43248016,0.12701625,0.8541171
9.831190749999962,1765050405.3336878,-0.14123096,1.5422753,-0.045891676,-0.26385966,0.43071732,0.12902805,0.8533536
9.848699791666661,1765050405.3511968,-0.14355879,1.5408092,-0.048152808,-0.2684519,0.4288813,0.1309727,0.85254943
9.866263958333377,1765050405.3687608,-0.14613228,1.5392698,-0.050666224,-0.2732839,0.42712718,0.13299482,0.8515812
9.88925362499998,1765050405.3917506,-0.14980412,1.5371597,-0.0542671,-0.28006977,0.4248956,0.1353151,0.85012615
9.90676112500006,1765050405.4092581,-0.15282631,1.5355195,-0.05725053,-0.28548717,0.42293125,0.13637929,0.849133
9.926568791666625,1765050405.4290657,-0.15649013,1.5336456,-0.06093626,-0.2913551,0.42042273,0.13712463,0.8482651
9.944145916666628,1765050405.4466429,-0.15992165,1.5319264,-0.064454064,-0.2960143,0.41818255,0.13770737,0.8476647
9.96149766666673,1765050405.4639947,-0.16347818,1.530154,-0.06810946,-0.30015293,0.41616264,0.13828288,0.84710956
9.979014500000005,1765050405.4815114,-0.16729832,1.5282626,-0.07199736,-0.30393973,0.41422963,0.13881133,0.8466202
9.996737916666632,1765050405.499235,-0.17140608,1.5261887,-0.076162696,-0.30742452,0.4121246,0.13920055,0.84632534
10.014448749999985,1765050405.5169456,-0.17572832,1.5238806,-0.080565535,-0.31062353,0.40969518,0.1394267,0.8462996
10.03230779166671,1765050405.5348048,-0.18024397,1.5212606,-0.08515297,-0.31365076,0.40708375,0.13974135,0.8463914
10.050605166666685,1765050405.553102,-0.18497753,1.5182573,-0.08994265,-0.3167083,0.40451154,0.14040363,0.8463764
10.06788616666671,1765050405.570383,-0.1894865,1.5151265,-0.09453885,-0.3197592,0.40222687,0.14136618,0.84615785
10.089758041666698,1765050405.592255,-0.19515991,1.5107522,-0.10041725,-0.3241835,0.39937532,0.14287032,0.84557223
10.10725045833334,1765050405.6097474,-0.19968605,1.5069662,-0.105210476,-0.32784376,0.3970333,0.14404894,0.8450638
10.126105125000038,1765050405.628602,-0.20459795,1.5026147,-0.1105331,-0.3310301,0.39466262,0.14507627,0.84475636
10.143884833333402,1765050405.6463819,-0.20924091,1.4981964,-0.11569867,-0.33364692,0.39254966,0.14601761,0.8445492
10.16315270833337,1765050405.6656497,-0.21412992,1.4931101,-0.121291295,-0.3369194,0.39006764,0.14705926,0.8442192
10.18049554166663,1765050405.6829925,-0.21832418,1.4883783,-0.12623435,-0.34033385,0.38759023,0.14788648,0.8438461
10.198814208333317,1765050405.701311,-0.22256546,1.4832933,-0.13139707,-0.343876,0.3849144,0.14871582,0.843489
10.225448458333346,1765050405.7279453,-0.2284112,1.4758875,-0.13879596,-0.3481219,0.38139293,0.14979318,0.8431563
10.243262833333404,1765050405.7457597,-0.23201609,1.4710681,-0.1435262,-0.35089502,0.3793393,0.15055269,0.8427978
10.261192041666675,1765050405.763689,-0.23533964,1.4664153,-0.14801608,-0.3541189,0.37728965,0.15127176,0.8422405
10.278634625000052,1765050405.7811315,-0.23828363,1.4621031,-0.15215024,-0.3573799,0.3751448,0.15165384,0.84175235
10.296000208333396,1765050405.7984972,-0.24092913,1.4580755,-0.15606219,-0.36033732,0.3729673,0.15194853,0.8414059
10.312780208333322,1765050405.815277,-0.24319506,1.4544928,-0.15961891,-0.3629307,0.3708822,0.1521964,0.8411682
10.33040304166667,1765050405.8329,-0.24527407,1.4511274,-0.16306779,-0.36551327,0.36874887,0.15241666,0.8409479
10.348249208333357,1765050405.8507462,-0.24707747,1.4481297,-0.16618615,-0.36781263,0.36672625,0.15255538,0.8408047
10.365664291666633,1765050405.8681612,-0.24852133,1.4456439,-0.1688411,-0.36970693,0.36490893,0.1527523,0.8407288
10.382842124999968,1765050405.885339,-0.24961567,1.4436655,-0.1711182,-0.37131503,0.3631656,0.15300392,0.84072924
10.400064958333303,1765050405.902562,-0.2503934,1.4421937,-0.17307515,-0.3727923,0.3613236,0.15330705,0.84081393
10.428869666666685,1765050405.9313667,-0.2510085,1.4409219,-0.17564961,-0.37472552,0.35800213,0.15381853,0.84128183
10.446297041666696,1765050405.948794,-0.25095063,1.4409314,-0.17672677,-0.3755432,0.35600516,0.15418652,0.8416971
10.463693208333382,1765050405.96619,-0.25055742,1.4415164,-0.17737524,-0.37634447,0.3540837,0.15454035,0.8420848
10.48133337500002,1765050405.9838305,-0.24984217,1.442642,-0.17760386,-0.37732318,0.3522025,0.15469013,0.8424082
10.498740416666635,1765050406.0012374,-0.24886417,1.4442755,-0.17744036,-0.37818602,0.3505959,0.15461525,0.84270513
10.516153333333307,1765050406.0186503,-0.24766159,1.4464092,-0.17697726,-0.3785046,0.34927598,0.15440553,0.8431485
10.533411374999957,1765050406.0359082,-0.24626732,1.4489465,-0.17630617,-0.377975,0.3479953,0.154136,0.8439646
10.561242749999963,1765050406.0637398,-0.24342918,1.45372,-0.17461835,-0.3755481,0.345906,0.1542765,0.8458791
10.578136874999984,1765050406.0806339,-0.24145651,1.4569136,-0.17319176,-0.37367067,0.34477332,0.15453854,0.8471242
10.597536166666657,1765050406.100033,-0.23904781,1.4607985,-0.17116603,-0.3714061,0.3437416,0.15479709,0.848491
10.615203666666673,1765050406.1177006,-0.2366972,1.4644738,-0.16894764,-0.36941442,0.34289294,0.15511703,0.84964466
10.632682750000015,1765050406.1351798,-0.23418283,1.4681919,-0.16641915,-0.36752716,0.3421581,0.15559731,0.85067093
10.661745041666734,1765050406.164242,-0.22991037,1.4745917,-0.1614884,-0.3639306,0.3426162,0.15506932,0.852128
10.679186541666638,1765050406.1816835,-0.22748804,1.4786204,-0.15818131,-0.36116764,0.34417373,0.15295759,0.853057
10.696043833333363,1765050406.1985407,-0.22515202,1.4825811,-0.15479486,-0.35832432,0.34602255,0.14998835,0.85403484
10.713826500000039,1765050406.2163234,-0.222507,1.4866779,-0.15101397,-0.35554585,0.34792832,0.14692415,0.854954
10.731885791666684,1765050406.2343829,-0.21956597,1.4906266,-0.14696252,-0.35312098,0.3498493,0.1444729,0.8555925
10.760885416666667,1765050406.2633824,-0.21455145,1.4963977,-0.14019893,-0.34976783,0.35332453,0.14100783,0.8561197
10.778308708333327,1765050406.2808056,-0.21148396,1.4996306,-0.1360234,-0.34774745,0.3557841,0.13888061,0.85627186
10.795763291666674,1765050406.2982602,-0.20839845,1.5027096,-0.13180114,-0.3456105,0.35839206,0.13680145,0.85638404
10.813320416666727,1765050406.3158174,-0.20528936,1.5055851,-0.12754798,-0.34331158,0.36112067,0.13483039,0.8564752
10.831704083333364,1765050406.334201,-0.20211391,1.5083578,-0.123139806,-0.34078658,0.3642242,0.13298355,0.8564581
10.852400708333391,1765050406.3548977,-0.19863568,1.5112325,-0.11826588,-0.33783963,0.3679943,0.13090388,0.8563344
10.869900250000057,1765050406.3723972,-0.19572811,1.5134965,-0.11422395,-0.3353605,0.37134102,0.12911692,0.8561354
10.891687458333365,1765050406.3941844,-0.19215441,1.516114,-0.10933251,-0.33212188,0.37568602,0.12715098,0.8557965
10.909902124999974,1765050406.412399,-0.1892252,1.5181154,-0.105409086,-0.32913557,0.37929386,0.12555793,0.85559404
10.927315833333353,1765050406.429813,-0.18646611,1.5198692,-0.10178548,-0.32621288,0.38252726,0.12398366,0.8555034
10.944798666666713,1765050406.4472957,-0.18372965,1.5214773,-0.09817565,-0.32368115,0.38552833,0.122548625,0.8553246
10.961520874999962,1765050406.4640179,-0.18111134,1.5228659,-0.09474562,-0.32169214,0.3882995,0.1216879,0.8549442
10.979040999999995,1765050406.481538,-0.1783762,1.5241791,-0.09125881,-0.3198075,0.3911295,0.1212593,0.85442203
10.9990057083333,1765050406.5015028,-0.17540465,1.5255874,-0.08752986,-0.3173009,0.39424717,0.12087926,0.8539774
11.029391875000044,1765050406.5318887,-0.17119074,1.5276963,-0.08232119,-0.31281576,0.39867145,0.12059428,0.85361844
11.046296541666663,1765050406.5487936,-0.16893636,1.5287634,-0.07960058,-0.31059217,0.40094218,0.120850496,0.8533305
11.063710041666639,1765050406.566207,-0.16677819,1.5298449,-0.076953754,-0.30818826,0.4032308,0.1211196,0.85308546
11.081382499999961,1765050406.5838795,-0.16484432,1.5309817,-0.0744371,-0.30525324,0.4056174,0.121033125,0.8530216
11.109822124999994,1765050406.612319,-0.16224575,1.5327252,-0.07068698,-0.2999206,0.40980887,0.12052271,0.85298216
11.127351625000017,1765050406.6298485,-0.16085911,1.5336733,-0.068475544,-0.29677445,0.4125648,0.120238885,0.85279405
11.144743291666657,1765050406.6472402,-0.15960293,1.5345482,-0.06629891,-0.2940363,0.41542572,0.11985528,0.85240763
11.162273458333345,1765050406.6647704,-0.1584816,1.5353938,-0.064128146,-0.2914645,0.41859266,0.11933429,0.85181445
11.179806874999997,1765050406.682304,-0.15753698,1.5361898,-0.062009774,-0.28896707,0.42190138,0.118565254,0.85114014
11.199988375000032,1765050406.7024853,-0.15668516,1.5370497,-0.05970037,-0.28597784,0.4257256,0.1173329,0.85041595
11.227375958333312,1765050406.729873,-0.15584211,1.5381685,-0.056869693,-0.28141862,0.43069723,0.11571546,0.84965485
11.24420850000007,1765050406.7467055,-0.15543298,1.5387578,-0.055269063,-0.27883396,0.43338025,0.115104176,0.8492256
11.261609791666672,1765050406.7641068,-0.15507746,1.5392826,-0.053704537,-0.27650848,0.43573576,0.11475821,0.84882736
11.279050416666735,1765050406.7815473,-0.15481977,1.5398198,-0.05226399,-0.27411547,0.43784422,0.114414476,0.8485649
11.296492291666652,1765050406.7989893,-0.15465641,1.5403777,-0.050956167,-0.2715683,0.439772,0.1139471,0.8484499
11.314577000000043,1765050406.817074,-0.15450583,1.5409076,-0.049693793,-0.26904997,0.4414775,0.11343899,0.8484345
11.332027708333328,1765050406.8345246,-0.1543312,1.5413258,-0.048544873,-0.2669849,0.4427536,0.11303757,0.8484755
11.349530708333361,1765050406.8520277,-0.15418749,1.5416622,-0.04742406,-0.26517022,0.443658,0.112535715,0.8486389
11.367230125000049,1765050406.8697271,-0.15411949,1.5419674,-0.046363287,-0.26337636,0.4443079,0.111754365,0.8489607
11.393630958333404,1765050406.896128,-0.15404749,1.5423793,-0.045019157,-0.2608905,0.4449562,0.110864855,0.8495052
11.4115260833334,1765050406.914023,-0.15395164,1.5426056,-0.04425235,-0.25958267,0.44500726,0.11059671,0.8499139
11.430549583333402,1765050406.9330466,-0.1538186,1.5427889,-0.043539125,-0.25874352,0.44462353,0.110433966,0.8503917
11.44748962500006,1765050406.9499867,-0.15376167,1.5429673,-0.04303035,-0.258131,0.4440322,0.11027096,0.85090774
11.46608529166673,1765050406.9685822,-0.15386724,1.5432745,-0.042676095,-0.25713184,0.443386,0.109989315,0.8515835
11.497571666666715,1765050407.0000687,-0.15429258,1.5439551,-0.04242502,-0.25506577,0.4423657,0.109901465,0.85274595
11.515183874999991,1765050407.017681,-0.15457249,1.5443673,-0.042367052,-0.25395682,0.4417829,0.10998612,0.8533679
11.53268225000005,1765050407.0351791,-0.15490532,1.5448091,-0.04236737,-0.25266477,0.44130474,0.1098302,0.8540187
11.561439416666701,1765050407.0639365,-0.15549926,1.5455695,-0.04243333,-0.25017193,0.44112802,0.10898355,0.8549518
11.578997625,1765050407.0814946,-0.15591507,1.5459434,-0.042491566,-0.24876776,0.4413748,0.1081454,0.8553405
11.596012250000001,1765050407.0985093,-0.1563344,1.5462047,-0.04255917,-0.24760869,0.44181734,0.10730539,0.8555541
11.613494249999974,1765050407.115991,-0.15675354,1.5463581,-0.042633153,-0.24660783,0.442386,0.10652119,0.8556473
11.632164208333336,1765050407.1346612,-0.1572032,1.5464159,-0.042672217,-0.2459546,0.44296575,0.10556608,0.8556538
11.658241916666668,1765050407.160739,-0.15775423,1.5463188,-0.042638425,-0.2459479,0.44366747,0.104503796,0.8554225
11.676300666666691,1765050407.1787977,-0.15801363,1.54611,-0.042594183,-0.24655958,0.44396338,0.10434422,0.8551123
11.693667625000046,1765050407.1961646,-0.15814447,1.5457916,-0.042548645,-0.24768221,0.44388434,0.10466787,0.8547893
11.711167999999986,1765050407.213665,-0.15821552,1.5454241,-0.042509254,-0.24920851,0.4435812,0.1050981,0.85445017
11.729045083333347,1765050407.231542,-0.15835275,1.5451227,-0.04255187,-0.2502109,0.44347066,0.10544994,0.8541713
11.746529708333298,1765050407.2490268,-0.15860987,1.5448899,-0.042651117,-0.25053713,0.44357103,0.10562535,0.8540018
11.764076541666725,1765050407.2665734,-0.15889454,1.5446402,-0.04277419,-0.25075316,0.44363064,0.105823986,0.85388285
11.78111691666669,1765050407.283614,-0.15909873,1.5443581,-0.042920027,-0.2513134,0.44340056,0.10618407,0.8537929
11.798566041666675,1765050407.301063,-0.15923385,1.5440392,-0.04309185,-0.2521495,0.44294643,0.106741965,0.85371256
11.816024625000011,1765050407.3185215,-0.15932465,1.5437305,-0.043305498,-0.2529738,0.44243369,0.107424,0.853649
11.83357345833332,1765050407.3360703,-0.15937757,1.5434561,-0.043575443,-0.25370127,0.44194323,0.107924275,0.8536241
11.862279458333376,1765050407.3647764,-0.1594677,1.5431261,-0.044082813,-0.25476506,0.4412474,0.10823826,0.8536275
11.879722916666708,1765050407.3822198,-0.15953398,1.5429814,-0.04440269,-0.25538972,0.4407989,0.10835909,0.8536572
11.897255708333375,1765050407.3997526,-0.15962029,1.5428638,-0.044731792,-0.2559712,0.44032702,0.10843874,0.8537165
11.915226750000045,1765050407.4177237,-0.1597352,1.5427611,-0.04506939,-0.25645405,0.4399239,0.108524434,0.85376847
11.932937166666704,1765050407.435434,-0.15984917,1.5426458,-0.04537678,-0.25695536,0.439647,0.108653255,0.853744
11.961169125000026,1765050407.4636662,-0.15992641,1.5423898,-0.045685362,-0.25802043,0.4395228,0.10907176,0.8534334
11.978560291666724,1765050407.4810572,-0.15994243,1.5421927,-0.045820486,-0.2587802,0.43960342,0.10933965,0.8531274
11.995521791666704,1765050407.4980187,-0.15996408,1.5419942,-0.045967817,-0.2594662,0.4396823,0.10950298,0.8528574
12.01246420833337,1765050407.5149612,-0.1599927,1.541806,-0.046134293,-0.26006815,0.43968722,0.109586164,0.8526609
12.030534291666697,1765050407.5330312,-0.16001749,1.5415965,-0.04630924,-0.26070732,0.4396801,0.109705776,0.85245395
12.059282958333313,1765050407.56178,-0.1600319,1.5412982,-0.04649544,-0.26176497,0.4399643,0.11005215,0.8519383
12.076371666666716,1765050407.5788686,-0.16005039,1.5411571,-0.0465922,-0.262263,0.4402742,0.11015137,0.8516122
12.093555708333326,1765050407.5960526,-0.16008615,1.5410423,-0.046706885,-0.26262763,0.4405683,0.110086955,0.851356
12.110968333333346,1765050407.6134653,-0.16013412,1.5409459,-0.046844244,-0.26288623,0.440848,0.10988795,0.8511571
12.12819641666664,1765050407.6306934,-0.16018534,1.540857,-0.0469885,-0.26300403,0.4411214,0.10972292,0.85100037
12.145185541666649,1765050407.6476824,-0.16022234,1.5407646,-0.047107447,-0.26311892,0.4413781,0.109611735,0.850846
12.16218012500002,1765050407.6646771,-0.16024446,1.5406622,-0.047194485,-0.26331434,0.4416426,0.10950913,0.8506615
12.179639125000051,1765050407.682136,-0.16025238,1.5405525,-0.04725571,-0.26361617,0.4419674,0.10949245,0.85040146
12.198767583333336,1765050407.7012646,-0.16024256,1.5404066,-0.047284864,-0.26410532,0.44237256,0.10956307,0.8500299
12.226766250000026,1765050407.7292633,-0.16018237,1.540159,-0.047250737,-0.26528585,0.44295165,0.109635934,0.84935105
12.244243375000053,1765050407.7467403,-0.16011696,1.5400214,-0.047184292,-0.26607683,0.44325095,0.10972269,0.8489361
12.26429454166663,1765050407.7667916,-0.16003323,1.5399246,-0.047098164,-0.26666075,0.44363323,0.10982003,0.8485406
12.281166708333387,1765050407.7836637,-0.15993023,1.5398692,-0.04701294,-0.26705503,0.44396275,0.110043064,0.8482153
12.298883583333293,1765050407.8013806,-0.15975237,1.5397837,-0.046884563,-0.26769096,0.44421923,0.110602334,0.8478077
12.329734624999958,1765050407.8322315,-0.15939836,1.5395947,-0.046659775,-0.26905152,0.4444744,0.11180787,0.8470848
12.361407124999971,1765050407.863904,-0.15931368,1.5394921,-0.0466453,-0.2698001,0.44478634,0.11267409,0.8465681
12.378562333333377,1765050407.8810594,-0.15932274,1.539473,-0.046755344,-0.26998344,0.44477567,0.11311315,0.84645665
12.397115083333404,1765050407.899612,-0.15934019,1.5394504,-0.04694865,-0.2701477,0.44452748,0.11347865,0.8464857
12.414715083333306,1765050407.917212,-0.15939045,1.5394243,-0.047161844,-0.27031353,0.44425458,0.11354533,0.8465671
12.432177999999965,1765050407.934675,-0.15947485,1.5393753,-0.04738625,-0.27050224,0.44403976,0.11345891,0.8466311
12.460672833333376,1765050407.9631698,-0.1595869,1.5391991,-0.04777412,-0.27110058,0.44354793,0.11356072,0.8466839
12.47750529166666,1765050407.9800022,-0.15965319,1.5390577,-0.048026755,-0.2714969,0.44309956,0.11355562,0.8467924
12.497565291666717,1765050408.0000622,-0.15975963,1.5388584,-0.048345316,-0.2719365,0.44246018,0.113486044,0.8469949
12.514970583333309,1765050408.0174675,-0.159863,1.538636,-0.04860666,-0.27240187,0.44188294,0.113537885,0.8471398
12.532436583333322,1765050408.0349336,-0.15995502,1.5383458,-0.048831727,-0.27310908,0.44130218,0.11372593,0.84718955
12.560877666666727,1765050408.0633745,-0.15998125,1.5377266,-0.049098726,-0.27483466,0.4402598,0.114348345,0.84709007
12.578281125000046,1765050408.0807781,-0.15999174,1.5373163,-0.04921181,-0.27606142,0.43978032,0.11491513,0.84686357
12.59566112500005,1765050408.0981581,-0.16004705,1.536937,-0.049289748,-0.27722648,0.43962774,0.115465,0.8464873
12.61307670833338,1765050408.1155736,-0.16014175,1.5366026,-0.049347557,-0.27832368,0.4397229,0.115891114,0.84601945
12.630023875000063,1765050408.132521,-0.16025686,1.5363016,-0.04939537,-0.27937302,0.43984312,0.11624715,0.8455621
12.647430874999998,1765050408.1499279,-0.160365,1.5360198,-0.049438886,-0.28043497,0.43991733,0.116633184,0.84511876
12.664118250000058,1765050408.1666152,-0.1604414,1.5358024,-0.04947366,-0.2811967,0.44003046,0.116996676,0.84475636
12.681578125000044,1765050408.184075,-0.16051054,1.5356567,-0.049512304,-0.28159577,0.4402988,0.11719201,0.84445643
12.698452041666712,1765050408.200949,-0.16056442,1.535591,-0.04954739,-0.28167233,0.4407049,0.11712605,0.84422827
12.727453041666706,1765050408.22995,-0.160532,1.53557,-0.049585678,-0.2816113,0.44129968,0.11648028,0.8440272
12.74488345833339,1765050408.2473805,-0.1603797,1.5355028,-0.0496513,-0.28154746,0.4414373,0.11608357,0.84403116
12.762342875000002,1765050408.26484,-0.16011953,1.5353996,-0.049758308,-0.28136104,0.44149697,0.11587087,0.84409136
12.779830541666627,1765050408.2823274,-0.15976238,1.5353158,-0.049850892,-0.28112411,0.44141805,0.11560877,0.8442475
12.797283833333324,1765050408.2997808,-0.15927744,1.5352374,-0.049891748,-0.2811364,0.44118488,0.11517668,0.8444243
12.828743583333392,1765050408.3312407,-0.1580081,1.535126,-0.049767025,-0.28179124,0.4405983,0.114479,0.8446072
12.846173041666646,1765050408.34867,-0.1571536,1.5351499,-0.049589194,-0.28219786,0.4401732,0.11398238,0.84476024
12.863176166666733,1765050408.365673,-0.15629053,1.5352799,-0.049379267,-0.28232104,0.43978783,0.11336185,0.84500325
12.880622791666667,1765050408.3831198,-0.15539551,1.5355164,-0.049138896,-0.2822341,0.43948475,0.112643905,0.84528595
12.89872404166664,1765050408.401221,-0.1544447,1.5358373,-0.048828498,-0.28210968,0.439329,0.11192533,0.84550387
12.916285333333292,1765050408.4187822,-0.15352488,1.536197,-0.0484733,-0.28182706,0.43944642,0.11131035,0.8456183
12.933750833333363,1765050408.4362478,-0.1526556,1.5365815,-0.048104756,-0.28131738,0.43975225,0.11058488,0.8457242
12.950776041666643,1765050408.453273,-0.15186702,1.5369415,-0.04772599,-0.280715,0.44009435,0.10973275,0.8458574
12.970608750000054,1765050408.4731057,-0.15103388,1.5373275,-0.047274407,-0.2798356,0.44057247,0.10887796,0.84601027
13.001724249999995,1765050408.5042212,-0.14994812,1.5378625,-0.04661741,-0.27834287,0.44151804,0.10776498,0.8461523
13.030334541666718,1765050408.5328314,-0.1491374,1.5382072,-0.04605626,-0.27715394,0.4424848,0.10705924,0.84612715
13.047943125000018,1765050408.55044,-0.14871931,1.5383033,-0.045685563,-0.27674377,0.44315353,0.10678442,0.8459461
13.065138916666626,1765050408.5676358,-0.14837694,1.5383394,-0.045305666,-0.2764476,0.4439229,0.10653958,0.8456704
13.082507208333311,1765050408.585004,-0.14807749,1.5383685,-0.044935763,-0.27604014,0.44479695,0.106330924,0.8453704
13.09989591666664,1765050408.602393,-0.1478157,1.538403,-0.044595353,-0.27550358,0.44572848,0.10622317,0.84506834
13.126561624999965,1765050408.6290586,-0.14744435,1.5384637,-0.04412012,-0.2746849,0.44708428,0.10615334,0.8446272
13.144159500000058,1765050408.6466565,-0.1472044,1.5385258,-0.043879606,-0.2740981,0.44787142,0.10609588,0.84440804
13.161350666666692,1765050408.6638477,-0.146976,1.5386152,-0.043712627,-0.27344695,0.4485781,0.10606989,0.84424734
13.178873458333385,1765050408.6813705,-0.14674139,1.5387218,-0.043570034,-0.27282444,0.4492348,0.106057055,0.84410113
13.196267958333294,1765050408.6987648,-0.14649515,1.5388259,-0.043440644,-0.27232185,0.44979954,0.106072,0.8439608
13.213716625000018,1765050408.7162135,-0.1462305,1.5389353,-0.043339685,-0.27181074,0.4502022,0.10610341,0.84390694
13.232013333333327,1765050408.7345102,-0.14598131,1.5390733,-0.043279417,-0.27121553,0.45043445,0.10603726,0.8439828
13.249483041666679,1765050408.75198,-0.14575672,1.5392392,-0.04323354,-0.27060875,0.45054117,0.10597847,0.844128
13.266585874999976,1765050408.7690828,-0.14551067,1.5394113,-0.04317715,-0.2699999,0.45065287,0.10605749,0.84425336
13.297005541666692,1765050408.7995026,-0.14500475,1.5397245,-0.04302571,-0.2690985,0.450869,0.10626994,0.8443991
13.314961750000009,1765050408.8174586,-0.14469528,1.5399115,-0.04291144,-0.2685991,0.45101902,0.10630981,0.8444729
13.33274908333334,1765050408.835246,-0.14440536,1.5401142,-0.042787857,-0.26801834,0.4512752,0.10639116,0.8445103
13.362297833333344,1765050408.8647947,-0.1439085,1.540479,-0.042497944,-0.26723707,0.45158985,0.106516324,0.8445739
13.379774375000068,1765050408.8822713,-0.14358807,1.5407441,-0.042309657,-0.26666442,0.45152968,0.10675844,0.84475654
13.396957791666694,1765050408.8994548,-0.14331055,1.5410687,-0.04214493,-0.26561183,0.4514494,0.106968105,0.84510446
13.414410666666697,1765050408.9169075,-0.14311828,1.5414795,-0.041983657,-0.26388422,0.4516857,0.10704664,0.8455094
13.433087666666722,1765050408.9355845,-0.14297009,1.5419209,-0.041731518,-0.26189098,0.45228437,0.10713048,0.84579843
13.450770624999961,1765050408.9532676,-0.14277326,1.5422394,-0.041365426,-0.2605453,0.4528793,0.10737246,0.8458649
13.468216416666735,1765050408.9707134,-0.1424675,1.5424513,-0.04090299,-0.25983575,0.45334187,0.107859395,0.8457735
13.493230333333315,1765050408.9957273,-0.14185667,1.5426272,-0.04010145,-0.25964677,0.45377755,0.108848594,0.84547114
13.510894374999964,1765050409.0133913,-0.1413393,1.5427067,-0.03944375,-0.2599092,0.45405617,0.1096686,0.84513485
13.53406754166673,1765050409.0365646,-0.1406374,1.5428405,-0.03857545,-0.25985086,0.4545424,0.11094255,0.844725
13.561483916666646,1765050409.0639808,-0.14002924,1.5431386,-0.037639037,-0.2584538,0.45522562,0.11221644,0.8446175
13.578969250000057,1765050409.0814662,-0.13971691,1.5434064,-0.037098046,-0.2571387,0.45564553,0.112774275,0.84471816
13.605753708333339,1765050409.1082506,-0.1392067,1.5438316,-0.036399916,-0.25491643,0.45606226,0.11363912,0.8450508
13.629102875000001,1765050409.1316,-0.13875675,1.5442216,-0.035999857,-0.25262088,0.4559765,0.11415514,0.8457167
13.645645208333292,1765050409.148142,-0.13844252,1.5444719,-0.035778742,-0.25116846,0.45572573,0.11407208,0.8462954
13.663160416666699,1765050409.1656573,-0.13810253,1.544658,-0.03553026,-0.25006548,0.45556384,0.11378767,0.8467474
13.68072166666667,1765050409.1832187,-0.1377325,1.5447475,-0.035267055,-0.24922547,0.45559293,0.11366831,0.8469954
13.69823341666671,1765050409.2007303,-0.13735132,1.5447959,-0.035039082,-0.24847803,0.45555177,0.11361802,0.84724385
13.71558141666668,1765050409.2180784,-0.13700819,1.5448488,-0.03488811,-0.24758208,0.455373,0.11333296,0.84764034
13.73300608333335,1765050409.235503,-0.13672543,1.5449302,-0.034820296,-0.24643801,0.45521206,0.112861395,0.84812295
13.757803166666633,1765050409.2603002,-0.13638783,1.5450094,-0.03480292,-0.24488734,0.45495537,0.11219578,0.8487979
13.775220041666728,1765050409.277717,-0.13613738,1.5450599,-0.034793526,-0.24411106,0.4547097,0.11200856,0.84917784
13.793273958333373,1765050409.295771,-0.13588953,1.5451592,-0.03476119,-0.24346875,0.45459652,0.11189406,0.8494378
13.810810583333307,1765050409.3133075,-0.13569307,1.5453273,-0.034709465,-0.24286166,0.45474312,0.11174604,0.84955263
13.828193999999996,1765050409.3306909,-0.13554202,1.5455445,-0.034649514,-0.24221484,0.4550581,0.11155053,0.84959424
13.845606166666641,1765050409.348103,-0.13541079,1.5457816,-0.034580342,-0.24171391,0.45536613,0.11122669,0.8496144
13.864094583333383,1765050409.3665915,-0.13528347,1.5460514,-0.03451952,-0.24121828,0.4556379,0.1108382,0.8496603
13.881489625000029,1765050409.3839865,-0.1351738,1.5463135,-0.034497958,-0.24074493,0.4559085,0.11057326,0.84968394
13.898897999999974,1765050409.4013948,-0.13506985,1.5465723,-0.034498494,-0.24028686,0.45614955,0.110333785,0.84971535
13.91646325000005,1765050409.41896,-0.13496245,1.5468141,-0.03451865,-0.24001415,0.45623267,0.10994831,0.8497978
13.934218625000028,1765050409.4367156,-0.13483572,1.547016,-0.034554474,-0.23994602,0.45609802,0.10951656,0.849945
13.95947345833332,1765050409.4619703,-0.13465738,1.5472274,-0.0345873,-0.23995769,0.45576403,0.1092812,0.8501512
13.97694820833334,1765050409.4794452,-0.13454437,1.5473545,-0.034588575,-0.23994747,0.4556845,0.10920388,0.8502066
13.996400749999964,1765050409.4988978,-0.13442898,1.547504,-0.034552366,-0.2398524,0.45575285,0.108918525,0.8502334
14.014216833333364,1765050409.5167139,-0.13431406,1.547648,-0.03446576,-0.23974863,0.45587105,0.10852791,0.8502493
14.031968333333396,1765050409.5344653,-0.13420248,1.5478055,-0.034323424,-0.23959982,0.45613283,0.10810892,0.85020417
14.064395166666657,1765050409.5668921,-0.13397913,1.5481297,-0.033896837,-0.2389336,0.45724335,0.10730527,0.8498969
14.08361562500005,1765050409.5861125,-0.1338048,1.5483081,-0.033558473,-0.23846751,0.45816988,0.10672122,0.84960234
14.101051083333402,1765050409.603548,-0.13366127,1.5485066,-0.033265073,-0.23791257,0.4589372,0.10590291,0.8494461
14.129925375000028,1765050409.6324224,-0.13346195,1.5489305,-0.03291297,-0.23649804,0.459803,0.104221754,0.8495809
14.147481625000012,1765050409.6499786,-0.13334513,1.5491637,-0.03271797,-0.23570783,0.4601406,0.10345861,0.84971094
14.165197791666685,1765050409.6676948,-0.13318433,1.549306,-0.03248694,-0.2352681,0.4604012,0.10303194,0.84974355
14.196239916666684,1765050409.698737,-0.13278322,1.5493176,-0.032019224,-0.23526958,0.46065155,0.10305932,0.84960407
14.21433225000004,1765050409.7168293,-0.13251771,1.5491832,-0.031752117,-0.23562711,0.4606661,0.10338084,0.8494581
14.231953124999961,1765050409.73445,-0.13226509,1.5489534,-0.031495746,-0.23619723,0.46053886,0.103799224,0.84931767
14.260642958333335,1765050409.76314,-0.131742,1.5484356,-0.031019224,-0.23783499,0.46006414,0.10469592,0.8490078
14.278038083333342,1765050409.780535,-0.1313715,1.5481443,-0.030702578,-0.23875703,0.45986038,0.10528884,0.848786
14.295464624999966,1765050409.7979615,-0.1310525,1.5479457,-0.030427307,-0.23918234,0.45986962,0.105536066,0.8486306
14.312870916666668,1765050409.815368,-0.13076858,1.5478159,-0.030180125,-0.23943911,0.45992026,0.10547259,0.8485386
14.330868666666731,1765050409.8333657,-0.13044453,1.5476947,-0.029912276,-0.23987003,0.4599287,0.10530402,0.84843326
14.360005875000013,1765050409.8625028,-0.1299057,1.547532,-0.029393338,-0.24067578,0.45983443,0.10506437,0.84828585
14.377501333333328,1765050409.8799982,-0.1296134,1.5475316,-0.029125694,-0.24071845,0.45971513,0.10488386,0.8483607
14.394922958333325,1765050409.89742,-0.12935066,1.5476063,-0.028929403,-0.24037616,0.4595576,0.1047042,0.84856534
14.412315875000047,1765050409.9148128,-0.12908745,1.5477026,-0.028772654,-0.23995577,0.459273,0.10446619,0.8488676
14.431214958333328,1765050409.933712,-0.12876892,1.547785,-0.028616333,-0.23961027,0.45885894,0.10421221,0.84922034
14.457606999999996,1765050409.960104,-0.12827253,1.5478383,-0.028426375,-0.23922147,0.45797107,0.10376194,0.8498641
14.476906625000026,1765050409.9794035,-0.12790518,1.5478648,-0.028314859,-0.23886625,0.45714045,0.103272244,0.8504706
14.493371708333314,1765050409.9958687,-0.1275773,1.5478642,-0.028218143,-0.23849934,0.45639414,0.102999784,0.8510073
14.510887041666649,1765050410.013384,-0.12720262,1.5478283,-0.028094364,-0.2381481,0.45561993,0.10278343,0.85154647
14.528334083333391,1765050410.030831,-0.1268034,1.5477867,-0.027934939,-0.23784626,0.45485413,0.10257479,0.85206527
14.545894166666642,1765050410.048391,-0.12636423,1.5477575,-0.02773298,-0.23750235,0.45410717,0.102409296,0.85257936
14.563521374999993,1765050410.0660183,-0.12589073,1.5477515,-0.027509402,-0.23702784,0.45336014,0.102336705,0.8531175
14.581188208333344,1765050410.0836852,-0.12541008,1.5477834,-0.027302966,-0.23636605,0.45256037,0.102354,0.8537235
14.598592541666733,1765050410.1010895,-0.12495041,1.5478481,-0.027138235,-0.2355373,0.45174962,0.10241154,0.85437477
14.62534075000002,1765050410.1278377,-0.12428665,1.5480127,-0.026941124,-0.2342039,0.45057935,0.10231381,0.85537046
14.643392916666642,1765050410.1458898,-0.123831086,1.5481654,-0.026862156,-0.23333985,0.44965908,0.10219362,0.8561049
14.663718041666641,1765050410.166215,-0.12326908,1.54839,-0.02688425,-0.2323547,0.44800928,0.102117,0.85724616
14.68119500000006,1765050410.183692,-0.12272501,1.5486252,-0.027055427,-0.23145227,0.44578487,0.10207595,0.85865366
14.698650291666638,1765050410.2011473,-0.12210894,1.5488572,-0.027381424,-0.23064254,0.44270083,0.10215607,0.86045575
14.71573200000006,1765050410.218229,-0.12140494,1.5490359,-0.027845053,-0.23005165,0.43878472,0.10263193,0.86256063
14.73317954166663,1765050410.2356765,-0.12054348,1.5491152,-0.028443545,-0.22980858,0.43384004,0.10380714,0.86498255
14.756786041666658,1765050410.259283,-0.119227886,1.5490279,-0.029521504,-0.23013364,0.42590913,0.10649789,0.8685034
14.77321329166665,1765050410.2757103,-0.11831512,1.5488923,-0.03039367,-0.23048921,0.42007586,0.10858142,0.87098855
14.791426583333362,1765050410.2939236,-0.117408276,1.548751,-0.031407535,-0.23064862,0.41387337,0.11066542,0.8736493
14.811134166666704,1765050410.313631,-0.11658764,1.5486171,-0.032490928,-0.2306864,0.40782177,0.11232527,0.87626946
14.828870041666676,1765050410.331367,-0.11596518,1.5485091,-0.03340359,-0.2307182,0.40309408,0.113412514,0.8783062
14.846300583333402,1765050410.3487976,-0.115448,1.5483912,-0.034219883,-0.23085777,0.39905587,0.11420854,0.88000876
14.863067666666723,1765050410.3655646,-0.115021996,1.548263,-0.03491846,-0.23115672,0.39566976,0.11467968,0.8813969
14.880741833333389,1765050410.3832388,-0.114645004,1.5481409,-0.03556508,-0.23164928,0.39257842,0.114792936,0.8826343
14.899749541666722,1765050410.4022465,-0.114331536,1.548031,-0.03617164,-0.23222272,0.38981643,0.11454732,0.88373893
14.91829895833331,1765050410.420796,-0.11410427,1.547947,-0.036699317,-0.23270373,0.3877172,0.114257485,0.8845731
14.936456333333297,1765050410.4389534,-0.11397791,1.5478745,-0.03723522,-0.23322155,0.38609338,0.11386153,0.88519776
14.9542467083333,1765050410.4567437,-0.11391526,1.5477815,-0.037736703,-0.2338879,0.38485447,0.11339134,0.88562167
14.971669416666657,1765050410.4741664,-0.11386919,1.5476594,-0.038152352,-0.23475224,0.38391,0.113048755,0.88584673
14.993814666666651,1765050410.4963117,-0.11383915,1.5474811,-0.038592108,-0.23591505,0.38296518,0.11278812,0.88598
15.011172041666725,1765050410.513669,-0.11387062,1.5473703,-0.03889203,-0.23668717,0.38236535,0.11261822,0.8860547
15.028598291666697,1765050410.5310953,-0.113966756,1.5472568,-0.03914352,-0.23733011,0.38191772,0.11257465,0.88608134
15.04605512500001,1765050410.548552,-0.114117146,1.547106,-0.03932779,-0.23813006,0.38166782,0.11270114,0.8859583
15.06346133333335,1765050410.5659583,-0.114314556,1.5468987,-0.039449327,-0.23919891,0.38164252,0.11300829,0.8856421
15.080903958333295,1765050410.583401,-0.11459494,1.5466655,-0.039560527,-0.24036595,0.38174206,0.11344374,0.88522744
15.098726999999997,1765050410.601224,-0.11501837,1.5464387,-0.039721288,-0.24129665,0.3818946,0.11380698,0.88486177
15.116435041666648,1765050410.618932,-0.11557531,1.5462177,-0.03992445,-0.24201088,0.38219458,0.1142452,0.88448066
15.134010000000046,1765050410.636507,-0.11622172,1.5459433,-0.04013395,-0.24283224,0.38267103,0.11500713,0.8839506
15.161863125000025,1765050410.66436,-0.117422104,1.5454572,-0.040433746,-0.24435589,0.3836428,0.11684918,0.8828673
15.17926304166673,1765050410.68176,-0.11829567,1.5451567,-0.040665,-0.24525061,0.38431194,0.11804068,0.88216937
15.199818583333297,1765050410.7023156,-0.11945772,1.5448227,-0.041026726,-0.24620678,0.38511604,0.11917763,0.8813992
15.217557624999984,1765050410.7200546,-0.120563984,1.5445615,-0.041408144,-0.24697904,0.3857709,0.11991908,0.88079596
15.234817208333368,1765050410.7373142,-0.12171793,1.5443238,-0.04183347,-0.24765082,0.38636392,0.12049528,0.88026863
15.261891958333365,1765050410.7643888,-0.12368613,1.5440825,-0.042652246,-0.24830149,0.38741815,0.1212522,0.8795177
15.279419625000003,1765050410.7819166,-0.12503386,1.5440273,-0.043275326,-0.24850005,0.38816264,0.121712044,0.87906975
15.29696579166665,1765050410.7994628,-0.12640953,1.5440434,-0.043927826,-0.24885002,0.38885826,0.122085445,0.8786114
15.314819833333388,1765050410.8173168,-0.12779693,1.5441301,-0.044565875,-0.24964193,0.3894188,0.12238974,0.878096
15.332396041666641,1765050410.834893,-0.12912254,1.5442697,-0.045134332,-0.25084504,0.38977936,0.12265201,0.8775564
15.3497819166667,1765050410.852279,-0.13039617,1.5444261,-0.04565715,-0.25233775,0.3899934,0.12301779,0.876982
15.367291833333354,1765050410.869789,-0.13165951,1.5446001,-0.04617844,-0.25390378,0.39008614,0.12358125,0.8764093
15.393239708333397,1765050410.8957367,-0.13355684,1.5449889,-0.04698571,-0.2561132,0.39007202,0.12471385,0.8756119
15.410900916666662,1765050410.9133978,-0.13487768,1.5453776,-0.047554877,-0.2574522,0.39014566,0.12558578,0.87506163
15.429282291666652,1765050410.9317791,-0.13630152,1.5458903,-0.048180107,-0.25848284,0.3904671,0.12650798,0.8744814
15.446079750000024,1765050410.9485767,-0.1376772,1.5464243,-0.04882396,-0.259032,0.39100555,0.12729917,0.87396336
15.463541458333395,1765050410.9660385,-0.13914394,1.546972,-0.049569458,-0.2595401,0.39169616,0.12796842,0.87340546
15.481457250000005,1765050410.9839542,-0.14059906,1.5474421,-0.05038529,-0.2603926,0.39232227,0.12855534,0.87278426
15.498872916666699,1765050411.00137,-0.14190893,1.5477767,-0.051208545,-0.26171997,0.392787,0.12935898,0.87205917
15.516786708333314,1765050411.0192838,-0.14314413,1.5480099,-0.05208908,-0.26343608,0.39315364,0.13050036,0.87120676
15.533638375000066,1765050411.0361354,-0.14425135,1.54815,-0.05297696,-0.26526314,0.39336166,0.13150662,0.8704068
15.56545270833334,1765050411.0679498,-0.14638786,1.5481603,-0.05479621,-0.26901576,0.39337075,0.13315979,0.86899847
15.58502762500001,1765050411.0875247,-0.14767551,1.5479647,-0.056123223,-0.27143645,0.39321977,0.13434464,0.8681313
15.602741166666704,1765050411.1052382,-0.1487832,1.5476098,-0.05746439,-0.27397084,0.39304528,0.13580918,0.8671858
15.622277833333385,1765050411.1247747,-0.14994507,1.5469999,-0.059081733,-0.27747163,0.392809,0.13784128,0.86585814
15.639613208333401,1765050411.14211,-0.15092134,1.5462471,-0.060674652,-0.28114942,0.39256415,0.14002387,0.8644314
15.657027791666735,1765050411.1595247,-0.15184812,1.5452957,-0.06242434,-0.2853506,0.39226362,0.14258769,0.8627705
15.6746798333333,1765050411.1771767,-0.15273046,1.5441916,-0.06430195,-0.29021898,0.39184037,0.14543663,0.8608613
15.69287962499999,1765050411.1953766,-0.15358639,1.5429916,-0.06634875,-0.29577613,0.3912661,0.14837143,0.85872763
15.710480208333308,1765050411.2129772,-0.15441561,1.5418712,-0.06850706,-0.30094957,0.39076826,0.15112056,0.85667497
15.729555041666629,1765050411.232052,-0.15537338,1.5407685,-0.0711056,-0.30583012,0.3904722,0.15383877,0.8545952
15.747033166666654,1765050411.24953,-0.15623598,1.5398349,-0.073708855,-0.30994177,0.3904247,0.15615678,0.8527131
15.764992666666728,1765050411.2674897,-0.15703277,1.5389179,-0.076511554,-0.3141588,0.39054623,0.15851861,0.850676
15.782366999999965,1765050411.284864,-0.15772057,1.5380805,-0.0792962,-0.31814003,0.3907256,0.16064793,0.8487123
15.80674458333334,1765050411.3092415,-0.15857697,1.5370247,-0.08337607,-0.32317525,0.39104992,0.16319984,0.8461698
15.826129666666645,1765050411.3286266,-0.15913926,1.5362667,-0.08675149,-0.32673568,0.3914634,0.16500199,0.8442597
15.843506333333323,1765050411.3460033,-0.159513,1.5356097,-0.08982149,-0.32967257,0.39204404,0.16656959,0.842539
15.860054916666684,1765050411.362552,-0.15977478,1.5350349,-0.09279361,-0.33231503,0.39277145,0.16790295,0.84089583
15.876511666666659,1765050411.3790085,-0.15998983,1.5345489,-0.09583565,-0.33476004,0.39359596,0.16892682,0.839334
15.892955083333334,1765050411.395452,-0.16020346,1.5341452,-0.098994784,-0.33679947,0.39450878,0.16965468,0.8379416
15.910629166666638,1765050411.4131262,-0.16045809,1.5337739,-0.10254293,-0.33859614,0.3954646,0.17019804,0.8366558
15.928068750000023,1765050411.4305656,-0.16074324,1.5334187,-0.106206946,-0.34022895,0.396269,0.17068319,0.83551323
15.945639500000027,1765050411.4481366,-0.16108704,1.5330133,-0.110093266,-0.3418856,0.3968865,0.17127898,0.8344212
15.962280416666715,1765050411.4647775,-0.16157208,1.5325539,-0.113997586,-0.34326705,0.39735395,0.17182167,0.83351946
15.979995333333306,1765050411.4824922,-0.16239052,1.5319378,-0.11842384,-0.34431514,0.3978062,0.17224497,0.8327838
16.00097575000001,1765050411.5034728,-0.16378546,1.5308847,-0.123987496,-0.3453331,0.3983017,0.17257549,0.83205676
16.028132708333317,1765050411.5306296,-0.16615295,1.5287294,-0.13153058,-0.34711045,0.3985789,0.17287785,0.83112115
16.045534083333393,1765050411.548031,-0.16796923,1.5268092,-0.13652939,-0.34863627,0.39866027,0.17331488,0.8303521
16.062951000000055,1765050411.565448,-0.17008857,1.5244485,-0.14169629,-0.35034478,0.39878866,0.17383075,0.829463
16.080411833333358,1765050411.5829089,-0.1725973,1.5216259,-0.14708473,-0.35202125,0.39887735,0.17401624,0.82867134
16.100283416666628,1765050411.6027803,-0.17591868,1.517827,-0.15348238,-0.35364842,0.39884913,0.17380674,0.8280358
16.12505083333332,1765050411.6275477,-0.18054628,1.512219,-0.16169204,-0.3564023,0.39860988,0.17423043,0.8268804
16.143509041666732,1765050411.646006,-0.18419743,1.507407,-0.16778824,-0.35948646,0.3983236,0.17531466,0.8254529
16.16107520833333,1765050411.663572,-0.18787126,1.5023553,-0.17358202,-0.3627776,0.39784983,0.17645495,0.82399726
16.17855270833337,1765050411.6810496,-0.19178772,1.4968979,-0.17942017,-0.36551633,0.39723182,0.17742226,0.82287663
16.194909833333384,1765050411.6974068,-0.19562101,1.4914325,-0.18488486,-0.36769894,0.39676428,0.17848116,0.82190025
16.213541625000005,1765050411.7160385,-0.20002699,1.4848917,-0.19091459,-0.3708021,0.396428,0.17994529,0.82034767
16.232326416666695,1765050411.7348235,-0.20443058,1.4780712,-0.19666576,-0.37475285,0.3961229,0.18111406,0.8184403
16.25934004166669,1765050411.761837,-0.21081209,1.4680682,-0.20465586,-0.37933144,0.39573777,0.18192878,0.81633395
16.27721216666663,1765050411.779709,-0.21499968,1.4613539,-0.2097741,-0.38110122,0.39575887,0.1821909,0.8154405
16.30363733333337,1765050411.8061342,-0.22078323,1.4515021,-0.21680164,-0.38447496,0.39544937,0.18230559,0.81398
16.325906916666725,1765050411.828404,-0.22513485,1.4434432,-0.2222048,-0.3878658,0.39504263,0.18329117,0.8123458
16.343256375000067,1765050411.8457534,-0.228374,1.4373853,-0.22615646,-0.39028516,0.3948947,0.18439683,0.8110077
16.363873083333317,1765050411.86637,-0.23218203,1.4305212,-0.23064035,-0.39278516,0.39470914,0.18526356,0.8096924
16.381342166666684,1765050411.8838391,-0.23529387,1.4250852,-0.23425622,-0.39484033,0.3944748,0.1859297,0.80865365
16.39948320833338,1765050411.9019802,-0.23835039,1.4198501,-0.2377897,-0.3969614,0.39418617,0.18669097,0.80757993
16.417349125000044,1765050411.919846,-0.24115829,1.4151034,-0.24102482,-0.39869526,0.394136,0.18745984,0.8065715
16.434897541666658,1765050411.9373944,-0.2436657,1.4108493,-0.24390851,-0.3998619,0.39441782,0.18808952,0.8057092
16.469039958333326,1765050411.9715369,-0.24769048,1.4037132,-0.24854758,-0.40217915,0.3954168,0.18939906,0.8037571
16.489270791666684,1765050411.9917676,-0.24965239,1.4001561,-0.25081334,-0.40389282,0.395585,0.18998356,0.8026763
16.506600916666628,1765050412.0090978,-0.2512188,1.3974934,-0.25259885,-0.4048056,0.39562833,0.19036023,0.8021057
16.524426041666686,1765050412.026923,-0.2527588,1.3950973,-0.25429708,-0.40503657,0.39596117,0.1908327,0.80171245
16.542924625000012,1765050412.0454216,-0.2542343,1.3929341,-0.25592092,-0.40480518,0.39661852,0.19114877,0.8014291
16.560297708333394,1765050412.0627947,-0.25550175,1.3911824,-0.25731725,-0.40421054,0.39721742,0.19102043,0.8014632
16.57774337500001,1765050412.0802402,-0.25664806,1.3896475,-0.25857127,-0.4032657,0.39781815,0.1908748,0.80167586
16.595299541666634,1765050412.0977964,-0.25761986,1.3882904,-0.25962836,-0.40263626,0.39822274,0.19080432,0.8018081
16.612953833333393,1765050412.1154509,-0.25842887,1.3871225,-0.2604547,-0.4026291,0.39820564,0.19059873,0.8018691
16.63064295833334,1765050412.1331398,-0.25909805,1.3862286,-0.26106954,-0.40281498,0.39793122,0.19039592,0.80196023
16.647998291666624,1765050412.1504953,-0.25969934,1.3856555,-0.26154518,-0.40263283,0.39774212,0.19023947,0.80218256
16.66540387499998,1765050412.1679008,-0.26027948,1.3853506,-0.26193944,-0.40189555,0.39783087,0.19018239,0.8025217
16.69290862500003,1765050412.1954055,-0.26102352,1.385308,-0.2622945,-0.40053275,0.39851922,0.1905998,0.8027625
16.710253125000065,1765050412.2127502,-0.26137352,1.3854885,-0.2623499,-0.39965212,0.39906502,0.19081114,0.80288
16.727617166666676,1765050412.2301142,-0.26168662,1.3858185,-0.26234716,-0.398643,0.39964622,0.19080788,0.8030933
16.745145708333382,1765050412.2476428,-0.26198816,1.3862517,-0.26236236,-0.39740095,0.40034017,0.19056757,0.8034203
16.76257149999998,1765050412.2650685,-0.26224375,1.386755,-0.2623424,-0.3961713,0.40125656,0.19029768,0.80363435
16.780073833333347,1765050412.2825708,-0.26242065,1.3873146,-0.26220983,-0.3950555,0.40238518,0.18991084,0.8037109
16.79751995833334,1765050412.3000169,-0.26251212,1.3879269,-0.26198664,-0.3939665,0.4035738,0.18933117,0.8037862
16.81539616666663,1765050412.317893,-0.2625161,1.388629,-0.2617071,-0.3927873,0.40463156,0.18861045,0.80400085
16.83294604166673,1765050412.335443,-0.2624095,1.3894064,-0.26140583,-0.3914053,0.40553418,0.1879428,0.80437636
16.85030062499999,1765050412.3527975,-0.26223373,1.390266,-0.26107112,-0.38981262,0.40627867,0.1871483,0.8049591
16.867812375000028,1765050412.3703094,-0.26202735,1.3912405,-0.26067114,-0.38793147,0.406837,0.18608999,0.8058308
16.892611041666726,1765050412.395108,-0.26167727,1.3928146,-0.25997877,-0.384806,0.40720925,0.18426308,0.8075593
16.911016125000003,1765050412.4135132,-0.2613678,1.3941855,-0.25935167,-0.3822013,0.40701437,0.18291134,0.80920017
16.932621458333358,1765050412.4351184,-0.26097822,1.3960935,-0.2584682,-0.37849036,0.40648007,0.18142807,0.81154346
16.960807791666696,1765050412.4633048,-0.2603305,1.3993378,-0.2569978,-0.3720738,0.40610844,0.17957677,0.81510067
16.978467749999993,1765050412.4809647,-0.2598756,1.4018692,-0.25584024,-0.36726364,0.40597147,0.17806263,0.8176785
16.995429624999986,1765050412.4979265,-0.25933895,1.4047112,-0.2545346,-0.36231786,0.40568304,0.17647696,0.82036746
17.013576083333362,1765050412.516073,-0.2586031,1.4082758,-0.25292218,-0.3567361,0.40519735,0.17481634,0.82340366
17.03178804166663,1765050412.534285,-0.25770807,1.4125023,-0.2510649,-0.35074124,0.40480328,0.17322493,0.82650346
17.060706916666675,1765050412.5632038,-0.2559538,1.4206498,-0.24762876,-0.34003583,0.4047873,0.17006616,0.8316251
17.078298666666626,1765050412.5807955,-0.254642,1.426455,-0.24525453,-0.33296832,0.40496647,0.16746685,0.8349186
17.096295416666692,1765050412.5987923,-0.25308734,1.4329884,-0.24260218,-0.32543352,0.40531012,0.16440324,0.83832467
17.11384187499999,1765050412.6163387,-0.25134802,1.439842,-0.23978259,-0.31782246,0.406033,0.16125113,0.8415011
17.131707625000047,1765050412.6342046,-0.24931431,1.4472032,-0.23664872,-0.3100899,0.4071843,0.15798694,0.8444438
17.14909295833337,1765050412.6515899,-0.24701405,1.4546325,-0.23339428,-0.30294728,0.40845928,0.15467265,0.8470302
17.166078791666735,1765050412.6685758,-0.24447203,1.4620849,-0.23004878,-0.29646438,0.40949678,0.15128036,0.8494324
17.18368558333333,1765050412.6861825,-0.24157953,1.4699719,-0.22637956,-0.29002434,0.4102706,0.14782508,0.85188705
17.20140520833337,1765050412.7039022,-0.23843585,1.478011,-0.2224988,-0.28345397,0.4108694,0.14463818,0.8543534
17.226940583333374,1765050412.7294376,-0.23365879,1.4897262,-0.2166858,-0.27312136,0.4116628,0.14088543,0.8579567
17.244357583333397,1765050412.7468545,-0.23032522,1.4976985,-0.21254972,-0.2654989,0.4121977,0.13877556,0.8604328
17.261732875000064,1765050412.7642298,-0.22688389,1.5055386,-0.20818843,-0.25804195,0.41262826,0.13695158,0.86278415
17.279224208333346,1765050412.781721,-0.22326164,1.5133023,-0.20349258,-0.25089955,0.41289955,0.13495012,0.86507326
17.296884458333295,1765050412.7993815,-0.2195363,1.5210235,-0.19850807,-0.24344413,0.41318157,0.13246444,0.8674497
17.315552500000024,1765050412.8180494,-0.21557713,1.5290555,-0.19312653,-0.23502077,0.413372,0.12964047,0.8701047
17.334369500000037,1765050412.8368664,-0.21147013,1.5368042,-0.18757078,-0.22632621,0.41318184,0.12655656,0.87294936
17.361489000000063,1765050412.863986,-0.205297,1.5471324,-0.179073,-0.21454898,0.41303024,0.121816404,0.87666154
17.378432583333336,1765050412.8809295,-0.20133935,1.5531503,-0.17357382,-0.20751591,0.41334763,0.11837374,0.8786742
17.395858458333294,1765050412.8983555,-0.19721699,1.559017,-0.1679317,-0.20004018,0.41381177,0.11427881,0.88072926
17.412818374999972,1765050412.9153154,-0.1931119,1.5643027,-0.1624856,-0.19270715,0.41407022,0.11004373,0.8827798
17.432060208333326,1765050412.9345572,-0.18823767,1.5696282,-0.1563001,-0.18518515,0.41397017,0.10556608,0.88498074
17.45798320833336,1765050412.9604802,-0.18120575,1.5756177,-0.1479561,-0.17754614,0.41302332,0.10100162,0.88751763
17.475419208333335,1765050412.9779162,-0.1762662,1.5790182,-0.1423595,-0.17379448,0.41166845,0.09839652,0.8891809
17.492956458333367,1765050412.9954534,-0.17125797,1.5820585,-0.13678065,-0.17051321,0.4098134,0.09581747,0.89095294
17.510454874999994,1765050413.0129519,-0.16628627,1.5847026,-0.13127892,-0.16762124,0.40754563,0.09343872,0.8927927
17.52779054166666,1765050413.0302875,-0.16137981,1.586892,-0.12587675,-0.16557236,0.40495154,0.09154605,0.8945498
17.545190500000047,1765050413.0476875,-0.15658979,1.5887277,-0.12054022,-0.16423084,0.40219167,0.09001789,0.8961957
17.561667916666636,1765050413.0641649,-0.1522727,1.5903077,-0.11562735,-0.16262434,0.399537,0.08825442,0.89785
17.57914987500004,1765050413.081647,-0.14797497,1.5919507,-0.11060867,-0.16002877,0.39658967,0.08530716,0.89990556
17.596625708333306,1765050413.0991228,-0.14396,1.5934751,-0.105778486,-0.15676214,0.3936543,0.081613995,0.9021092
17.614464749999968,1765050413.1169617,-0.13997889,1.594683,-0.10091749,-0.15373723,0.39070222,0.07854872,0.90418285
17.632419791666678,1765050413.1349168,-0.1359662,1.595434,-0.09601476,-0.15188746,0.38758895,0.07611326,0.9060418
17.660280999999998,1765050413.162778,-0.13017464,1.5961735,-0.088548824,-0.14897695,0.38285112,0.071756825,0.9088904
17.677690416666735,1765050413.1801875,-0.12700701,1.5966096,-0.0840976,-0.14574796,0.38006765,0.06855094,0.9108276
17.695794499999977,1765050413.1982915,-0.123960495,1.5968864,-0.079565436,-0.14236167,0.3772381,0.06551944,0.9127605
17.71224000000001,1765050413.214737,-0.12128115,1.5968283,-0.07541127,-0.14049266,0.37472984,0.06353287,0.9142226
17.729537041666674,1765050413.232034,-0.1185072,1.5964619,-0.07097922,-0.13981026,0.37222108,0.06231449,0.9154351
17.747005750000028,1765050413.2495027,-0.11573324,1.59587,-0.066575624,-0.13982378,0.36981568,0.06178819,0.916443
17.764944749999984,1765050413.2674417,-0.1129694,1.5951607,-0.062244836,-0.13993494,0.3673077,0.061623152,0.91744524
17.801836958333354,1765050413.304334,-0.1079525,1.5938531,-0.05412086,-0.13838631,0.36243492,0.061711513,0.9196096
17.82277425000001,1765050413.3252711,-0.10542965,1.5931844,-0.049961343,-0.13731517,0.36048,0.061601717,0.9205454
17.8401662083333,1765050413.342663,-0.10339308,1.5926518,-0.046758864,-0.13668828,0.3593075,0.061412398,0.9211096
17.85758820833331,1765050413.3600852,-0.10141277,1.5921943,-0.04383289,-0.13611732,0.35834724,0.060890064,0.9216028
17.874759208333387,1765050413.3772562,-0.09955149,1.5918628,-0.041266736,-0.13533194,0.35751817,0.059752543,0.92211473
17.892943416666697,1765050413.3954403,-0.09761095,1.5915866,-0.038879048,-0.13462947,0.35647842,0.05800308,0.92273164
17.9109464583334,1765050413.4134433,-0.09563332,1.5912484,-0.036785018,-0.13459615,0.3550372,0.055950336,0.9234186
17.929024708333316,1765050413.4315217,-0.09356785,1.590821,-0.0348967,-0.13537107,0.35311204,0.053922944,0.9241639
17.9466152083333,1765050413.4491122,-0.0915432,1.590398,-0.0332796,-0.1362412,0.35093546,0.052233208,0.92496175
17.96521850000005,1765050413.4677155,-0.089447975,1.5900567,-0.031800862,-0.13666028,0.34853682,0.05042523,0.9259068
18.001624333333382,1765050413.5041213,-0.08549338,1.5897424,-0.029478803,-0.1363468,0.34293187,0.04580429,0.9282829
18.028040125000018,1765050413.5305371,-0.08261299,1.5896306,-0.028329708,-0.13591212,0.33714095,0.04236479,0.9306283
18.046831541666677,1765050413.5493286,-0.080472946,1.5895481,-0.02774907,-0.13565622,0.3318569,0.040131688,0.93266165
18.063665833333346,1765050413.5661628,-0.078434564,1.5894938,-0.027415037,-0.13547154,0.3259267,0.038159426,0.9348599
18.08041608333332,1765050413.582913,-0.07621384,1.58952,-0.027337724,-0.13513255,0.31822112,0.03600525,0.93764496
18.09927029166664,1765050413.6017673,-0.07336245,1.5896604,-0.027614448,-0.1343347,0.30662307,0.033551708,0.94170624
18.127012791666687,1765050413.6295097,-0.068378925,1.5899808,-0.028644836,-0.13264248,0.28369832,0.030551411,0.9492037
18.144801041666653,1765050413.647298,-0.06482172,1.5902158,-0.029471193,-0.1316411,0.26618233,0.028941035,0.9544527
18.162027583333327,1765050413.6645246,-0.061246205,1.590492,-0.030274542,-0.13070014,0.24810632,0.027410094,0.95948386
18.17945016666664,1765050413.6819472,-0.05759716,1.590841,-0.03107118,-0.12976149,0.22942491,0.025684955,0.9642958
18.19743712500002,1765050413.699934,-0.05391102,1.5912386,-0.031820014,-0.1288852,0.21022394,0.023768162,0.9688289
18.21597141666672,1765050413.7184684,-0.05028534,1.5916692,-0.032477506,-0.12812553,0.1909853,0.021843113,0.9729498
18.233451874999957,1765050413.7359488,-0.04711876,1.5921019,-0.032906692,-0.12747462,0.17371464,0.020276856,0.97630024
18.261994208333306,1765050413.764491,-0.042648792,1.5928288,-0.033210605,-0.12659729,0.14837638,0.017795797,0.9806329
18.279872291666663,1765050413.7823691,-0.040315628,1.5933347,-0.03329404,-0.12598403,0.13457505,0.016216215,0.9827282
18.297404250000056,1765050413.7999012,-0.038332365,1.5939316,-0.033383176,-0.12500557,0.12228091,0.014884817,0.98447925
18.326731583333356,1765050413.8292286,-0.035534002,1.5948774,-0.033458505,-0.12313758,0.103889965,0.01340717,0.98684555
18.34348304166673,1765050413.84598,-0.034213923,1.5952438,-0.03340007,-0.12240609,0.09470642,0.012964454,0.98786604
18.3639525833334,1765050413.8664496,-0.03284397,1.5955607,-0.033243652,-0.12177875,0.08480561,0.01247952,0.9888489
18.381451750000053,1765050413.8839488,-0.03178644,1.5958176,-0.03308813,-0.12112359,0.07714742,0.012067573,0.9895613
18.39864312499998,1765050413.90114,-0.030798534,1.5960765,-0.0329646,-0.120201975,0.07000741,0.011713987,0.9902086
18.416584541666737,1765050413.9190814,-0.02980423,1.5963159,-0.032875363,-0.11913094,0.06290832,0.011614597,0.9908155
18.434055583333304,1765050413.9365525,-0.028821945,1.5964894,-0.032791503,-0.11815046,0.056435354,0.01156564,0.9913232
18.462780166666732,1765050413.9652772,-0.027233124,1.596771,-0.03280168,-0.116557,0.046548035,0.010900018,0.9920327
18.480220999999972,1765050413.982718,-0.026306152,1.5969667,-0.03293964,-0.11569328,0.04092614,0.010500466,0.9923859
18.49823145833335,1765050414.0007284,-0.025364686,1.5971407,-0.033150967,-0.11514423,0.03542483,0.010424282,0.99266213
18.51559524999999,1765050414.0180922,-0.024468899,1.5972681,-0.033421203,-0.11492386,0.030372564,0.010486255,0.9928545
18.532996250000053,1765050414.0354931,-0.02358818,1.5973824,-0.033790182,-0.11479094,0.025552722,0.010532507,0.9930051
18.560089000000005,1765050414.062586,-0.022326946,1.5974939,-0.03439188,-0.114529185,0.018868253,0.010574822,0.9931843
18.577397166666685,1765050414.079894,-0.021565914,1.5975091,-0.034824952,-0.11449514,0.015188669,0.0105101215,0.9932521
18.594763916666636,1765050414.097261,-0.02079916,1.5974565,-0.03530052,-0.1146414,0.01169665,0.010269854,0.99328494
18.612404083333388,1765050414.114901,-0.02000618,1.5973322,-0.03583078,-0.11489057,0.00827398,0.009908026,0.99329424
18.63050416666664,1765050414.133001,-0.019189835,1.5971386,-0.03644654,-0.115087725,0.004906124,0.009419842,0.99329853
18.648069874999976,1765050414.1505668,-0.018370438,1.596899,-0.037085384,-0.11518536,0.0018590877,0.008947624,0.9933019
18.665539291666676,1765050414.1680362,-0.017545223,1.596581,-0.03774915,-0.11541619,-0.00093082903,0.008539918,0.99328005
18.682986125000014,1765050414.185483,-0.016747952,1.5961905,-0.038461428,-0.11603034,-0.0035344884,0.008205147,0.9932055
18.700456166666697,1765050414.202953,-0.015971184,1.5957848,-0.03923539,-0.116666146,-0.0059525557,0.007957445,0.99312145
18.718742958333394,1765050414.2212398,-0.015186787,1.595345,-0.04009153,-0.117224656,-0.008305072,0.0077223005,0.9930406
18.735357083333326,1765050414.237854,-0.014500429,1.5949135,-0.040885724,-0.11782026,-0.010418509,0.007393501,0.9929527
18.759939083333336,1765050414.2624362,-0.013488293,1.5942287,-0.04195968,-0.11878729,-0.013406216,0.007173267,0.9928033
18.777345291666677,1765050414.2798421,-0.012796402,1.5937561,-0.04269993,-0.119458795,-0.015264415,0.0071346993,0.9926961
18.7976839166667,1765050414.300181,-0.012027075,1.5932602,-0.043617208,-0.12022495,-0.01705613,0.0071433587,0.9925744
18.815394916666662,1765050414.3178918,-0.0113835335,1.5928838,-0.044421196,-0.12098696,-0.018298162,0.0071560615,0.9924596
18.833016291666638,1765050414.3355134,-0.010773182,1.5925562,-0.045152776,-0.12182992,-0.019353554,0.0070574437,0.99233717
18.862968041666647,1765050414.365465,-0.009817123,1.5921392,-0.04624387,-0.12324887,-0.020902254,0.006202981,0.9921362
18.88047375000002,1765050414.3829708,-0.009331703,1.5920222,-0.046838358,-0.12368848,-0.021546008,0.0055130688,0.99207187
18.907354458333373,1765050414.4098513,-0.008751869,1.592027,-0.04773949,-0.12385016,-0.021905143,0.004524463,0.9920488
18.92703229166665,1765050414.4295292,-0.00846224,1.5920993,-0.048393097,-0.123880826,-0.021740153,0.0038934513,0.99205124
18.94449637500003,1765050414.4469934,-0.008338928,1.5921297,-0.04885967,-0.12387908,-0.021360002,0.003310532,0.99206185
18.962052916666664,1765050414.4645498,-0.008330345,1.5921183,-0.049233813,-0.12379914,-0.020768328,0.0028294683,0.9920859
18.979630375,1765050414.4821274,-0.00837622,1.592076,-0.049609665,-0.12380278,-0.0200528,0.0025669246,0.99210083
18.999379166666643,1765050414.501876,-0.008456329,1.5919611,-0.04999283,-0.1239982,-0.019248063,0.0024934816,0.9920925
19.023422874999994,1765050414.52592,-0.008564949,1.5917109,-0.05038133,-0.12439606,-0.018357152,0.0024538182,0.99205977
19.040876541666705,1765050414.5433736,-0.0086277025,1.5914778,-0.05061666,-0.12464269,-0.017790522,0.0023330455,0.9920394
19.058491541666683,1765050414.5609884,-0.008666992,1.5912337,-0.050831486,-0.12473136,-0.017341668,0.0021864218,0.9920366
19.076352083333347,1765050414.578849,-0.008702278,1.5909851,-0.05103665,-0.12476438,-0.017043052,0.0019888175,0.99203795
19.09313379166673,1765050414.5956306,-0.008734703,1.5907387,-0.05120781,-0.124911994,-0.016849866,0.0017856186,0.9920231
19.110690791666627,1765050414.6131878,-0.008775234,1.5904691,-0.051367022,-0.12523094,-0.016714206,0.001641591,0.9919855
19.12804933333331,1765050414.6305463,-0.008825779,1.5902121,-0.051531732,-0.12564796,-0.016586557,0.001538235,0.991935
19.145431958333404,1765050414.647929,-0.008858681,1.589988,-0.051683363,-0.1259599,-0.016448878,0.001490007,0.9918978
19.165969125000004,1765050414.668466,-0.00888138,1.5897896,-0.051871274,-0.12610799,-0.016280029,0.0015393907,0.9918817
19.184101541666735,1765050414.6865985,-0.008908272,1.5896456,-0.052055255,-0.12630242,-0.01616251,0.0016832033,0.99185866
19.201877375000038,1765050414.7043743,-0.008947372,1.589491,-0.05223418,-0.12674887,-0.016037991,0.0018734472,0.99180335
19.229567666666696,1765050414.7320647,-0.009051323,1.5892211,-0.052544482,-0.12759638,-0.015703121,0.0020947098,0.99169964
19.24697816666668,1765050414.7494752,-0.009114265,1.5890822,-0.052807786,-0.12791236,-0.015491165,0.0021101076,0.9916622
19.265070333333313,1765050414.7675674,-0.009165665,1.5889745,-0.053128846,-0.12804586,-0.0154759735,0.0020458782,0.99164534
19.28480995833337,1765050414.787307,-0.009222984,1.588851,-0.053487264,-0.12826909,-0.015754744,0.0019855113,0.99161226
