t_mono,t_wall,x,y,z,qx,qy,qz,qw
0.2701633333333575,1760562009.9093263,0.012855108,1.6085579,-0.09589884,-0.04710968,-0.005335023,0.00053461123,0.99887526
0.2909607083333867,1760562009.9301238,0.012975941,1.6084749,-0.09581724,-0.04756814,-0.005361558,0.00044744715,0.9988535
0.3099998749999031,1760562009.949163,0.013107061,1.6084332,-0.09571752,-0.04784419,-0.0053809634,0.00034643617,0.9988402
0.33294904166655215,1760562009.972112,0.013270736,1.6084157,-0.09555158,-0.04800382,-0.0054242406,0.00012901673,0.99883235
0.34987483333338787,1760562009.9890378,0.0005860384,1.6084328,0.0002914714,-0.048250724,0.02297178,0.0011666215,0.9985704
0.3671772499999406,1760562010.0063403,0.00071447814,1.6083789,0.00058376556,-0.048785213,0.022832125,0.0006185537,0.9985481
0.38905591666662076,1760562010.028219,0.0008766028,1.6082852,0.0011084354,-0.049728274,0.02244556,-0.00036863258,0.9985104
0.40971970833334126,1760562010.0488827,0.0010485649,1.6082532,0.00175035,-0.05044227,0.021576615,-0.0016129178,0.99849254
0.4270394166665028,1760562010.0662024,0.0012631416,1.6082451,0.002406299,-0.05094817,0.02027593,-0.0025665434,0.9984922
0.44430499999998574,1760562010.083468,0.0016558738,1.6082519,0.0031738258,-0.05171434,0.01849144,-0.0033157424,0.9984852
0.461559541666702,1760562010.1007226,0.0020916462,1.6081587,0.00402835,-0.052949518,0.016272578,-0.0038267418,0.99845725
0.47885825000003024,1760562010.1180212,0.0025587082,1.6080241,0.004930496,-0.054626763,0.013543881,-0.004084083,0.99840665
0.49665091666656735,1760562010.135814,0.0030934187,1.6078517,0.005881009,-0.05677702,0.010157393,-0.0041103936,0.9983268
0.5149122499999521,1760562010.1540754,0.0037144423,1.6076146,0.006869197,-0.05955139,0.006134476,-0.00400751,0.99819833
0.5321936249999908,1760562010.1713567,0.0043452354,1.607319,0.0078099645,-0.0627076,0.0018894945,-0.0038600308,0.9980227
0.549580375000005,1760562010.1887434,0.0049968334,1.6069683,0.008757827,-0.06628932,-0.0027518964,-0.0037504067,0.9977896
0.5668953749998309,1760562010.2060585,0.005610585,1.6066086,0.009669244,-0.0700872,-0.007613121,-0.0036737607,0.99750507
0.5841989583332179,1760562010.223362,0.006169319,1.6062877,0.010532528,-0.07376161,-0.012485092,-0.0034585828,0.9971917
0.6016494166665325,1760562010.2408125,0.006676254,1.606021,0.011363235,-0.077140085,-0.017097572,-0.0029479905,0.9968693
0.6248547083332596,1760562010.2640178,0.0072320076,1.6057051,0.012386826,-0.08115289,-0.02241022,-0.0018204662,0.99644804
0.6421341666666649,1760562010.2812972,0.0075531006,1.6054496,0.01309523,-0.08395905,-0.025784396,-0.0008498796,0.9961352
0.6594082499998422,1760562010.2985713,0.0077963443,1.6051381,0.013774929,-0.08668445,-0.028834796,-0.00011931742,0.99581844
0.6767138333332241,1760562010.315877,0.007997751,1.6047746,0.014428943,-0.08933921,-0.03169539,0.00038742853,0.99549675
0.6929599583331765,1760562010.332123,0.008156952,1.6043812,0.015013513,-0.09163588,-0.034139767,0.00097424054,0.9952067
0.7102261249999628,1760562010.349389,0.008286953,1.603947,0.015586168,-0.09370873,-0.03632219,0.0018061833,0.9949352
0.7275199166665516,1760562010.366683,0.008372784,1.6035421,0.016084999,-0.09524111,-0.03795025,0.0027421261,0.9947268
0.7447829583331895,1760562010.383946,0.00841361,1.6031404,0.016518382,-0.09644333,-0.03906328,0.0035421124,0.9945653
0.7620812916666182,1760562010.4012444,0.0084296465,1.6027144,0.016900957,-0.09759606,-0.039728392,0.0040282765,0.99442464
0.7795302499998797,1760562010.4186933,0.008435249,1.6022701,0.017251283,-0.09881357,-0.040049206,0.0043825856,0.9942901
0.7968559999999343,1760562010.436019,0.0084347725,1.6018394,0.017569512,-0.09996903,-0.04008641,0.0046862788,0.9941717
0.8141201666664983,1760562010.453283,0.008429942,1.6014578,0.0178425,-0.10095363,-0.039890192,0.0049131378,0.99407893
0.8314585833331876,1760562010.4706216,0.00841856,1.6011264,0.018079847,-0.101812914,-0.039422125,0.005062486,0.99400926
0.8502132083333436,1760562010.4893763,0.00839859,1.6008142,0.018308936,-0.10266763,-0.03862651,0.0050779833,0.99395245
0.8675631249998332,1760562010.506726,0.008385176,1.6005687,0.018486524,-0.10340324,-0.03774571,0.004890428,0.99391097
0.8848487083332657,1760562010.5240116,0.008390364,1.6003817,0.018636344,-0.10397887,-0.036932167,0.0045410204,0.9938832
0.9025970416666951,1760562010.54176,0.008428693,1.6002524,0.018773586,-0.1044107,-0.036316726,0.0041627055,0.9938623
0.9198919166665291,1760562010.5590549,0.0085042715,1.6001737,0.018894017,-0.104734145,-0.036011606,0.0038547623,0.9938406
0.9371701666666468,1760562010.5763333,0.008606434,1.6001308,0.019001573,-0.10497502,-0.03598501,0.0035902015,0.9938171
0.9568386666664992,1760562010.5960016,0.008727312,1.6001028,0.019105405,-0.105174534,-0.036225013,0.0033787019,0.993788
0.974363374999939,1760562010.6135263,0.008857012,1.6000727,0.019155234,-0.10529634,-0.036551334,0.0031596783,0.9937639
0.9917945833333306,1760562010.6309576,0.008981943,1.600041,0.019164175,-0.10540455,-0.03691989,0.002932104,0.9937395
1.0091128333333472,1760562010.6482759,0.009073257,1.6000035,0.019162238,-0.105489135,-0.03730187,0.0027156346,0.9937169
1.026545458333203,1760562010.6657085,0.009136081,1.5999429,0.019165784,-0.10564453,-0.037745688,0.002471812,0.99368423
1.0439212500000394,1760562010.6830842,0.0091712475,1.5998609,0.019180477,-0.105807886,-0.038289823,0.002273774,0.9936465
1.0609093333332567,1760562010.7000723,0.009178338,1.5997677,0.019203214,-0.10594012,-0.038833857,0.002125246,0.99361163
1.0783317083332804,1760562010.7174947,0.009193954,1.5996438,0.019234268,-0.10607558,-0.039389107,0.0019283147,0.99357575
1.0958146250000027,1760562010.7349777,0.009197712,1.5995119,0.019261867,-0.106166855,-0.039841443,0.0018118392,0.99354815
1.113324083333282,1760562010.7524872,0.009133873,1.5993998,0.019269494,-0.10618885,-0.040125232,0.0018081934,0.99353445
1.1307898749998913,1760562010.7699528,0.008992201,1.5992911,0.019255614,-0.10620275,-0.04011778,0.0019458389,0.993533
1.1481211666666695,1760562010.7872841,0.008755025,1.5991722,0.019213764,-0.106317185,-0.0397353,0.0020724805,0.9935358
1.165535083333225,1760562010.804698,0.008405209,1.5990592,0.01915139,-0.10651259,-0.038900565,0.0020169418,0.9935481
1.1828669999999875,1760562010.82203,0.007937074,1.5989554,0.019069463,-0.10679388,-0.0375744,0.0017756635,0.9935694
1.2002829999998994,1760562010.839446,0.007355985,1.5988654,0.01893538,-0.106996246,-0.03567456,0.0015246676,0.9936181
1.2209316666665018,1760562010.8600948,0.0065485807,1.5988452,0.018636404,-0.10683804,-0.03269407,0.0013957985,0.9937378
1.238288374999911,1760562010.8774514,0.00579763,1.5989246,0.018226987,-0.10633442,-0.029641742,0.0014052985,0.99388754
1.260424833333218,1760562010.8995879,0.004784283,1.5991044,0.017541049,-0.10555703,-0.025223183,0.0016508393,0.9940919
1.2778696666666747,1760562010.9170327,0.003980994,1.5992712,0.016979963,-0.10514741,-0.021584924,0.0020136358,0.9942203
1.2952669583332863,1760562010.93443,0.003191528,1.5994179,0.01645094,-0.10504945,-0.018068977,0.0024639466,0.99429977
1.3130358333332879,1760562010.9521987,0.0023950338,1.5995368,0.01594305,-0.105236575,-0.014916594,0.0029405162,0.994331
1.3296358333332137,1760562010.9687989,0.0016787052,1.599645,0.015530378,-0.10541318,-0.01267682,0.0033022044,0.9943422
1.3470118749999074,1760562010.9861748,0.00097322464,1.5997555,0.015196204,-0.10552086,-0.01122974,0.0035639626,0.9943473
1.3643016250000528,1760562011.0034647,0.00033652782,1.599867,0.015005887,-0.10545903,-0.010705401,0.0038701226,0.99435854
1.3892843333333076,1760562011.0284474,-0.0004853634,1.600109,0.014980433,-0.10460203,-0.01117882,0.004823899,0.99443966
1.408755708333274,1760562011.0479188,-0.0010449886,1.6004391,0.015151769,-0.103106946,-0.012305417,0.0059688855,0.9945762
1.4261734166666429,1760562011.0653365,-0.001450777,1.600846,0.015450597,-0.10121946,-0.013852331,0.007224013,0.99474144
1.4436317916665757,1760562011.082795,-0.001738662,1.6013217,0.015890038,-0.098992534,-0.015808396,0.008830748,0.9949234
1.4614843750000546,1760562011.1006474,-0.0019027619,1.6018339,0.01646891,-0.09657171,-0.018130738,0.010667852,0.9951037
1.478867208333213,1760562011.1180303,-0.0019062757,1.6023693,0.017113566,-0.09412598,-0.020784939,0.012301526,0.9952673
1.4964460416665588,1760562011.1356091,-0.0017106533,1.602967,0.017803133,-0.09140792,-0.024041656,0.013821683,0.99542737
1.5139735416667008,1760562011.1531365,-0.0012841225,1.6036103,0.0185135,-0.0885069,-0.027987901,0.015471725,0.9955621
1.5308791249999558,1760562011.170042,-0.00063943863,1.6042554,0.01922679,-0.0857062,-0.03246688,0.017215457,0.9956425
1.5482160833332728,1760562011.1873791,0.00022375584,1.6049315,0.019986838,-0.082867876,-0.03765231,0.01881297,0.9956713
1.5656578749999426,1760562011.2048209,0.0012454363,1.6056063,0.020771114,-0.08003555,-0.04319665,0.020146182,0.9956518
1.584631833333333,1760562011.223795,0.0024278164,1.6063479,0.021644354,-0.076986566,-0.04919251,0.021182632,0.99559253
1.6020249583332316,1760562011.241188,0.0035076141,1.6070521,0.02240771,-0.074150234,-0.05449303,0.021493174,0.9955251
1.6213569166666275,1760562011.26052,0.004669723,1.6078366,0.023183344,-0.07098896,-0.06012898,0.021300763,0.99543524
1.638805708333166,1760562011.2779686,0.0056455135,1.6084914,0.02385509,-0.06841505,-0.06491743,0.020943731,0.9953223
1.656389499999932,1760562011.2955525,0.006512761,1.6090524,0.024537534,-0.06625271,-0.06929524,0.020569965,0.9951812
1.6737632083331846,1760562011.3129263,0.0072202682,1.6094638,0.025252312,-0.064483255,-0.07309307,0.020183994,0.9950336
1.691326166666613,1760562011.3304892,0.0077494383,1.6097736,0.025995582,-0.06285759,-0.07629721,0.019839147,0.99490404
1.7108309583331902,1760562011.349994,0.0081142755,1.6100656,0.026735721,-0.06103378,-0.07895537,0.019587504,0.9948152
1.7281317916665557,1760562011.3672948,0.00825203,1.610272,0.027308559,-0.05948814,-0.08048013,0.01952149,0.99478793
1.7454497500000343,1760562011.3846128,0.008238015,1.6104,0.027827768,-0.058167476,-0.081411086,0.019385839,0.99479294
1.7659208333332117,1760562011.405084,0.0080474615,1.6104085,0.028418005,-0.05720474,-0.08192723,0.018875564,0.99481624
1.7879103333332296,1760562011.4270732,0.0076883407,1.6101857,0.028988717,-0.05705545,-0.08172408,0.018162927,0.99485475
1.8053499583331813,1760562011.444513,0.0073005017,1.6099197,0.02941308,-0.05726923,-0.08107149,0.01760689,0.9949058
1.8227675833331887,1760562011.4619305,0.0068538245,1.6096563,0.029833322,-0.05758987,-0.080185115,0.017154643,0.9949671
1.8407452500000545,1760562011.4799082,0.006392956,1.609411,0.030288965,-0.05788977,-0.079329886,0.016946606,0.99502176
1.8585098333333008,1760562011.4976728,0.005986804,1.6091784,0.030789161,-0.058155216,-0.07869382,0.017149052,0.99505335
1.8759882916665447,1760562011.5151513,0.005657673,1.608966,0.03131345,-0.058583193,-0.07816425,0.017667321,0.9950609
1.8933479999998326,1760562011.532511,0.0053954124,1.6087604,0.0318574,-0.0591661,-0.07765896,0.018231578,0.9950558
1.9107843333333676,1760562011.5499473,0.0051807165,1.6085687,0.032439053,-0.059773862,-0.077237815,0.018655568,0.9950444
1.9282019166666942,1760562011.567365,0.0050355196,1.608432,0.03302926,-0.060195565,-0.0770185,0.018931072,0.99503076
1.9455379999999423,1760562011.584701,0.00497365,1.6083348,0.033610016,-0.060331844,-0.07700933,0.019201595,0.99501806
1.963019791666511,1760562011.6021829,0.004983306,1.6082256,0.03416273,-0.0604433,-0.07713642,0.01949852,0.99499565
1.9803772916666276,1760562011.6195402,0.0050664516,1.608083,0.034684,-0.060787655,-0.07741648,0.019693729,0.9949491
1.997780583333224,1760562011.6369436,0.0052646967,1.6078966,0.03520986,-0.061237972,-0.07800959,0.019884482,0.9948714
2.0150834166665845,1760562011.6542463,0.005607486,1.6076889,0.03572172,-0.061644875,-0.079031155,0.020105489,0.99476117
2.0325193749999926,1760562011.6716824,0.0060868263,1.6074775,0.036209106,-0.06193626,-0.08046313,0.020110818,0.99462813
2.0508876249998593,1760562011.6900506,0.006684241,1.6072729,0.03665888,-0.062152132,-0.08221774,0.01961417,0.9944811
2.068470833333322,1760562011.7076337,0.007294655,1.6070902,0.03701502,-0.062328544,-0.083960116,0.018610582,0.99434376
2.0874619583332787,1760562011.726625,0.008005381,1.6069417,0.03734091,-0.062693335,-0.08579192,0.017197618,0.9941899
2.104762875000006,1760562011.7439258,0.008634624,1.6068082,0.03760531,-0.063355416,-0.08737259,0.015810484,0.9940333
2.12218833333327,1760562011.7613513,0.009165525,1.6066322,0.037848502,-0.0642144,-0.08883301,0.014415629,0.9938699
2.1395634999998947,1760562011.7787266,0.009563208,1.6064723,0.038045406,-0.06506443,-0.090074375,0.013182445,0.99372
2.1663646666665954,1760562011.8055277,0.009884414,1.6063073,0.038250502,-0.06606213,-0.09143902,0.011725163,0.9935478
2.188824749999867,1760562011.8279877,0.009893179,1.6061707,0.038350612,-0.06689495,-0.0921919,0.010947675,0.9934313
2.2061642916667097,1760562011.8453274,0.0097616855,1.606057,0.038405355,-0.06751204,-0.092605054,0.010547677,0.9933555
2.2236686249998456,1760562011.8628316,0.009519577,1.6059706,0.03843251,-0.06792517,-0.09278939,0.010259056,0.99331313
2.242328791666523,1760562011.881492,0.009142456,1.6058828,0.03843641,-0.06816192,-0.092667684,0.010100351,0.9933099
2.259724583333309,1760562011.8988876,0.008693451,1.605743,0.03844529,-0.068527594,-0.0922216,0.010011032,0.9933272
2.2772065833332817,1760562011.9163697,0.008138895,1.6055374,0.038512588,-0.06918924,-0.09150792,0.010005449,0.9933474
2.2946291250000286,1760562011.933792,0.0075302124,1.6052938,0.038631618,-0.06999259,-0.09066872,0.010136874,0.9933667
2.3119449999999233,1760562011.951108,0.0069335643,1.6050297,0.038771566,-0.07084808,-0.08973706,0.010498073,0.9933869
2.3294261250000545,1760562011.968589,0.0063587427,1.6047559,0.038935483,-0.07168126,-0.08876775,0.010976463,0.9934091
2.3478234583333233,1760562011.9869864,0.005791908,1.6044794,0.039132986,-0.0725082,-0.087845676,0.011406837,0.9934262
2.365140624999867,1760562012.0043037,0.005312443,1.6042532,0.039340347,-0.07325464,-0.08713969,0.011791502,0.9934291
2.3876944166665908,1760562012.0268574,0.0048509836,1.6040776,0.03958088,-0.07392517,-0.08657112,0.012385756,0.9934219
2.4045194999998785,1760562012.0436826,0.004607439,1.6040206,0.039751947,-0.07417846,-0.08638072,0.012853161,0.9934137
2.4236930416666382,1760562012.062856,0.004409194,1.6040134,0.03993106,-0.074264914,-0.08633777,0.013309568,0.9934049
2.442891416666498,1760562012.0820544,0.004286227,1.604055,0.04006907,-0.07416094,-0.08641353,0.013672528,0.99340117
2.460189375000027,1760562012.0993524,0.004237947,1.6041142,0.040155437,-0.074018046,-0.08658332,0.013857865,0.9933945
2.477583833333256,1760562012.116747,0.00426721,1.6042182,0.040178534,-0.073863104,-0.08686392,0.01381982,0.9933821
2.493947749999961,1760562012.1331108,0.004357934,1.6043379,0.040155232,-0.07378583,-0.08725521,0.013608611,0.99335647
2.5112585416666207,1760562012.1504216,0.0044876337,1.6044326,0.040109992,-0.07378157,-0.08775984,0.013205109,0.9933177
2.5286449999998695,1760562012.167808,0.004626155,1.6044831,0.04004377,-0.07390801,-0.088362746,0.012487943,0.99326414
2.546057499999961,1760562012.1852205,0.0047466755,1.6044776,0.03995943,-0.07423182,-0.089038245,0.011483942,0.9931918
2.5634714166665162,1760562012.2026343,0.004825115,1.6044044,0.03985834,-0.07468945,-0.08970752,0.010413382,0.99310905
2.5808662916665526,1760562012.2200294,0.004842758,1.6042953,0.039720893,-0.07510887,-0.090288796,0.009409667,0.9930348
2.5982407499998317,1760562012.2374039,0.0047912598,1.6041825,0.03954172,-0.07542964,-0.09073923,0.00850316,0.99297756
2.615605541666582,1760562012.2547686,0.004663706,1.6040442,0.03934145,-0.075785816,-0.09107114,0.0077532036,0.9929262
2.632984916666601,1760562012.272148,0.0044525918,1.6038542,0.039141957,-0.07636956,-0.091269754,0.0071603884,0.9928677
2.6556960000000345,1760562012.294859,0.004037738,1.6035128,0.038897574,-0.07751745,-0.09122441,0.006579,0.99278694
2.673087666666561,1760562012.3122506,0.0036046505,1.6031663,0.03872505,-0.07864946,-0.0909833,0.006272162,0.99272203
2.691176541666664,1760562012.3303397,0.0030648708,1.6027722,0.038556844,-0.07991322,-0.09060049,0.0061114663,0.99265707
2.708778374999838,1760562012.3479414,0.002478838,1.6024139,0.03839919,-0.08107053,-0.09004741,0.006214251,0.99261296
2.7261693749999267,1760562012.3653324,0.0018504858,1.6021019,0.038241535,-0.082101196,-0.08921798,0.006599527,0.9926006
2.744629249999889,1760562012.3837922,0.0011336749,1.6018046,0.038075354,-0.08309322,-0.0880122,0.007139162,0.99262196
2.7623193749998336,1760562012.4014823,0.00041794777,1.6015501,0.03792289,-0.08401733,-0.08666739,0.0075444025,0.99265957
2.7799388749999707,1760562012.419102,-0.00028324127,1.6013427,0.037778825,-0.08482706,-0.08527936,0.007840746,0.9927086
2.7977128333332075,1760562012.4368758,-0.00095886266,1.6011951,0.037634756,-0.08548651,-0.08385604,0.0080595305,0.9927715
2.819868791666522,1760562012.4590318,-0.0017992258,1.6010389,0.037442088,-0.086119734,-0.082070105,0.008219177,0.9928647
2.8373437083332647,1760562012.4765067,-0.0024727583,1.6009253,0.037279546,-0.08655121,-0.08073092,0.008203799,0.99293715
2.8568570416666716,1760562012.49602,-0.0032279491,1.6008124,0.037085682,-0.08688641,-0.07941556,0.008204307,0.9930139
2.8733477499999935,1760562012.5125108,-0.003845158,1.6006992,0.036918964,-0.08694012,-0.07845473,0.008365704,0.99308425
2.8928922499999317,1760562012.5320554,-0.0045585576,1.6005082,0.036734883,-0.08699698,-0.077419534,0.008636447,0.99315816
2.9107841249999638,1760562012.549947,-0.005243602,1.6002705,0.03656685,-0.087362625,-0.07649618,0.008735464,0.9931968
2.928165583333339,1760562012.5673287,-0.0059625534,1.5999879,0.036382582,-0.08806862,-0.075499944,0.008691242,0.99321103
2.9456176249998407,1760562012.5847807,-0.0067489147,1.5996494,0.036147386,-0.088900015,-0.07422964,0.008503371,0.99323434
2.9631648749998476,1760562012.6023278,-0.0075923204,1.5992799,0.035799026,-0.089702316,-0.07257161,0.008287739,0.99328655
2.9806033749998733,1760562012.6197665,-0.008468747,1.5989717,0.03529775,-0.09032176,-0.07060609,0.008239376,0.9933725
2.9980510833331664,1760562012.6372142,-0.009375334,1.5987543,0.03465581,-0.09065814,-0.0684619,0.008359757,0.99349093
3.015507874999912,1760562012.654671,-0.0103210155,1.598563,0.03392646,-0.090908125,-0.06616664,0.008638008,0.99362123
3.0329439166666816,1760562012.672107,-0.011302829,1.598316,0.033183724,-0.0915151,-0.06372881,0.008946329,0.9937221
3.0503264166666213,1760562012.6894894,-0.012290478,1.5980124,0.032441974,-0.092473485,-0.061113372,0.009340232,0.993794
3.0677493333332677,1760562012.7069123,-0.013263765,1.5977386,0.031671192,-0.09351979,-0.058260404,0.009951282,0.9938615
3.089687124999955,1760562012.7288501,-0.014347258,1.5975071,0.030645875,-0.09464119,-0.05426414,0.011054441,0.9939699
3.107219083333348,1760562012.746382,-0.0151466755,1.5973169,0.029869853,-0.09568575,-0.050741848,0.011913229,0.9940461
3.1257615833333148,1760562012.7649245,-0.015985727,1.5970247,0.02917245,-0.0972029,-0.04681064,0.012415948,0.9940856
3.1434106249998877,1760562012.7825737,-0.016751885,1.5967183,0.028638452,-0.09896949,-0.04303848,0.012552586,0.99408007
3.1608622916667173,1760562012.8000252,-0.01746303,1.5964421,0.028233288,-0.1006732,-0.03937735,0.0124774985,0.9940617
3.178331958333274,1760562012.8174949,-0.01808321,1.5961931,0.02796865,-0.10220611,-0.035855282,0.012461204,0.99403876
3.195779541666525,1760562012.8349426,-0.0185678,1.5959592,0.027850926,-0.10372108,-0.03247549,0.01309183,0.9939899
3.213222458333348,1760562012.8523855,-0.018916005,1.5957184,0.027862972,-0.10515919,-0.029103393,0.014638223,0.9939217
3.231127499999957,1760562012.8702905,-0.019165033,1.5954589,0.028013652,-0.10664861,-0.025667092,0.016503327,0.9938284
3.247765958333275,1760562012.886929,-0.019293547,1.5951784,0.028318822,-0.1082095,-0.022717575,0.018025173,0.99370503
3.265199624999923,1760562012.9043627,-0.019292654,1.5948021,0.028836189,-0.110156044,-0.020022748,0.019724414,0.9935168
3.2917325416665335,1760562012.9308956,-0.0189538,1.5941577,0.029880613,-0.11374315,-0.016385244,0.023370577,0.9931001
3.3099070833332007,1760562012.9490702,-0.018610353,1.5937501,0.030720925,-0.116265304,-0.014041875,0.026053755,0.9927771
3.3268416250000428,1760562012.9660046,-0.018271446,1.5934541,0.031568944,-0.11827074,-0.011982257,0.028345589,0.9925044
3.3441787083331747,1760562012.9833417,-0.017921867,1.5932387,0.032481547,-0.11988637,-0.010012479,0.030464005,0.99226964
3.3610366666666778,1760562013.0001998,-0.017601432,1.5931093,0.03340709,-0.1211901,-0.008296276,0.032252166,0.99207056
3.3785237499998857,1760562013.0176868,-0.017335715,1.5930275,0.03442612,-0.12236374,-0.0066931737,0.033917263,0.991883
3.395952624999836,1760562013.0351157,-0.017142171,1.5929691,0.035522047,-0.12354457,-0.0050978772,0.035692137,0.99168384
3.4134767083332918,1760562013.0526397,-0.01702547,1.592931,0.036676943,-0.124590635,-0.0033833028,0.03722695,0.99150383
3.4316778333331968,1760562013.0708408,-0.017043948,1.5929295,0.037886947,-0.12534371,-0.001518893,0.03809989,0.9913804
3.4492197916665646,1760562013.0883827,-0.017225623,1.5929358,0.03904438,-0.12580638,0.00017649226,0.03799615,0.99132687
3.466715000000022,1760562013.105878,-0.017546177,1.5929253,0.040169656,-0.12622312,0.001539452,0.03726092,0.99130064
3.4908455416666584,1760562013.1300085,-0.018264294,1.5929713,0.041516304,-0.12639484,0.0031233272,0.036228888,0.99131334
3.509751666666716,1760562013.1489146,-0.019078316,1.5930911,0.04233202,-0.12592362,0.0044626864,0.035398748,0.9913981
3.5272210416665075,1760562013.166384,-0.020054942,1.5932454,0.042896744,-0.1251685,0.0056642382,0.034188613,0.99153006
3.544119333333356,1760562013.1832824,-0.021127643,1.5933839,0.043291714,-0.12429201,0.0067342427,0.032998737,0.99167395
3.5614506666665875,1760562013.2006137,-0.022285046,1.5934957,0.043563094,-0.12341901,0.00791824,0.032430835,0.991793
3.5791715833331637,1760562013.2183347,-0.023443818,1.593544,0.04371631,-0.12273812,0.009564946,0.03285807,0.9918489
3.5976524999998674,1760562013.2368155,-0.024641508,1.5934579,0.043808702,-0.122514755,0.011948857,0.03413579,0.9918075
3.615059958333177,1760562013.2542229,-0.02579278,1.5932467,0.04389837,-0.12279829,0.014634476,0.035305772,0.99169546
3.632436791666578,1760562013.2715998,-0.026911916,1.5929803,0.04399642,-0.12335234,0.01736827,0.035947718,0.9915595
3.6499719583332535,1760562013.289135,-0.02795124,1.5927212,0.044083953,-0.123982534,0.019904288,0.03621883,0.99142337
3.6673891666666805,1760562013.3065522,-0.028861823,1.5924568,0.044176664,-0.12472497,0.02225043,0.036488235,0.9912705
3.6932064583331794,1760562013.3323696,-0.029919744,1.5918093,0.044602215,-0.12763266,0.025500868,0.037469167,0.9907854
3.710587166666528,1760562013.3497503,-0.030440932,1.5912783,0.045016404,-0.12999909,0.02750601,0.03851509,0.99038386
3.7271304583332494,1760562013.3662934,-0.030805172,1.5908842,0.04539254,-0.13158478,0.029143209,0.039543685,0.9900871
3.7444825833333653,1760562013.3836455,-0.031043649,1.5905926,0.04578358,-0.13254997,0.030513356,0.04054993,0.98987633
3.761904958333389,1760562013.401068,-0.031107306,1.5903244,0.046211183,-0.13332881,0.031637896,0.04146915,0.98969835
3.779194374999861,1760562013.4183574,-0.031036258,1.5900227,0.046719253,-0.1343503,0.0326615,0.04215608,0.9894979
3.7967352083333026,1760562013.4358983,-0.030917645,1.5896642,0.047314227,-0.13564624,0.033744346,0.042313684,0.989278
3.8141867083331817,1760562013.4533498,-0.030751824,1.58928,0.047929883,-0.13715503,0.034916893,0.041964658,0.98904413
3.831630083333266,1760562013.470793,-0.030549645,1.5889248,0.048532546,-0.13865983,0.03601676,0.04144436,0.98881674
3.8514992916666415,1760562013.4906623,-0.03027493,1.588524,0.049210455,-0.14042495,0.03699258,0.040649135,0.9885646
3.8690142916666446,1760562013.5081773,-0.030012012,1.588098,0.049822688,-0.14225052,0.037646316,0.039756503,0.9883152
3.892401416666644,1760562013.5315645,-0.029663743,1.5874093,0.050586905,-0.14498068,0.038419113,0.038513206,0.9879379
3.909355958333208,1760562013.548519,-0.029417163,1.5869445,0.051092383,-0.14661562,0.03889122,0.03774464,0.9877078
3.926833416666568,1760562013.5659964,-0.029163957,1.5865769,0.051580667,-0.14771217,0.039102066,0.037058633,0.98756206
3.945735041666694,1760562013.584898,-0.028886857,1.5862434,0.052111115,-0.14855681,0.038959198,0.03624264,0.9874713
3.963186124999993,1760562013.602349,-0.028646173,1.585951,0.052634623,-0.14945595,0.0386334,0.035584208,0.98737234
3.9800777916666448,1760562013.6192408,-0.028455973,1.5857087,0.05317241,-0.1502842,0.03832052,0.03492632,0.98728234
3.9983009999998558,1760562013.637464,-0.028319126,1.5855166,0.053797778,-0.15087914,0.0381034,0.03396051,0.98723364
4.026789666666673,1760562013.6659527,-0.028236628,1.5853631,0.05488515,-0.15111865,0.037734166,0.031986102,0.98727715
4.044305083333256,1760562013.683468,-0.02824521,1.5853679,0.055626035,-0.15097906,0.037233815,0.030684162,0.9873588
4.060695416666704,1760562013.6998584,-0.02829969,1.5854464,0.05637604,-0.15056169,0.036555436,0.029459113,0.98748523
4.078096499999901,1760562013.7172594,-0.02840137,1.5856105,0.05720902,-0.1498585,0.035783436,0.02820164,0.9876572
4.095564708333313,1760562013.7347276,-0.028557539,1.58587,0.0581097,-0.14880143,0.03508701,0.027180616,0.9878706
4.1129892916665085,1760562013.7521522,-0.028762931,1.5862541,0.059026543,-0.14718445,0.03454915,0.026396029,0.98815304
4.131594999999834,1760562013.770758,-0.029037243,1.5867753,0.060030874,-0.14498094,0.034196075,0.025663339,0.9885103
4.151880874999961,1760562013.791044,-0.029366016,1.5873737,0.061178863,-0.14248817,0.034094147,0.025168471,0.98888886
4.168831624999939,1760562013.8079946,-0.029581308,1.5878335,0.06218505,-0.14056483,0.034223273,0.025029013,0.9891632
4.193990499999927,1760562013.8331535,-0.029843206,1.5883787,0.06376601,-0.13830951,0.03456356,0.02484363,0.98947394
4.212161958333354,1760562013.851325,-0.030006045,1.5886602,0.06493647,-0.13720152,0.034703456,0.024475964,0.9896324
4.229198666666662,1760562013.8683617,-0.030123891,1.5888543,0.06600216,-0.13632295,0.034661908,0.023936,0.9897685
4.246722458333352,1760562013.8858855,-0.0302037,1.5889685,0.06704581,-0.13553229,0.034434672,0.023273166,0.9899008
4.2641602916667125,1760562013.9033234,-0.03022706,1.5889505,0.0680678,-0.13503723,0.033932835,0.022567881,0.9900021
4.281530374999875,1760562013.9206934,-0.03009808,1.5887662,0.069080055,-0.13510248,0.033168662,0.022052912,0.9900307
4.298875958333383,1760562013.938039,-0.029798746,1.5884948,0.0700624,-0.13567382,0.03226126,0.022116026,0.9899812
4.316219166666542,1760562013.955382,-0.029395461,1.5883048,0.070929706,-0.13635851,0.031501584,0.023074208,0.9898897
4.333671624999852,1760562013.9728346,-0.028864145,1.5883261,0.071540475,-0.13652834,0.031129234,0.02482579,0.9898357
4.359446666666599,1760562013.9986098,-0.028002739,1.58891,0.07175988,-0.1345127,0.03097898,0.027056383,0.9900579
4.376860041666532,1760562014.0160232,-0.027434945,1.5895362,0.0715242,-0.13191113,0.030725408,0.027341273,0.99040794
4.39453658333332,1760562014.0336995,-0.026850224,1.5900307,0.07122433,-0.12998295,0.030195458,0.026857194,0.9906923
4.412952749999931,1760562014.0521157,-0.026232123,1.5901821,0.07097262,-0.12950987,0.029466284,0.026067832,0.9907974
4.429623458333253,1760562014.0687864,-0.02568758,1.5900315,0.07083278,-0.13019688,0.02886695,0.025276095,0.9907455
4.447086708333245,1760562014.0862498,-0.025157513,1.5896889,0.0707697,-0.1315965,0.028323445,0.02433512,0.9905998
4.464455625000028,1760562014.1036186,-0.024655642,1.5892605,0.07078418,-0.13336842,0.027739694,0.023381012,0.9904023
4.481852583333193,1760562014.1210155,-0.02413857,1.5888407,0.0709126,-0.13518135,0.027055502,0.022731261,0.99019057
4.499238249999962,1760562014.1384013,-0.023623705,1.5885141,0.07110751,-0.13654268,0.026361402,0.022413466,0.9900297
4.526055625000026,1760562014.1652186,-0.022923708,1.5882874,0.07134724,-0.13704868,0.025303505,0.022111638,0.98999417
4.543851541666527,1760562014.1830146,-0.02252329,1.5882996,0.071475916,-0.13651526,0.024614131,0.021943482,0.99008894
4.561991583333338,1760562014.2011547,-0.022155227,1.5884005,0.0715864,-0.13579498,0.024030183,0.02188655,0.9902036
4.579460541666549,1760562014.2186236,-0.021844625,1.5885262,0.07169747,-0.13518721,0.023623383,0.021984749,0.9902944
4.597723291666625,1760562014.2368863,-0.02156693,1.5886503,0.07182136,-0.13465044,0.023341037,0.022192836,0.99036956
4.61662883333338,1760562014.255792,-0.021324515,1.5887814,0.07192409,-0.1340791,0.023220869,0.022470815,0.99044365
4.636657041666695,1760562014.27582,-0.02112341,1.588922,0.071988165,-0.13341711,0.023247052,0.022574134,0.99053013
4.660837958333332,1760562014.300001,-0.020947695,1.5891097,0.072003245,-0.1324478,0.023354976,0.022332992,0.9906631
4.678184249999958,1760562014.3173473,-0.020810962,1.5892175,0.07203543,-0.13181023,0.023404466,0.02218738,0.99075025
4.698123708333242,1760562014.3372867,-0.020640021,1.5892994,0.072118156,-0.13129154,0.023478376,0.022233885,0.99081624
4.7287035416666185,1760562014.3678665,-0.020465845,1.5894529,0.07223935,-0.13048449,0.023783017,0.022846192,0.99090177
4.746842083333377,1760562014.3860052,-0.020458879,1.5896018,0.07225904,-0.12981157,0.02410876,0.023303578,0.99097157
4.764276375000009,1760562014.4034393,-0.0204283,1.5898004,0.07225388,-0.12901716,0.024465747,0.023702035,0.99105716
4.781662916666619,1760562014.420826,-0.020387769,1.5900526,0.07222229,-0.12808184,0.024801884,0.02401777,0.9911624
4.798810166666499,1760562014.4379733,-0.020328635,1.5903367,0.0721981,-0.12710936,0.025102282,0.024293456,0.9912734
4.83012712499999,1760562014.4692903,-0.02014708,1.5909132,0.072195835,-0.12537386,0.025588537,0.024645222,0.9914733
4.859873333333326,1760562014.4990363,-0.019896807,1.5916216,0.07203695,-0.122862935,0.026180295,0.024704596,0.9917706
4.877513166666631,1760562014.5166762,-0.01965928,1.5921359,0.07176787,-0.1207534,0.026528122,0.024432281,0.9920272
4.894858749999912,1760562014.5340219,-0.019361734,1.5926032,0.07142091,-0.11859453,0.026840696,0.02409977,0.99228734
4.9134099583332045,1760562014.552573,-0.019037962,1.5929816,0.07101077,-0.11672127,0.027217636,0.024047269,0.9925004
4.9316541666667035,1760562014.5708172,-0.018741488,1.5932479,0.07053065,-0.115207404,0.02747807,0.024230208,0.99266565
4.961314541666525,1760562014.6004775,-0.018226624,1.5936098,0.069377124,-0.112304874,0.02696348,0.023951964,0.9930191
4.97778633333337,1760562014.6169493,-0.017917575,1.5937846,0.068543166,-0.11064848,0.026256546,0.024041446,0.9932218
4.9951389583332,1760562014.634302,-0.017633738,1.5938922,0.06762454,-0.10939212,0.02541682,0.024269322,0.99337727
5.012814833333323,1760562014.6519778,-0.017391386,1.5939426,0.06665787,-0.10864149,0.024492588,0.024286127,0.9934824
5.033445374999928,1760562014.6726084,-0.017163033,1.5940443,0.06541384,-0.10760631,0.023203738,0.024192186,0.9936283
5.051783624999871,1760562014.6909466,-0.017005086,1.5942106,0.064214885,-0.1063931,0.021939265,0.024104005,0.9937898
5.0690293749999,1760562014.7081923,-0.016897978,1.5943598,0.06309214,-0.10550712,0.020757692,0.023947861,0.9939134
5.091730624999855,1760562014.7308936,-0.016763682,1.5945121,0.061708752,-0.10486128,0.019154878,0.02364574,0.9940212
5.110714041666597,1760562014.749877,-0.016645903,1.5946385,0.060623888,-0.10444469,0.017760063,0.023585938,0.99409235
5.129776583333296,1760562014.7689395,-0.016514363,1.5947752,0.059614446,-0.10405213,0.01643928,0.023960812,0.99414724
5.147354291666716,1760562014.7865174,-0.016380066,1.5948826,0.058790926,-0.10384623,0.015397846,0.024530161,0.9941716
5.164799916666652,1760562014.803963,-0.016256036,1.5949434,0.05808386,-0.10383344,0.014503279,0.025051568,0.9941734
5.192402166666625,1760562014.8315651,-0.016048318,1.5949144,0.05721247,-0.1040319,0.013308723,0.02557439,0.994156
5.209972458333368,1760562014.8491354,-0.015889287,1.594841,0.056832373,-0.10434449,0.012727145,0.025834516,0.9941242
5.227501416666655,1760562014.8666644,-0.015712028,1.5947648,0.056584593,-0.10458116,0.012240429,0.025884658,0.994104
5.24494920833331,1760562014.8841121,-0.015527373,1.5947073,0.056457397,-0.10466456,0.011784077,0.025702817,0.9941055
5.262333291666664,1760562014.9014964,-0.015331268,1.5946716,0.056440294,-0.104743,0.011342682,0.025388584,0.9941105
5.280342583333322,1760562014.9195056,-0.015131831,1.5946383,0.056533754,-0.104847066,0.010983086,0.024973806,0.99411404
5.2978286249999655,1760562014.9369917,-0.014944553,1.5945947,0.05671096,-0.10488065,0.01068163,0.024606664,0.994123
5.315698291666649,1760562014.9548614,-0.014729142,1.5945215,0.056955874,-0.10488239,0.010326502,0.02416658,0.99413735
5.3331205833333115,1760562014.9722836,-0.0144917965,1.59439,0.057249665,-0.105033025,0.009915665,0.023653094,0.99413794
5.36001962499995,1760562014.9991827,-0.014039755,1.5940309,0.057810307,-0.10601061,0.009160132,0.022952186,0.9940579
5.377345958333308,1760562015.016509,-0.013673487,1.5937366,0.058198478,-0.10724439,0.008494579,0.022519886,0.9939413
5.3946876249999605,1760562015.0338507,-0.013262862,1.5934851,0.05851418,-0.10861882,0.00765852,0.021909794,0.9938125
5.412151291666532,1760562015.0513144,-0.012857085,1.5934207,0.05866563,-0.109456934,0.0068017417,0.021204874,0.993742
5.42977350000001,1760562015.0689366,-0.012481928,1.5936265,0.058543503,-0.10907971,0.00603761,0.020366067,0.993806
5.446807166666531,1760562015.0859702,-0.012150526,1.5940061,0.058200657,-0.10785301,0.0054225493,0.019464986,0.9939615
5.464143666666587,1760562015.1033068,-0.011826754,1.5944053,0.05774802,-0.10641371,0.004870804,0.01866807,0.9941347
5.481515458333206,1760562015.1206784,-0.0115274135,1.594756,0.0572784,-0.10513025,0.0044203177,0.01816801,0.99428266
5.498900791666529,1760562015.138064,-0.011246204,1.5949855,0.05687374,-0.10428768,0.0040940302,0.017888376,0.99437785
5.526616791666584,1760562015.1657798,-0.010785103,1.5949033,0.05664587,-0.10454664,0.003726614,0.01793715,0.9943512
5.544026291666569,1760562015.1831894,-0.010480523,1.5946263,0.05676341,-0.10549411,0.0036276022,0.018193396,0.99424684
5.561401291666698,1760562015.2005644,-0.010173559,1.594281,0.057016253,-0.106576145,0.0036792657,0.018440895,0.99412674
5.579445833333239,1760562015.2186089,-0.009847045,1.5939127,0.057369232,-0.1075938,0.0038065028,0.018619373,0.99401325
5.596311750000041,1760562015.2354748,-0.009517431,1.5936092,0.057723224,-0.108413555,0.003947692,0.01881192,0.99392
5.613806583333371,1760562015.2529695,-0.009137988,1.5933803,0.05805701,-0.10900755,0.003978289,0.019049643,0.9938504
5.63164166666661,1760562015.2708046,-0.008707881,1.593265,0.058310986,-0.10928499,0.003766943,0.019175688,0.99381834
5.649283875000037,1760562015.288447,-0.008243322,1.5932459,0.05845481,-0.10934879,0.0032039427,0.01903971,0.9938159
5.669461416666536,1760562015.3086245,-0.0076868534,1.5933437,0.058445334,-0.10920594,0.002258407,0.018643713,0.9938417
5.693398958333319,1760562015.332562,-0.0071303844,1.593726,0.058031976,-0.10822189,0.0011422485,0.018138103,0.9939606
5.710861958333226,1760562015.350025,-0.0067784786,1.59414,0.057508707,-0.1069296,0.00046490977,0.01790846,0.9941052
5.728309583333385,1760562015.3674726,-0.006431818,1.5945475,0.056919694,-0.105572276,-2.9862218e-05,0.017939124,0.9942498
5.744900250000001,1760562015.3840632,-0.0060952846,1.5948356,0.056382958,-0.10460498,-0.00023497485,0.01817779,0.9943477
5.761857958333167,1760562015.401021,-0.005744758,1.5949801,0.055937674,-0.10419543,-0.00019262811,0.01848553,0.994385
5.779682124999908,1760562015.4188452,-0.00536263,1.5949717,0.055605233,-0.104352504,8.859748e-05,0.018717488,0.99436426
5.7979068333331725,1760562015.43707,-0.0049471287,1.5948336,0.055408444,-0.10495675,0.0005899412,0.019010423,0.9942949
5.815138166666657,1760562015.454301,-0.0045285225,1.5945966,0.055372298,-0.10605998,0.001209378,0.019434996,0.99416906
5.832305291666671,1760562015.4714682,-0.0041142646,1.5942932,0.055465583,-0.10763368,0.0017516456,0.019796966,0.993992
5.859415666666564,1760562015.4985788,-0.0034744171,1.5938593,0.055753972,-0.11015257,0.001790084,0.01929884,0.9937257
5.876864708333187,1760562015.5160277,-0.0030733347,1.5937533,0.055961847,-0.11101854,0.0013290418,0.018605849,0.9936433
5.893985333333376,1760562015.5331483,-0.0027159397,1.5937788,0.056172613,-0.11135557,0.0008840334,0.018286498,0.993612
5.911254708333217,1760562015.5504177,-0.0024032025,1.5938436,0.056407657,-0.11168989,0.0006724191,0.018476417,0.9935711
5.929850083333349,1760562015.569013,-0.0021347431,1.5939251,0.056679633,-0.11213336,0.0007614665,0.018983958,0.9935115
5.958110124999848,1760562015.597273,-0.0018911986,1.5941306,0.057005193,-0.112221785,0.001555453,0.019713005,0.9934864
5.976346666666586,1760562015.6155097,-0.0018564463,1.5942826,0.05712849,-0.11195017,0.0024573775,0.019988455,0.9935097
5.99375208333322,1760562015.632915,-0.0018970966,1.5944085,0.05718708,-0.11166763,0.0034735086,0.020023856,0.9935378
6.011097500000005,1760562015.6502604,-0.0019653467,1.5945014,0.057195153,-0.11145985,0.0044131414,0.019825596,0.9935613
6.028497625,1760562015.6676607,-0.0020358562,1.5945563,0.057160318,-0.11138858,0.005120753,0.019494534,0.9935725
6.046031999999968,1760562015.685195,-0.0020996332,1.5945768,0.057103217,-0.11160383,0.005537773,0.019105105,0.9935537
6.063863458333344,1760562015.7030265,-0.0021567969,1.5945716,0.05702653,-0.11202066,0.005674041,0.018761428,0.9935126
6.081219333333365,1760562015.7203825,-0.0022068648,1.5945858,0.056903627,-0.11238405,0.0055759433,0.018566754,0.99347574
6.098623791666569,1760562015.7377868,-0.0022497177,1.5946537,0.05671692,-0.112477235,0.0052928985,0.018585553,0.9934663
6.11508816666651,1760562015.7542512,-0.0022730827,1.5947578,0.056501567,-0.11240089,0.004946401,0.018773288,0.9934733
6.132544708333171,1760562015.7717078,-0.0022959653,1.594871,0.05625743,-0.11234387,0.0046382956,0.01906174,0.99347574
6.149633583333298,1760562015.7887967,-0.0023266077,1.5949605,0.056029916,-0.1124503,0.0045458796,0.019382663,0.9934579
6.167139916666656,1760562015.806303,-0.0023811487,1.5950398,0.055857625,-0.112704076,0.004692231,0.019713352,0.993422
6.191995291666672,1760562015.8311584,-0.002469182,1.5951333,0.0557158,-0.11309817,0.0051668747,0.019970687,0.99336964
6.210498583333219,1760562015.8496616,-0.0025093555,1.5951582,0.055709362,-0.11349385,0.0057661366,0.020187289,0.9933168
6.228678083333307,1760562015.867841,-0.0025213389,1.59512,0.05581292,-0.11402697,0.006718495,0.020597655,0.99324137
6.245804958333338,1760562015.884968,-0.00251472,1.595036,0.056003273,-0.11453482,0.008039813,0.02112855,0.993162
6.263168416666531,1760562015.9023314,-0.0025232462,1.5949334,0.056283977,-0.11486506,0.009686928,0.021539742,0.99310035
6.2806599166665364,1760562015.919823,-0.002519006,1.594792,0.056624,-0.11492693,0.011404514,0.02154076,0.9930749
6.298201416666643,1760562015.9373643,-0.002495828,1.5946155,0.057003643,-0.114797786,0.012994636,0.021017766,0.9930815
6.3171436249999715,1760562015.9563067,-0.0024764538,1.5943437,0.057488322,-0.114757515,0.014568757,0.020142324,0.99308246
6.3365798333331895,1760562015.9757428,-0.002465549,1.5939068,0.05811682,-0.11528537,0.016255267,0.019418513,0.99300957
6.359002333333365,1760562015.9981654,-0.0024673939,1.5931937,0.059020042,-0.11696352,0.01840618,0.01900299,0.9927838
6.376504833333229,1760562016.015668,-0.0024739504,1.5925834,0.059788406,-0.11890808,0.02009813,0.018820066,0.99252343
6.396999124999866,1760562016.0361621,-0.0024478436,1.5920303,0.060554802,-0.12127907,0.021957574,0.01902282,0.9921932
6.414378875000011,1760562016.053542,-0.002367559,1.5918736,0.060897257,-0.122630544,0.023337474,0.019908631,0.9919782
6.432040583333219,1760562016.0712037,-0.0022423267,1.5921214,0.0608207,-0.12260169,0.024414528,0.021034198,0.99193263
6.458346666666557,1760562016.0975096,-0.0020561842,1.5931559,0.06003317,-0.1198275,0.025059514,0.021745898,0.99224013
6.475787458333343,1760562016.1149504,-0.0018981695,1.5939513,0.059331,-0.11741493,0.024831899,0.021556146,0.9925384
6.493910624999899,1760562016.1330736,-0.0017074347,1.5946066,0.05870402,-0.11557976,0.024336929,0.021482604,0.99276763
6.511301458333264,1760562016.1504645,-0.0015691464,1.5949733,0.058338527,-0.11484877,0.023952458,0.021733953,0.9928563
6.5294867916666135,1760562016.16865,-0.0014630556,1.5950751,0.058229506,-0.11492644,0.023819722,0.022292716,0.99283814
6.547031583333364,1760562016.1861947,-0.0014056022,1.5950032,0.058345255,-0.115289345,0.023923837,0.022930421,0.9927791
6.5645611666666355,1760562016.2037241,-0.0014008284,1.5948364,0.058671534,-0.11564173,0.024286218,0.023570122,0.9927143
6.58217462499988,1760562016.2213376,-0.0014263391,1.5946081,0.059178233,-0.11590938,0.024922373,0.024274327,0.99265033
6.598872124999843,1760562016.2380352,-0.0014457703,1.5943725,0.05974579,-0.116062015,0.025764145,0.025024733,0.9925924
6.63234866666653,1760562016.2715118,-0.0013808012,1.593907,0.06101489,-0.116473615,0.027490223,0.026360728,0.9924633
6.657535583333356,1760562016.2966986,-0.0012001991,1.5937203,0.061884522,-0.116560474,0.028289221,0.027043393,0.99241227
6.676541666666708,1760562016.3157046,-0.0010092258,1.5937803,0.062335253,-0.11594192,0.028484413,0.027313482,0.9924717
6.697786499999893,1760562016.3369496,-0.00076960964,1.5940639,0.06258524,-0.1143703,0.028291544,0.027376287,0.99265784
6.729799999999841,1760562016.368963,-0.00039601326,1.5945787,0.06268048,-0.11185319,0.027421856,0.027081944,0.9929771
6.7472300833333065,1760562016.386393,-0.00020736731,1.5947323,0.06273398,-0.11108497,0.026885163,0.026884532,0.99308336
6.7647532500000125,1760562016.4039164,-3.9458275e-05,1.5948112,0.06281191,-0.11067882,0.026479753,0.026787044,0.9931422
6.782096083333272,1760562016.4212592,0.000103956016,1.594844,0.06290484,-0.11047394,0.026260575,0.026815489,0.9931701
6.799541583333166,1760562016.4387045,0.00023537599,1.5948465,0.063011974,-0.11033647,0.026202576,0.026907424,0.9931844
6.82557262499995,1760562016.4647357,0.00041497304,1.5948563,0.063190825,-0.11004921,0.026336644,0.027097814,0.9932076
6.844372458333282,1760562016.4835355,0.0005373955,1.5949013,0.06330794,-0.109588616,0.026602183,0.027171781,0.9932494
6.863124583333274,1760562016.5022876,0.0006623213,1.5949827,0.06340002,-0.108890355,0.027004123,0.027165256,0.9933155
6.8806617916666255,1760562016.5198247,0.00079148734,1.5950803,0.063479334,-0.10809929,0.027483793,0.027077826,0.99339116
6.898184833333289,1760562016.5373478,0.0009405613,1.5952055,0.06355327,-0.107219145,0.028010808,0.026913635,0.9934763
6.9156829999999445,1760562016.554846,0.0011190176,1.5953457,0.06361997,-0.10629114,0.028523795,0.026659252,0.99356824
6.9330877083332325,1760562016.5722508,0.0013297796,1.5955012,0.06367779,-0.10534073,0.028958876,0.026295852,0.9936666
6.958971916666542,1760562016.598135,0.0017207861,1.5957642,0.06375265,-0.10395338,0.029449355,0.025676364,0.99381447
6.976531583333326,1760562016.6156945,0.0020483788,1.5959519,0.06380475,-0.10308761,0.029651871,0.025311636,0.9939079
6.99414237499991,1760562016.6333053,0.0024383012,1.5961615,0.063856475,-0.10224174,0.029768629,0.025063919,0.9939981
7.011548875000017,1760562016.6507118,0.0028715078,1.596397,0.06390905,-0.101283446,0.029778859,0.024738338,0.994104
7.028906083333368,1760562016.6680691,0.0033329725,1.5966594,0.06394178,-0.10023259,0.029715296,0.024285438,0.99422365
7.047284583333294,1760562016.6864476,0.0038446188,1.5969725,0.06392676,-0.098987944,0.029596886,0.023745721,0.9943649
7.0646655000000464,1760562016.7038286,0.0043470804,1.5973125,0.06383043,-0.09766342,0.029467909,0.023313323,0.9945099
7.082159166666543,1760562016.7213223,0.004822612,1.5976723,0.06364864,-0.096152894,0.029310009,0.022848204,0.9946726
7.099556291666659,1760562016.7387192,0.0052470025,1.598002,0.06340755,-0.094710454,0.029087314,0.022289041,0.9948302
7.123598958333332,1760562016.762762,0.005783558,1.5983393,0.06299204,-0.09302688,0.028653963,0.021460934,0.9950198
7.14386070833325,1760562016.7830238,0.006147271,1.598526,0.0625403,-0.09186941,0.028179327,0.020685812,0.9951573
7.161390333333202,1760562016.8005533,0.006392127,1.5986214,0.062055353,-0.090989746,0.027707634,0.019886635,0.9952677
7.178859416666683,1760562016.8180225,0.0065586623,1.5986248,0.061496917,-0.090401575,0.027253615,0.019142177,0.9953484
7.1962594999999965,1760562016.8354225,0.0066106888,1.5985247,0.060867812,-0.09018769,0.026879266,0.01843263,0.99539137
7.213682874999904,1760562016.852846,0.0065340996,1.5983462,0.06013435,-0.09024687,0.026651002,0.017767115,0.99540424
7.231181500000048,1760562016.8703444,0.0063257273,1.5981207,0.059255306,-0.090502806,0.026548645,0.017045889,0.9953963
7.249058416666685,1760562016.8882215,0.0059880586,1.5978758,0.058189478,-0.09093591,0.02656084,0.01633946,0.99536836
7.26654587500002,1760562016.9057088,0.0055580083,1.5976119,0.0569936,-0.0915798,0.026660427,0.015691824,0.9953171
7.292158666666637,1760562016.9313216,0.004781246,1.5972047,0.05508536,-0.0932588,0.026734794,0.014555741,0.9951765
7.309739791666516,1760562016.9489028,0.0041570663,1.5969858,0.0536654,-0.09476611,0.026677271,0.013646082,0.99504846
7.327258208333205,1760562016.9664211,0.003471136,1.59689,0.052057743,-0.09609931,0.026495626,0.012605601,0.9949392
7.345080000000053,1760562016.984243,0.0027188119,1.5969601,0.05017442,-0.096931465,0.026234727,0.0115704825,0.99487793
7.362518791666616,1760562017.0016818,0.001974225,1.5971944,0.048102975,-0.09726324,0.02602502,0.010936951,0.99485826
7.3797396249999565,1760562017.0189025,0.0012379885,1.5974936,0.04587984,-0.09741085,0.025924621,0.010700508,0.994849
7.397629874999893,1760562017.036793,0.0004616352,1.5977813,0.043422606,-0.097638406,0.025972418,0.010625041,0.99482626
7.415024833333291,1760562017.0541878,-0.00029611588,1.598026,0.040896654,-0.09791568,0.026294626,0.01068765,0.99478984
7.432992624999997,1760562017.0721557,-0.0010670424,1.5982242,0.03815475,-0.098256275,0.026975915,0.010798858,0.9947369
7.449768499999891,1760562017.0889316,-0.0017579794,1.5983379,0.035510182,-0.09882265,0.027932374,0.010788941,0.9946545
7.467453833333366,1760562017.1066167,-0.0024313983,1.5983685,0.032684203,-0.09980439,0.029297907,0.010694842,0.9945181
7.492585958333166,1760562017.131749,-0.0031283526,1.5982049,0.02876365,-0.10208839,0.031806048,0.010477808,0.9942115
7.509971999999834,1760562017.149135,-0.003472629,1.5978554,0.026187627,-0.104554504,0.03372771,0.010116192,0.9938956
7.52706308333336,1760562017.1662261,-0.0037286226,1.5973183,0.023837572,-0.10752338,0.03527559,0.0094871875,0.9935313
7.544598291666716,1760562017.1837614,-0.003902316,1.5966687,0.02167663,-0.11072816,0.03617581,0.008524841,0.99315554
7.562021374999858,1760562017.2011845,-0.004021588,1.5960339,0.019840537,-0.11369041,0.036275126,0.007367908,0.9928264
7.57955287499999,1760562017.218716,-0.0041073505,1.5954697,0.018286115,-0.11621583,0.03576249,0.006278441,0.9925601
7.5973063750000165,1760562017.2364695,-0.004179364,1.5950134,0.016968245,-0.11815716,0.034815453,0.0054514552,0.9923694
7.614697333333197,1760562017.2538602,-0.004250765,1.594673,0.01592344,-0.11946373,0.033634163,0.0049564196,0.99225634
7.63204662499993,1760562017.2712097,-0.004341727,1.5944184,0.015080686,-0.12028659,0.03228799,0.0046881656,0.9922029
7.6496318333333875,1760562017.2887948,-0.0044490723,1.5942739,0.01439887,-0.12057246,0.030877823,0.004547755,0.9922138
7.667182416666719,1760562017.3063455,-0.004578295,1.5942345,0.013832328,-0.12037364,0.02952579,0.0045050867,0.99227923
7.684894958333189,1760562017.324058,-0.004723969,1.5942897,0.013344792,-0.119892046,0.028214484,0.004464739,0.9923759
7.702424416666645,1760562017.3415875,-0.004882807,1.5943978,0.012929087,-0.11936667,0.02695619,0.0043101935,0.9924749
7.72424270833335,1760562017.3634057,-0.005104184,1.5945153,0.012482166,-0.11879333,0.02535683,0.0038057477,0.99258786
7.744045124999957,1760562017.383208,-0.0053287745,1.5945883,0.012129873,-0.11851372,0.023867682,0.0032165092,0.99266034
7.761380416666498,1760562017.4005435,-0.0055701733,1.5945467,0.01183933,-0.11842328,0.022655888,0.002832064,0.99270064
7.778071666666619,1760562017.4172347,-0.0058054924,1.5945492,0.0115662515,-0.11838673,0.021660952,0.0026928778,0.99272764
7.795735499999864,1760562017.4348986,-0.006083006,1.5945445,0.011290346,-0.1184169,0.020767475,0.0027527625,0.99274296
7.813177833333384,1760562017.4523408,-0.0063818125,1.5945257,0.011045066,-0.118525594,0.02002102,0.0029722329,0.9927447
7.83099137499994,1760562017.4701543,-0.006711903,1.5944899,0.010836569,-0.11870257,0.01935391,0.0032836245,0.9927358
7.848346750000019,1760562017.4875097,-0.007060403,1.5944489,0.010669445,-0.11892727,0.018863231,0.0036084517,0.9927172
7.8657835416665876,1760562017.5049465,-0.0074388413,1.5944114,0.010528383,-0.11914934,0.018546773,0.0038904084,0.9926955
7.883602624999867,1760562017.5227656,-0.007838726,1.5943923,0.010408372,-0.119338766,0.018429268,0.0041954196,0.9926737
7.9006627916667185,1760562017.539826,-0.00822103,1.5944033,0.010325164,-0.11941609,0.018507697,0.00457756,0.99266124
7.920932125000036,1760562017.560095,-0.008663416,1.5944779,0.010273367,-0.11927137,0.01883448,0.004970454,0.9926706
7.938042333333215,1760562017.5772054,-0.009021821,1.5946096,0.0102673145,-0.11884742,0.019273298,0.005239661,0.9927116
7.958188583333367,1760562017.5973516,-0.00941813,1.5948217,0.010330677,-0.118062176,0.019888971,0.0054338337,0.9927921
7.975603958333295,1760562017.614767,-0.009726042,1.595001,0.010497187,-0.117326446,0.020299014,0.005368851,0.99287146
7.997012999999924,1760562017.636176,-0.010020199,1.5951562,0.010881302,-0.11661917,0.020394597,0.0050288537,0.99295455
8.01442383333324,1760562017.6535869,-0.010176534,1.5952072,0.011350636,-0.11627001,0.020148994,0.0047057536,0.9930021
8.032920958333307,1760562017.672084,-0.01026434,1.5951777,0.012019691,-0.1161563,0.019693991,0.004412306,0.9930259
8.050264499999912,1760562017.6894276,-0.010275006,1.5950682,0.012817353,-0.116436444,0.019215753,0.0043200636,0.99300283
8.068308624999872,1760562017.7074716,-0.010203424,1.5949032,0.013788429,-0.11714432,0.01872277,0.0044719987,0.9929284
8.092345541666646,1760562017.7315085,-0.009980315,1.5946865,0.01517639,-0.11827255,0.01810016,0.004956789,0.9928038
8.109703500000023,1760562017.7488666,-0.009746909,1.5946126,0.016122192,-0.118867874,0.017593224,0.005220233,0.99274045
8.129612958333382,1760562017.768776,-0.0094150305,1.5946417,0.017010212,-0.119259104,0.016744895,0.0052801883,0.9927079
8.147038749999865,1760562017.7862017,-0.009085774,1.59481,0.017595798,-0.11918324,0.015754255,0.0053144665,0.9927331
8.16413116666672,1760562017.8032942,-0.008750978,1.5950814,0.017985163,-0.11873259,0.014712093,0.005367152,0.99280274
8.181514291666645,1760562017.8206773,-0.008431259,1.5954019,0.01822531,-0.118067436,0.013616753,0.005363586,0.9928977
8.19893183333329,1760562017.838095,-0.008150095,1.5956979,0.01835454,-0.117523044,0.012292321,0.004979553,0.9929816
8.226942416666589,1760562017.8661053,-0.0077698287,1.5961385,0.018328512,-0.11693355,0.009405113,0.0036396128,0.99308854
8.244097999999894,1760562017.883261,-0.007559657,1.5963767,0.018143505,-0.11648608,0.0073446096,0.0028834604,0.993161
8.261452374999863,1760562017.9006155,-0.0073586702,1.5965519,0.017849356,-0.11617591,0.005209791,0.0023233255,0.9932123
8.279018958333381,1760562017.918182,-0.0071766376,1.5965849,0.017457306,-0.1163719,0.0031043699,0.0021970326,0.9931984
8.296720499999992,1760562017.9358835,-0.006991625,1.5964391,0.016988575,-0.11730179,0.0010166493,0.002502037,0.99309266
8.314177083333334,1760562017.95334,-0.006770435,1.5961399,0.016498325,-0.11874705,-0.0011535684,0.0029377379,0.9929195
8.330893083333194,1760562017.970056,-0.0065248013,1.5957317,0.016033858,-0.120475166,-0.0034822028,0.0030804027,0.99270546
8.348276374999841,1760562017.9874394,-0.006240487,1.5952258,0.015572816,-0.122600675,-0.0061279335,0.002907968,0.99243295
8.365692958333284,1760562018.0048559,-0.0059015183,1.5947007,0.0151025625,-0.12468803,-0.008883445,0.002714996,0.99215245
8.39489258333333,1760562018.0340557,-0.00531137,1.5940971,0.01415664,-0.1265835,-0.013242449,0.0026792884,0.99186397
8.412223874999881,1760562018.0513868,-0.00501287,1.5939302,0.013523608,-0.12672384,-0.015507288,0.0026527327,0.9918133
8.429580666666652,1760562018.0687437,-0.0047786236,1.5938091,0.012925893,-0.12672023,-0.01747879,0.0024998316,0.99178135
8.447233916666619,1760562018.086397,-0.004634261,1.5937166,0.012389481,-0.1268078,-0.01911244,0.0022870384,0.9917405
8.464688124999839,1760562018.103851,-0.0045738164,1.5936717,0.011907314,-0.12686576,-0.020302137,0.0021215156,0.9917098
8.482404708333206,1760562018.1215677,-0.0045695305,1.5936961,0.011465102,-0.12673214,-0.021172108,0.0019084684,0.9917092
8.499924583333268,1760562018.1390877,-0.004610181,1.5937889,0.01107198,-0.12642421,-0.02181041,0.0016882002,0.99173504
8.518601999999873,1760562018.157765,-0.004741907,1.5939615,0.010675967,-0.12582026,-0.022298377,0.0014334486,0.9918014
8.536489999999958,1760562018.175653,-0.0049877167,1.5942004,0.010317951,-0.12502153,-0.022574922,0.0010025046,0.9918967
8.559401875000049,1760562018.198565,-0.0055077076,1.594574,0.009910643,-0.12386074,-0.022500513,0.00045737135,0.9920444
8.576316124999948,1760562018.2154791,-0.006055355,1.5948536,0.009664744,-0.12305448,-0.022155762,0.000105135034,0.9921526
8.593789999999899,1760562018.232953,-0.0067173243,1.5951453,0.009491116,-0.12228447,-0.02176606,-0.0002420867,0.99225634
8.61130004166671,1760562018.250463,-0.007506972,1.5954359,0.009361352,-0.12147214,-0.021598075,-0.00053146057,0.9923597
8.629716708333262,1760562018.2688797,-0.0084728,1.5957565,0.00923425,-0.120297454,-0.021759888,-0.0006129692,0.99249923
8.647100333333356,1760562018.2862635,-0.009476662,1.5960679,0.009108543,-0.1185641,-0.02199689,-0.00021673256,0.99270266
8.664539874999946,1760562018.3037028,-0.010572377,1.5963709,0.008972344,-0.116526246,-0.022038257,0.00075871265,0.9929428
8.682026416666531,1760562018.3211894,-0.011790276,1.5966477,0.008753747,-0.114412904,-0.021826629,0.0019634843,0.99319154
8.70038329166664,1760562018.3395462,-0.013168216,1.5969326,0.008428752,-0.11207998,-0.02148693,0.0032867698,0.99346143
8.726798833333305,1760562018.3659618,-0.015247231,1.597324,0.0078791035,-0.10869535,-0.02086574,0.0054938337,0.99384093
8.743997249999893,1760562018.3831604,-0.01663083,1.5975345,0.007477877,-0.106373206,-0.020092186,0.0072910436,0.9940965
8.760538416666577,1760562018.3997014,-0.01796782,1.5977409,0.0070429444,-0.10420179,-0.018908095,0.00915747,0.9943343
8.77803829166669,1760562018.4172013,-0.019371033,1.5980182,0.006513983,-0.101830676,-0.01731559,0.010918656,0.9945912
8.795481166666605,1760562018.4346442,-0.020718217,1.5983844,0.0059192777,-0.09927467,-0.015663648,0.012329077,0.99486035
8.81293391666668,1760562018.452097,-0.021968842,1.5988249,0.0052524507,-0.09632547,-0.013930384,0.013779885,0.995157
8.83125337499996,1760562018.4704163,-0.023150744,1.5993538,0.0044639087,-0.09273197,-0.011838532,0.015602762,0.9954985
8.849006916666667,1760562018.48817,-0.024154425,1.5998994,0.0036352575,-0.089089744,-0.009628894,0.017525582,0.99582285
8.866520916666559,1760562018.505684,-0.024989372,1.6004322,0.002801801,-0.0857618,-0.0075096358,0.01951755,0.99609613
8.894182666666666,1760562018.5333457,-0.025904298,1.6013026,0.001427412,-0.08106991,-0.004050756,0.023231108,0.99642944
8.911754499999915,1760562018.5509176,-0.02633077,1.601959,0.00045409563,-0.077680804,-0.0014310301,0.025577482,0.9966491
8.93215920833336,1760562018.5713222,-0.026729709,1.6028116,-0.00076357,-0.07332949,0.0018985004,0.027692797,0.99692136
8.956253916666583,1760562018.595417,-0.027058601,1.6038293,-0.0021758974,-0.0686522,0.0056607258,0.029134247,0.99719906
8.973779499999864,1760562018.6129425,-0.027225738,1.6045748,-0.0031027244,-0.065708786,0.008202801,0.029661147,0.99736416
8.993800541666587,1760562018.6329637,-0.02734387,1.6054566,-0.004060328,-0.062492944,0.01109946,0.03017671,0.99752736
9.01120908333337,1760562018.650372,-0.027376765,1.6062437,-0.0048407866,-0.059565306,0.013522361,0.030401321,0.99766976
9.028679708333357,1760562018.6678426,-0.027362471,1.6070219,-0.005581145,-0.05646031,0.015688602,0.030175861,0.9978254
9.046155249999856,1760562018.6853182,-0.02731287,1.6077447,-0.006280805,-0.05328323,0.017488189,0.02946237,0.9979915
9.064162958333327,1760562018.703326,-0.027246958,1.6084129,-0.006964092,-0.05004758,0.019011516,0.028420132,0.9981614
9.081572041666504,1760562018.720735,-0.027225733,1.6089735,-0.007599741,-0.047017828,0.020270359,0.027257072,0.99831635
9.099030666666522,1760562018.7381938,-0.02724874,1.6094418,-0.008221835,-0.04412337,0.02141936,0.026169753,0.99845356
9.1249740833332,1760562018.764137,-0.027289629,1.6100284,-0.00915724,-0.04007709,0.02291235,0.024769533,0.9986267
9.143108583333287,1760562018.7822716,-0.027320027,1.6103556,-0.009825915,-0.037551995,0.023694301,0.023917573,0.9987274
9.160509333333266,1760562018.7996724,-0.027337426,1.6105742,-0.01045313,-0.035638303,0.024233125,0.023344174,0.99879813
9.178046958333198,1760562018.81721,-0.027319437,1.6106743,-0.011041139,-0.034350097,0.02460749,0.023238996,0.9988366
9.195716958333378,1760562018.8348799,-0.027253985,1.6106892,-0.011578053,-0.03352703,0.024962625,0.023676634,0.99884546
9.218999166666663,1760562018.8581622,-0.027097048,1.6106853,-0.012217554,-0.032676425,0.025504282,0.024560608,0.9988386
9.23601050000002,1760562018.8751736,-0.02692008,1.6106919,-0.012655258,-0.031999376,0.0259292,0.025090992,0.9988364
9.253439083333205,1760562018.8926022,-0.026673669,1.6106778,-0.013062025,-0.031466916,0.026319353,0.025363509,0.9988363
9.271056416666625,1760562018.9102194,-0.026340961,1.6106057,-0.013349235,-0.031253975,0.026658256,0.025361342,0.998834
9.290207333333228,1760562018.9293704,-0.025889635,1.6104767,-0.0135068,-0.03136806,0.026921393,0.02505431,0.9988311
9.307262833333198,1760562018.946426,-0.025428714,1.6103442,-0.013543847,-0.03162507,0.027018035,0.024509888,0.9988339
9.325405374999946,1760562018.9645684,-0.024887562,1.610204,-0.013477832,-0.031859767,0.026901737,0.023680065,0.99884963
9.342969166666535,1760562018.9821322,-0.024321556,1.6100807,-0.013324589,-0.03190776,0.026522992,0.022755858,0.9988797
9.360424125000009,1760562018.999587,-0.023732549,1.6100081,-0.013095562,-0.031631883,0.025929896,0.021930357,0.99892247
9.378014499999836,1760562019.0171776,-0.023135066,1.6100249,-0.012822866,-0.030862302,0.025180595,0.021205882,0.99898136
9.395439249999981,1760562019.0346022,-0.022566738,1.6101266,-0.012505057,-0.029632257,0.02438123,0.020524759,0.99905264
9.412156833333256,1760562019.0513198,-0.022056222,1.6102586,-0.012133062,-0.028267859,0.023651619,0.019986378,0.9991207
9.429609374999927,1760562019.0687723,-0.021567225,1.6104059,-0.011672914,-0.026920572,0.023002746,0.01955999,0.99918145
9.447178041666575,1760562019.0863411,-0.021128297,1.6106062,-0.011157811,-0.02527673,0.022459602,0.019230459,0.99924314
9.464742041666568,1760562019.103905,-0.020746946,1.610926,-0.010605276,-0.022986632,0.022027535,0.018943755,0.99931353
9.482228374999977,1760562019.1213913,-0.020442486,1.6113743,-0.009985268,-0.020277841,0.021738417,0.018632738,0.99938434
9.499872666666533,1760562019.1390357,-0.020196676,1.6118977,-0.009299785,-0.017393922,0.021578029,0.018378716,0.99944687
9.525123833333282,1760562019.1642869,-0.019887509,1.6127264,-0.00828788,-0.012831296,0.021515602,0.018239535,0.99951977
9.543221833333291,1760562019.182385,-0.019689025,1.6133934,-0.007558527,-0.0092668915,0.021474348,0.01811911,0.9995622
9.560999958333241,1760562019.200163,-0.019517303,1.6140587,-0.006844759,-0.005795346,0.021376343,0.017835332,0.99959564
9.578498874999923,1760562019.2176619,-0.019379253,1.6147007,-0.00618809,-0.0026820747,0.021286536,0.017596865,0.99961495
9.595960708333223,1760562019.2351236,-0.019264163,1.615315,-0.005576732,0.00011063615,0.02124201,0.017472057,0.9996217
9.613411416666622,1760562019.2525744,-0.019158244,1.6158733,-0.004979372,0.0026787322,0.021246664,0.017429736,0.9996187
9.631086166666591,1760562019.2702491,-0.01906228,1.6163796,-0.00439474,0.005029352,0.021362333,0.017449675,0.9996069
9.648791708333192,1760562019.2879548,-0.018985033,1.6168219,-0.00383389,0.0071898038,0.021557188,0.017447794,0.9995895
9.666422541666634,1760562019.3055856,-0.01892829,1.6172233,-0.0033097565,0.009243518,0.021816352,0.017378489,0.99956816
9.692923999999948,1760562019.332087,-0.018846631,1.617753,-0.0026938021,0.012095116,0.02229354,0.01716812,0.99953085
9.70984558333339,1760562019.3490086,-0.018811822,1.6180091,-0.0023611486,0.013544263,0.022681477,0.017076232,0.9995051
9.727298124999834,1760562019.366461,-0.018793644,1.6181995,-0.0020336532,0.014651897,0.023164824,0.017067716,0.9994786
9.74470233333318,1760562019.3838654,-0.018796863,1.618328,-0.0017330074,0.015440895,0.023707796,0.017032247,0.99945456
9.762328583333328,1760562019.4014916,-0.01883459,1.6184464,-0.0014770031,0.01606176,0.024316978,0.016961398,0.9994314
9.779134166666609,1760562019.4182973,-0.018884959,1.6185629,-0.0012771809,0.016529964,0.024887532,0.016879028,0.9994111
9.796425333333218,1760562019.4355884,-0.01892406,1.6186733,-0.0011005425,0.016926957,0.025418721,0.016821986,0.999392
9.81383787499999,1760562019.4530008,-0.018946642,1.6187572,-0.000932808,0.017149396,0.025839569,0.016847346,0.999377
9.831824624999854,1760562019.4709876,-0.018951654,1.6188033,-0.0007573068,0.017154947,0.026134444,0.01694517,0.9993676
9.849295916666506,1760562019.4884589,-0.018953862,1.6188152,-0.00058174366,0.017001787,0.02641192,0.017056908,0.999361
9.866150833333222,1760562019.5053139,-0.018985033,1.6188211,-0.00042188168,0.016889717,0.026966361,0.01711437,0.9993471
9.892695624999988,1760562019.5318587,-0.019124389,1.6188942,-0.00013399124,0.016968621,0.028280143,0.016623717,0.99931777
9.910134624999955,1760562019.5492976,-0.019230247,1.6189524,6.28829e-05,0.01706539,0.029148513,0.016177703,0.99929845
9.927525333333278,1760562019.5666883,-0.019327765,1.6189828,0.00025969275,0.017102532,0.02992536,0.015843,0.9992802
9.9452602916665,1760562019.5844233,-0.01941514,1.6189823,0.00045868754,0.017011633,0.030568367,0.01563246,0.9992656
9.962950208333268,1760562019.6021132,-0.019487262,1.6189418,0.0006494224,0.016775582,0.030992303,0.015563611,0.9992576
9.989922666666644,1760562019.6290858,-0.019532146,1.6187768,0.0008795238,0.016051311,0.03114057,0.015681485,0.9992631
10.007380750000038,1760562019.6465437,-0.019525351,1.6186047,0.0010057664,0.015296278,0.03089208,0.01589021,0.9992794
10.024792374999834,1760562019.6639555,-0.019493045,1.6183726,0.0011188961,0.01429169,0.030408435,0.016152987,0.99930483
10.043559166666682,1760562019.682722,-0.019433202,1.6180502,0.0012220419,0.012907087,0.029713929,0.016501775,0.99933887
10.060640499999863,1760562019.6998036,-0.019359231,1.6177008,0.0013054907,0.011474563,0.028993964,0.016853897,0.99937165
10.07810362500004,1760562019.7172666,-0.019286217,1.6173255,0.0013616956,0.010019774,0.028175127,0.017122775,0.9994061
10.095691833333376,1760562019.734855,-0.01921451,1.6169751,0.0013932288,0.008688421,0.027291514,0.017293539,0.99944013
10.113163958333189,1760562019.752327,-0.019137383,1.6166508,0.0014262199,0.0075260317,0.02640845,0.017452346,0.9994706
10.13187599999992,1760562019.771039,-0.019045824,1.616308,0.0014703022,0.0061797495,0.025540026,0.017615441,0.9994995
10.148839666666618,1760562019.7880027,-0.018957615,1.6160012,0.0015206933,0.0049368734,0.024738489,0.017646575,0.999526
10.166409666666596,1760562019.8055727,-0.018883228,1.615738,0.0015785396,0.0037264659,0.023864532,0.017514868,0.9995548
10.19086233333337,1760562019.8300254,-0.018792152,1.6154411,0.0016750097,0.0020975652,0.022709444,0.01746358,0.9995874
10.210988166666539,1760562019.8501513,-0.01871562,1.6152252,0.0017717779,0.0008637986,0.021908887,0.017568052,0.99960524
10.227401541666723,1760562019.8665645,-0.018658161,1.6150861,0.0018561482,9.2975115e-06,0.021367243,0.017713767,0.9996148
10.244885833333228,1760562019.884049,-0.018606186,1.6149619,0.001955241,-0.00077912793,0.020871371,0.017810958,0.9996232
10.262447749999865,1760562019.9016109,-0.018563991,1.6148539,0.0020634485,-0.0014057102,0.02046941,0.017773781,0.9996315
10.280154249999896,1760562019.9193172,-0.018567085,1.6147575,0.0022118986,-0.0019218093,0.02017262,0.017696746,0.999638
10.297575999999935,1760562019.936739,-0.01861537,1.6146636,0.0023946716,-0.0023872124,0.01998171,0.017622694,0.99964213
10.322290249999924,1760562019.9614532,-0.018675804,1.6144865,0.0026459992,-0.003148874,0.019873962,0.017532269,0.9996438
10.340417749999915,1760562019.9795809,-0.018713593,1.6143075,0.002812326,-0.003799965,0.01983549,0.017454041,0.9996437
10.358490500000016,1760562019.9976535,-0.018741364,1.6140851,0.0029578554,-0.0045377524,0.019765833,0.017254984,0.9996454
10.376194041666622,1760562020.015357,-0.018774873,1.6138533,0.0030818237,-0.005311521,0.01961865,0.017068043,0.99964774
10.393662374999849,1760562020.0328255,-0.018805088,1.6136191,0.0031851507,-0.0060956054,0.019396797,0.016930573,0.9996499
10.410908791666543,1760562020.0500717,-0.018818384,1.6133711,0.0032717837,-0.006950376,0.019109573,0.016778665,0.9996524
10.428603458333328,1760562020.0677664,-0.018815817,1.6131111,0.0033460534,-0.0078409985,0.018741295,0.016660877,0.99965477
10.445636624999906,1760562020.0847995,-0.018802166,1.6128864,0.003402114,-0.00856094,0.018312434,0.016571913,0.99965835
10.464211083333339,1760562020.103374,-0.018779635,1.6126986,0.0034422278,-0.009170593,0.017798688,0.016462322,0.999664
10.492905958333267,1760562020.1320689,-0.0188173,1.6125128,0.003387128,-0.009933482,0.016973915,0.01634908,0.9996729
10.510372999999845,1760562020.1495361,-0.018849378,1.6124359,0.0033348752,-0.0103426725,0.01648947,0.016276618,0.999678
10.527897749999966,1760562020.1670609,-0.018876428,1.6123945,0.0032887505,-0.010624195,0.016013091,0.016163334,0.9996847
10.545669166666585,1760562020.184832,-0.018904747,1.6123793,0.0032464839,-0.010777753,0.015574148,0.016036032,0.999692
10.563162333333366,1760562020.2023253,-0.018973833,1.6123704,0.003236319,-0.010908689,0.0151878195,0.015929285,0.9996983
10.580613333333304,1760562020.2197764,-0.019075274,1.6123548,0.0032525063,-0.011063229,0.014881964,0.015838593,0.9997026
10.598101166666538,1760562020.2372642,-0.01917637,1.6123383,0.0032666875,-0.011185664,0.014650198,0.015770504,0.99970573
10.615515833333347,1760562020.254679,-0.019274706,1.6123316,0.0032713162,-0.011271595,0.014490445,0.015694734,0.9997083
10.633027458333345,1760562020.2721906,-0.019371152,1.6123223,0.0032628775,-0.011416362,0.014401575,0.015585091,0.9997096
10.654006083333343,1760562020.293169,-0.019477373,1.6122864,0.0032443656,-0.011849555,0.014361813,0.015431082,0.9997075
10.671174041666518,1760562020.310337,-0.019529343,1.6121824,0.0032876432,-0.012504851,0.014397158,0.015354242,0.99970025
10.692038749999938,1760562020.3312018,-0.019566769,1.6119854,0.003424053,-0.013504089,0.014501754,0.0152257485,0.99968773
10.709732124999846,1760562020.348895,-0.019590372,1.6118302,0.0035841512,-0.014450245,0.014604965,0.015005584,0.99967635
10.727144875000022,1760562020.366308,-0.019609213,1.6116853,0.003810048,-0.015420284,0.014723088,0.01475477,0.99966383
10.74459862499998,1760562020.3837616,-0.01963973,1.6115088,0.0041480362,-0.016670974,0.014917618,0.014326212,0.9996471
10.764081374999932,1760562020.4032445,-0.01970017,1.6112477,0.0047002435,-0.018437672,0.015052348,0.013130326,0.99963045
10.781503666666595,1760562020.4206667,-0.01977408,1.610966,0.005344212,-0.020158997,0.014848658,0.01134894,0.9996221
10.79892516666655,1760562020.4380882,-0.019826407,1.6105881,0.0061553167,-0.022210004,0.014195455,0.009201896,0.9996102
10.821828541666719,1760562020.4609916,-0.019748807,1.6098775,0.007488787,-0.025865525,0.012767923,0.0072647496,0.9995575
10.839296749999903,1760562020.4784598,-0.019523025,1.6091805,0.008657575,-0.029411322,0.011253747,0.006875391,0.99948037
10.856895041666576,1760562020.496058,-0.019115152,1.6083708,0.009904143,-0.033579648,0.009145305,0.00701558,0.9993696
10.874254625000049,1760562020.5134177,-0.018538775,1.6075002,0.011145947,-0.03819072,0.0062107216,0.007178553,0.9992254
10.891806583333164,1760562020.5309696,-0.017773509,1.6065893,0.012361854,-0.043305855,0.002214466,0.0069724694,0.99903506
10.90935208333326,1760562020.548515,-0.016823882,1.6056892,0.013520573,-0.048524007,-0.0026796756,0.0067166206,0.99879587
10.927023708333309,1760562020.5661867,-0.01570105,1.6048493,0.01459605,-0.053713057,-0.008264561,0.0067852703,0.99849916
10.944474249999985,1760562020.5836372,-0.0144764185,1.6041393,0.015532732,-0.0584382,-0.014213768,0.0070105083,0.9981652
10.96181075000004,1760562020.6009738,-0.0131902695,1.6035807,0.016314566,-0.062474523,-0.020455338,0.0069814436,0.9978125
10.979371333333347,1760562020.6185343,-0.011882305,1.6031781,0.016969979,-0.0658919,-0.02704066,0.006574619,0.9974386
10.997292249999873,1760562020.6364553,-0.010546923,1.6028655,0.017535836,-0.06896281,-0.03390164,0.006041663,0.9970247
11.018154458333356,1760562020.6573174,-0.008972707,1.6025537,0.01811233,-0.07222028,-0.041780192,0.0057144193,0.99649686
11.036483958333292,1760562020.675647,-0.0076094866,1.6022987,0.018575609,-0.07488946,-0.048421465,0.005676922,0.99599934
11.056463083333256,1760562020.695626,-0.0061812345,1.6019977,0.019043123,-0.07767637,-0.05529474,0.0056089507,0.99542826
11.073948416666553,1760562020.7131114,-0.0049700737,1.6017313,0.019414723,-0.07975562,-0.06098364,0.0053404234,0.9949329
11.091358749999927,1760562020.7305217,-0.0038439035,1.6014868,0.019768208,-0.08142744,-0.06629875,0.004869375,0.99445987
11.109977916666594,1760562020.749141,-0.0027836561,1.6012077,0.020156741,-0.08297144,-0.07149008,0.0042279223,0.9939754
11.12728541666661,1760562020.7664485,-0.0019394159,1.6009114,0.020540148,-0.08432293,-0.075732775,0.0036265238,0.9935497
11.14491562499984,1760562020.7840786,-0.0012167692,1.6005988,0.0209288,-0.08562398,-0.079408474,0.003118846,0.9931531
11.16229466666664,1760562020.8014576,-0.0006619747,1.6003214,0.02127784,-0.08665931,-0.082415625,0.0026613185,0.99281955
11.179844874999844,1760562020.8190079,-0.00025433578,1.6000513,0.021583198,-0.08749348,-0.0848995,0.0021559868,0.99253833
11.19739966666657,1760562020.8365626,2.657816e-05,1.5997446,0.021848494,-0.08826553,-0.08685017,0.0015844911,0.9923022
11.215242958333192,1760562020.8544059,0.00020295107,1.5994161,0.02207422,-0.089088984,-0.08833987,0.0009049379,0.992098
11.23264858333323,1760562020.8718116,0.00028979778,1.5991161,0.022247612,-0.08982058,-0.08936843,0.00019215693,0.99194026
11.2495481666665,1760562020.8887112,0.0003119707,1.5988533,0.022382855,-0.09046155,-0.09007283,-0.0004370964,0.99181825
11.266914708333388,1760562020.9060776,0.00029564454,1.5985976,0.022499448,-0.09113598,-0.09054357,-0.0008786098,0.99171335
11.288923666666506,1760562020.9280868,0.00019281828,1.5983144,0.022709457,-0.09201541,-0.09090784,-0.0011176461,0.99159855
11.30630870833329,1760562020.9454718,9.88245e-05,1.5981348,0.022904128,-0.092550695,-0.0911799,-0.0010356309,0.9915238
11.324275416666524,1760562020.9634385,3.9696693e-05,1.5979729,0.023097545,-0.092995346,-0.09150424,-0.00074859604,0.99145263
11.341668083333388,1760562020.9808311,1.835823e-05,1.597856,0.02326569,-0.09324956,-0.09180419,-0.0002917326,0.99140126
11.359153583333182,1760562020.9983165,2.5629997e-05,1.5977926,0.023394138,-0.09330831,-0.09196833,0.00021859737,0.9913805
11.37655745833331,1760562021.0157204,4.7916623e-05,1.5977703,0.023450429,-0.09321233,-0.09193335,0.00063498184,0.9913926
11.39414991666672,1760562021.033313,7.879734e-05,1.5977824,0.02345422,-0.093162745,-0.09171271,0.00074256107,0.99141765
11.411507416666609,1760562021.0506704,0.00010764599,1.5978162,0.023440957,-0.0932484,-0.09132837,0.0005678235,0.9914452
11.428891750000048,1760562021.0680547,0.00012725317,1.5978546,0.0234358,-0.09349182,-0.09092505,0.00012362721,0.9914595
11.44659333333334,1760562021.0857563,0.00013864592,1.5979064,0.023438668,-0.093741246,-0.09059059,-0.00044512574,0.99146646
11.463872666666703,1760562021.1030357,0.0001386404,1.5979837,0.023429126,-0.09380288,-0.090358526,-0.0009779312,0.9914814
11.48020849999989,1760562021.1193714,0.00013440572,1.5980835,0.02340105,-0.09357066,-0.09013353,-0.001435906,0.99152327
11.49764325000001,1760562021.1368062,0.00010943413,1.598205,0.023331732,-0.09304582,-0.089767165,-0.0017523394,0.9916054
11.516014249999898,1760562021.1551774,3.5881996e-05,1.598321,0.023205549,-0.09231734,-0.08916877,-0.0017891808,0.9917274
11.533351333333258,1760562021.1725144,-6.8488494e-05,1.5983788,0.023067204,-0.09174262,-0.088429645,-0.0016158533,0.9918472
11.555016416666604,1760562021.1941795,-0.00021278858,1.5983293,0.022918224,-0.09155385,-0.08743193,-0.0014801426,0.9919533
11.572393583333223,1760562021.2115567,-0.00030255318,1.5981871,0.022825658,-0.09182486,-0.086819924,-0.0015395667,0.9919819
11.588900458333228,1760562021.2280636,-0.00033545494,1.5980175,0.02275595,-0.09233355,-0.08652677,-0.0016339103,0.99196017
11.606187291666629,1760562021.2453504,-0.0003055334,1.5978472,0.022708416,-0.09301725,-0.08644641,-0.0015484926,0.9919034
11.623665249999931,1760562021.2628284,-0.0002161888,1.5976878,0.022687254,-0.09373777,-0.0864525,-0.0012109124,0.99183553
11.641637541666569,1760562021.2808006,-7.212162e-05,1.5975627,0.022671372,-0.09435301,-0.08641198,-0.0007502731,0.9917811
11.6589836666667,1760562021.2981467,0.000114917755,1.5975106,0.02264142,-0.09467121,-0.08630282,-0.00045169817,0.99176055
11.676457666666693,1760562021.3156207,0.00034910164,1.5975314,0.022622077,-0.09469774,-0.086187534,-0.00035892474,0.9917681
11.694317124999998,1760562021.3334801,0.00065034354,1.5976071,0.022619216,-0.094523914,-0.08613417,-0.00036412544,0.9917893
11.711657541666682,1760562021.3508205,0.001015907,1.59771,0.022622978,-0.094327964,-0.08606836,-0.00037751943,0.99181366
11.729182083333171,1760562021.368345,0.0014438629,1.5978131,0.022650331,-0.094197184,-0.085944094,-0.0004680309,0.99183685
11.747069249999868,1760562021.3862324,0.0019282103,1.5978906,0.022722095,-0.09425763,-0.08582178,-0.0006977519,0.99184155
11.764351458333294,1760562021.4035144,0.0024229288,1.5979111,0.022855341,-0.09447748,-0.08578982,-0.0010541963,0.9918231
11.781859124999983,1760562021.4210222,0.0029577017,1.59788,0.023052812,-0.094903976,-0.08580782,-0.0014766789,0.9917803
11.799269958333298,1760562021.438433,0.0034928378,1.597805,0.023300534,-0.09538623,-0.08576601,-0.0019345608,0.9917368
11.823367374999862,1760562021.4625304,0.004176855,1.5976574,0.023710072,-0.09600446,-0.085486256,-0.0024037317,0.9917003
11.840805833333206,1760562021.4799688,0.004628783,1.5975176,0.024053013,-0.09650409,-0.085076265,-0.002580825,0.99168664
11.858092541666565,1760562021.4972556,0.0050274134,1.5973353,0.024435222,-0.097169824,-0.084422246,-0.0026569907,0.9916773
11.875572708333266,1760562021.5147357,0.005394158,1.5970793,0.024879454,-0.09805585,-0.08350217,-0.002778543,0.9916677
11.893184166666515,1760562021.5323472,0.0057329508,1.5967618,0.025378285,-0.09923414,-0.08234421,-0.0028915938,0.99164695
11.910586708333312,1760562021.5497496,0.006029725,1.5964298,0.025890231,-0.10064714,-0.08101074,-0.0028103124,0.9916146
11.9279784583332,1760562021.5671415,0.0062885284,1.5961041,0.026398242,-0.10216284,-0.07944706,-0.0024152824,0.99158716
11.945383416666573,1760562021.5845463,0.006508407,1.5957892,0.026891736,-0.10380802,-0.077577375,-0.0016597488,0.9915659
11.962784916666578,1760562021.601948,0.0066840705,1.595485,0.027377611,-0.10574239,-0.075339735,-0.0006549041,0.9915352
11.980151791666685,1760562021.619315,0.006791353,1.5952088,0.02781406,-0.10799992,-0.07270353,0.00040391606,0.9914888
11.99755633333325,1760562021.6367195,0.0068318844,1.5949907,0.028211564,-0.110453576,-0.06968386,0.0013551253,0.9914345
12.023227333333352,1760562021.6623902,0.006797433,1.5948842,0.028749198,-0.11414707,-0.064594656,0.002633689,0.9913582
12.040306916666623,1760562021.6794698,0.0066949073,1.5950227,0.029037828,-0.116464175,-0.06074915,0.0032868038,0.9913298
12.061559249999846,1760562021.7007222,0.0064550014,1.5954257,0.029284386,-0.119174354,-0.05519002,0.003946831,0.9913304
12.078995791666557,1760562021.7181587,0.0062336978,1.5959101,0.029330527,-0.12151659,-0.049957994,0.0044177165,0.99132156
12.09646708333321,1760562021.73563,0.006005883,1.5965152,0.029243857,-0.12395659,-0.044244833,0.0049393233,0.9912884
12.113964958333327,1760562021.753128,0.005757627,1.5972005,0.0290727,-0.12654442,-0.038115278,0.005571794,0.9912128
12.133614958333283,1760562021.772778,0.005466938,1.5979704,0.028812408,-0.13023232,-0.030788455,0.0064500812,0.9909844
12.15452054166667,1760562021.7936835,0.005177265,1.5986872,0.02846638,-0.13538657,-0.022427078,0.0077127093,0.990509
12.171895250000034,1760562021.8110583,0.0049182177,1.5991039,0.028088331,-0.14052896,-0.014962686,0.008981676,0.98992276
12.18924591666655,1760562021.828409,0.004647607,1.5992796,0.027625734,-0.14669402,-0.007156816,0.0099737905,0.9891057
12.208451291666506,1760562021.8476143,0.0043765306,1.599082,0.027044863,-0.15505356,0.0016586994,0.010478401,0.98784906
12.225794749999977,1760562021.8649578,0.0041708946,1.5984123,0.026514947,-0.16449334,0.009713881,0.0102985725,0.9862766
12.243226708333168,1760562021.8823898,0.004035473,1.597147,0.026053667,-0.17644313,0.017992662,0.009873881,0.9840968
12.261162624999997,1760562021.9003255,0.0040127095,1.5951548,0.025710857,-0.19144586,0.026911557,0.009680025,0.98108643
12.278484416666515,1760562021.9176474,0.0041282745,1.5926037,0.025480239,-0.20810457,0.035937704,0.009733037,0.97739774
12.295831916666657,1760562021.934995,0.004398346,1.5895593,0.025302619,-0.22627547,0.04499887,0.009719404,0.97297484
12.313418333333175,1760562021.9525814,0.004872799,1.5861393,0.025097162,-0.2452689,0.05380581,0.009671645,0.9679125
12.345504791666599,1760562021.9846678,0.006233096,1.5794368,0.024297565,-0.27840495,0.06957381,0.010116587,0.9578872
12.36313637499984,1760562022.0022993,0.0071880817,1.5756681,0.023685515,-0.2956748,0.07801719,0.010349597,0.95204127
12.380685874999926,1760562022.0198488,0.008292675,1.5719857,0.023028016,-0.31253985,0.08609855,0.010691899,0.94593424
12.398157916666605,1760562022.0373209,0.009503484,1.5684928,0.022347182,-0.32815963,0.09453673,0.011691532,0.9398071
12.420985999999857,1760562022.060149,0.011057973,1.5643756,0.021354288,-0.34564137,0.10664198,0.012724065,0.93220043
12.43849033333322,1760562022.0776534,0.012146592,1.5616112,0.020448267,-0.35678354,0.11658027,0.012482948,0.9268003
12.455888250000044,1760562022.0950513,0.01315248,1.5591383,0.019523919,-0.36662346,0.126888,0.011558343,0.92160356
12.473376250000001,1760562022.1125393,0.014183044,1.5569248,0.018733889,-0.3760172,0.1374482,0.010359375,0.9163033
12.491346249999879,1760562022.1305094,0.015332103,1.5548999,0.018006772,-0.3852205,0.14801604,0.008788125,0.9108343
12.508654166666702,1760562022.1478171,0.016539693,1.5531049,0.017202795,-0.39312577,0.15719618,0.0067402255,0.9059228
12.526003791666653,1760562022.1651669,0.017866611,1.5513592,0.016202867,-0.40013838,0.16493233,0.0042364676,0.9014814
12.543404166666505,1760562022.1825671,0.019343251,1.5495512,0.0150499595,-0.40661883,0.17119914,0.0017896343,0.89741224
12.564776708333284,1760562022.2039397,0.02140367,1.5471711,0.013628751,-0.41486523,0.1773845,-0.00029323122,0.8924245
12.597695833333319,1760562022.2368588,0.025098443,1.5431316,0.01178962,-0.42924067,0.18323454,-0.0017774235,0.88440627
12.619730416666698,1760562022.2588935,0.027946472,1.5402536,0.010338008,-0.43837273,0.18500139,-0.0013873104,0.8795464
12.63665908333337,1760562022.2758222,0.030295014,1.5378983,0.009011686,-0.44467658,0.18591842,-0.0002560134,0.8761832
12.654816999999866,1760562022.2939801,0.032973647,1.5351465,0.0075261593,-0.4512009,0.18665315,0.0014645319,0.87268335
12.672174833333202,1760562022.311338,0.03573823,1.5322905,0.0060901344,-0.45795438,0.18668173,0.0032172557,0.8691475
12.689505333333273,1760562022.3286684,0.038684126,1.5292895,0.0047566546,-0.46548986,0.18594511,0.005219873,0.86528397
12.706857666666565,1760562022.3460207,0.04175103,1.5262004,0.0035827504,-0.47328013,0.18499617,0.0077942344,0.86123264
12.732122458333379,1760562022.3712854,0.046161056,1.5216545,0.0018936694,-0.48385683,0.18303925,0.011316878,0.8557167
12.74957274999997,1760562022.3887358,0.04906339,1.5185764,0.00069708104,-0.49064115,0.18082947,0.012951774,0.8522935
12.766982333333317,1760562022.4061453,0.0518567,1.515544,-0.00036480554,-0.49748006,0.17799716,0.014288174,0.8488972
12.79939879166659,1760562022.438562,0.05656421,1.5101504,-0.0021166205,-0.5101845,0.17308033,0.017250575,0.8422929
12.8198812083333,1760562022.4590442,0.058942318,1.5069792,-0.0033073127,-0.5168598,0.17178537,0.020009484,0.83841836
12.836400708333258,1760562022.4755638,0.06047827,1.504561,-0.0042135417,-0.52187115,0.17157786,0.02234253,0.8352918
12.854765374999943,1760562022.4939284,0.061784744,1.5020553,-0.005020529,-0.5275086,0.17232834,0.025019828,0.8315116
12.872158541666522,1760562022.5113215,0.06261916,1.4999347,-0.0055051995,-0.5327328,0.17452544,0.027722007,0.827628
12.88946708333333,1760562022.52863,0.06302792,1.4980284,-0.0058090985,-0.5373044,0.17832235,0.030180298,0.8237684
12.906990791666658,1760562022.5461538,0.0630297,1.4962212,-0.0060587274,-0.5410111,0.18383141,0.032185197,0.820047
12.937378083333215,1760562022.5765412,0.06236267,1.4933975,-0.006010562,-0.5465665,0.19663149,0.034513813,0.81327116
12.954692541666645,1760562022.5938556,0.06183821,1.4919777,-0.0056013465,-0.55009717,0.20446973,0.035201803,0.80891657
12.972054874999912,1760562022.611218,0.061311066,1.4907494,-0.0048952997,-0.5535225,0.21206535,0.03596448,0.8045792
12.98935349999988,1760562022.6285164,0.060808957,1.4897318,-0.0041166246,-0.5562208,0.21930306,0.03714917,0.800715
13.007037124999897,1760562022.6462002,0.06032765,1.4888577,-0.0034952164,-0.55790627,0.22636172,0.03865262,0.79750043
13.028798791666532,1760562022.6679618,0.05979407,1.4880068,-0.002853036,-0.5591384,0.23443338,0.040514663,0.7942063
13.046270208333226,1760562022.6854331,0.059420224,1.4874934,-0.002326461,-0.5598882,0.24064867,0.042145498,0.7917305
13.063886124999954,1760562022.7030492,0.05908519,1.4871023,-0.0017907023,-0.56034136,0.2468487,0.043817803,0.78940696
13.088426625000011,1760562022.7275896,0.058662772,1.486592,-0.00059372187,-0.560603,0.25472814,0.045442186,0.78662115
13.105779125000026,1760562022.7449422,0.058418095,1.4863375,0.0003953576,-0.56082594,0.2593409,0.045909215,0.78492606
13.122967625000001,1760562022.7621307,0.0583058,1.4862392,0.0013036728,-0.56129,0.26277083,0.045882355,0.78345376
13.140838708333376,1760562022.7800016,0.05842394,1.486305,0.0020755278,-0.5617566,0.2649299,0.04579573,0.7823966
13.166173416666652,1760562022.8053365,0.05912697,1.4866632,0.0025579608,-0.5615127,0.26488155,0.046029385,0.78257436
13.183536458333265,1760562022.8226995,0.060111165,1.4870656,0.002388835,-0.5606561,0.2613889,0.04609444,0.784357
13.201401541666655,1760562022.8405645,0.061682224,1.4875264,0.0017146468,-0.5591521,0.25409535,0.04622058,0.78781223
13.223738916666662,1760562022.862902,0.064549565,1.4880285,0.00011330843,-0.5564143,0.23965071,0.04709847,0.7941992
13.24220041666672,1760562022.8813634,0.06775832,1.4883528,-0.0017135739,-0.55396193,0.22290917,0.04809502,0.8007025
13.261382208333316,1760562022.9005451,0.071971945,1.4886253,-0.0039494084,-0.551606,0.20069541,0.048936594,0.80811965
13.278717208333319,1760562022.9178803,0.07667113,1.4888779,-0.005984123,-0.54953426,0.17694381,0.04964016,0.81500846
13.296127541666692,1760562022.9352906,0.08207691,1.4891613,-0.007949561,-0.54741406,0.15070385,0.050467942,0.821632
13.313715499999944,1760562022.9528785,0.08797705,1.4894912,-0.009860367,-0.54537094,0.12262563,0.051178753,0.8275955
13.33112062500004,1760562022.9702837,0.09410077,1.4898562,-0.011550128,-0.5432785,0.09387695,0.051335324,0.8327066
13.348573624999972,1760562022.9877367,0.10037863,1.4902468,-0.0129265785,-0.5412526,0.06466487,0.05071787,0.8368344
13.36588470833317,1760562023.0050478,0.10660648,1.4906454,-0.013873669,-0.5396289,0.035734266,0.049437247,0.8396902
13.393487458333311,1760562023.0326505,0.116164565,1.4915838,-0.014237076,-0.5383016,-0.008827289,0.04668716,0.8414118
13.41081691666659,1760562023.04998,0.12178147,1.4922197,-0.013904482,-0.5378122,-0.034795698,0.044509135,0.8411696
13.428231249999953,1760562023.0673943,0.1269697,1.4928598,-0.013332844,-0.5374429,-0.058938872,0.042134125,0.8401821
13.446782916666507,1760562023.0859458,0.13187498,1.4935632,-0.012603943,-0.53704023,-0.08248935,0.039745037,0.8385723
13.464291083333364,1760562023.103454,0.13589841,1.4942483,-0.011878106,-0.53647625,-0.10276161,0.037850715,0.8367799
13.487252624999883,1760562023.1264157,0.14032888,1.4952093,-0.010813296,-0.5354812,-0.12600498,0.036243726,0.8343075
13.504621458333304,1760562023.1437845,0.1429388,1.4959263,-0.010098877,-0.5347368,-0.14017256,0.03585438,0.8325399
13.528748541666573,1760562023.1679115,0.14546889,1.4968154,-0.009456396,-0.53344095,-0.15507555,0.03538015,0.830747
13.546191874999977,1760562023.185355,0.1465587,1.4973391,-0.009267275,-0.5322238,-0.16292454,0.034451503,0.8300641
13.563705625000011,1760562023.2028687,0.14707893,1.4977272,-0.00925383,-0.53108376,-0.16838382,0.03298885,0.82976425
13.581051416666696,1760562023.2202144,0.14718467,1.4979366,-0.009391099,-0.53024566,-0.17139669,0.03107082,0.8297574
13.598447708333197,1760562023.2376108,0.14698064,1.4979872,-0.009681493,-0.5296517,-0.17233428,0.028750211,0.83002615
13.61918337499992,1760562023.2583463,0.1463365,1.4979645,-0.010197493,-0.5290322,-0.17128389,0.025778286,0.830736
13.636642875000007,1760562023.275806,0.14552444,1.4979134,-0.010668005,-0.5287438,-0.16922483,0.022800433,0.83142835
13.65451824999991,1760562023.2936814,0.14451355,1.4979101,-0.011159122,-0.5285506,-0.166643,0.019026708,0.8321672
13.671850875000018,1760562023.311014,0.1433987,1.4980539,-0.011748254,-0.528058,-0.16369462,0.015159872,0.83314407
13.688702250000006,1760562023.3278654,0.14222205,1.498379,-0.012535781,-0.5269041,-0.16010663,0.011642243,0.8346271
13.706210499999997,1760562023.3453736,0.14089507,1.4989539,-0.013577784,-0.52456033,-0.15561186,0.008164067,0.8369915
13.723996124999985,1760562023.3631592,0.13937467,1.4998219,-0.014795333,-0.5209376,-0.15004125,0.004962658,0.84028983
13.741658333333362,1760562023.3808215,0.13766766,1.5010138,-0.016064556,-0.51667035,-0.14331374,0.0024570816,0.84410125
13.759039291666568,1760562023.3982024,0.1357646,1.5025175,-0.017341198,-0.51201785,-0.1358907,0.00019195734,0.84815764
13.776693291666561,1760562023.4158564,0.13371855,1.5043005,-0.018829586,-0.5065221,-0.12808037,-0.0027853681,0.8526565
13.79402858333333,1760562023.4331915,0.13165194,1.5062842,-0.020490795,-0.50020534,-0.119791225,-0.0058785556,0.8575606
13.811470208333276,1760562023.4506333,0.12951565,1.5085517,-0.022176052,-0.4932777,-0.11056255,-0.008182973,0.8627781
13.828985749999902,1760562023.4681487,0.12743789,1.5110335,-0.023738122,-0.48602563,-0.101277485,-0.009841146,0.8680006
13.846818541666607,1760562023.4859815,0.12550414,1.5136662,-0.025103986,-0.47867197,-0.09290253,-0.011691113,0.8729866
13.86419550000005,1760562023.5033586,0.12383575,1.5162493,-0.026161158,-0.472098,-0.08581852,-0.01361249,0.8772533
13.881689416666632,1760562023.5208523,0.12251163,1.5188103,-0.027057642,-0.4661286,-0.07939823,-0.015367418,0.881013
13.899464624999837,1760562023.5386276,0.12153702,1.521439,-0.027908003,-0.46027043,-0.07370171,-0.016903497,0.8845527
13.926860708333379,1760562023.5660238,0.12050372,1.5257187,-0.029319912,-0.45012668,-0.06701392,-0.0190089,0.89024365
13.94422362499995,1760562023.5833867,0.120024025,1.5286405,-0.030419141,-0.4424002,-0.06357397,-0.019964209,0.8943388
13.961610500000006,1760562023.6007736,0.1195305,1.5318118,-0.031675935,-0.43363667,-0.060128782,-0.02074286,0.8988401
13.980006874999845,1760562023.61917,0.119113386,1.5354747,-0.033153296,-0.42305666,-0.056342874,-0.021791471,0.9040872
13.997522666666555,1760562023.6366856,0.11883455,1.5392873,-0.03473467,-0.4115248,-0.052622102,-0.02267267,0.9095956
14.014899291666552,1760562023.6540623,0.11855477,1.543384,-0.036446363,-0.39892545,-0.048746865,-0.022972653,0.91539854
14.03248133333318,1760562023.6716444,0.11824703,1.5478652,-0.038222197,-0.3853252,-0.04469449,-0.022744063,0.9214172
14.05541141666663,1760562023.6945744,0.11780143,1.5542873,-0.040641487,-0.36559296,-0.03952662,-0.022414658,0.92966497
14.07276591666664,1760562023.7119288,0.117584884,1.5597107,-0.04250267,-0.3482057,-0.035824656,-0.022144804,0.9364716
14.091028041666505,1760562023.730191,0.117423475,1.5659376,-0.044511024,-0.32734856,-0.0320905,-0.021503584,0.9441137
14.109384666666529,1760562023.7485478,0.117200136,1.5725799,-0.04656735,-0.30391756,-0.028759744,-0.020601021,0.95204127
14.126400333333322,1760562023.7655632,0.11693264,1.5788859,-0.048314568,-0.28076908,-0.026392916,-0.019825382,0.95920753
14.143815666666569,1760562023.7829788,0.11658138,1.5852242,-0.049729675,-0.25697157,-0.024675496,-0.018945092,0.9659181
14.161255458333244,1760562023.8004184,0.116116405,1.5912615,-0.050600354,-0.23422433,-0.023354614,-0.017744472,0.97174
14.178829124999993,1760562023.8179922,0.1153521,1.596976,-0.050927844,-0.2127421,-0.022147676,-0.01614749,0.9767239
14.197686916666498,1760562023.83685,0.11428815,1.6026422,-0.05076003,-0.19155516,-0.020856664,-0.014238719,0.98115695
14.222864999999956,1760562023.8620281,0.11284852,1.6092861,-0.049892277,-0.16707382,-0.019047031,-0.011333233,0.98569524
14.243839125000022,1760562023.883002,0.11169964,1.614043,-0.048765123,-0.1499222,-0.017459659,-0.008694564,0.9885054
14.269623375000037,1760562023.9087863,0.11042697,1.6190789,-0.047203418,-0.13175851,-0.015614476,-0.0057257493,0.99114233
14.290478291666659,1760562023.9296412,0.10964143,1.6224161,-0.045763224,-0.11952672,-0.014530414,-0.0041333535,0.992716
14.30917333333332,1760562023.9483364,0.109153025,1.6248529,-0.044459466,-0.110329114,-0.013875042,-0.0029769223,0.9937938
14.326493249999885,1760562023.9656563,0.10885078,1.626793,-0.04339582,-0.10247668,-0.01342755,-0.0018452698,0.99464303
14.344273749999957,1760562023.9834368,0.10867494,1.6285807,-0.042482793,-0.094325475,-0.013205667,-0.00075080455,0.99545354
14.361756083333375,1760562024.000919,0.10862601,1.630079,-0.041732997,-0.08647623,-0.013365238,-0.000215451,0.99616426
14.379629416666603,1760562024.0187924,0.10870033,1.6311377,-0.041014764,-0.07982243,-0.013839116,-6.704895e-05,0.996713
14.397285083333372,1760562024.036448,0.1088348,1.6316644,-0.040239096,-0.074884295,-0.014290759,-0.0002089675,0.9970898
14.416258833333359,1760562024.0554218,0.10891361,1.6317495,-0.039295282,-0.07114176,-0.014490046,-0.00090193126,0.9973606
14.433458708333319,1760562024.0726218,0.10886353,1.6314342,-0.038352787,-0.069231115,-0.014142501,-0.0020292823,0.99749833
14.457148541666584,1760562024.0963116,0.10858232,1.6305504,-0.036980957,-0.06767307,-0.012795432,-0.0035119427,0.9976193
14.47605895833317,1760562024.115222,0.10823965,1.6297188,-0.03592834,-0.065946035,-0.01132049,-0.005185171,0.9977455
14.493508333333239,1760562024.1326714,0.107848406,1.6290554,-0.03507188,-0.06330192,-0.010042314,-0.007328742,0.997917
14.510361999999986,1760562024.149525,0.10740113,1.6284745,-0.034336597,-0.060370706,-0.009017087,-0.009617439,0.99808896
14.528937499999984,1760562024.1681006,0.10684466,1.6278353,-0.0336152,-0.057503514,-0.0081103,-0.011990703,0.99824035
14.546311166666555,1760562024.1854742,0.10629374,1.627386,-0.03308374,-0.05498636,-0.007509675,-0.013734535,0.9983644
14.563156333333382,1760562024.2023194,0.10572791,1.6270714,-0.032655746,-0.05214719,-0.0070716026,-0.014595625,0.9985077
14.580658916666607,1760562024.219822,0.105029106,1.6267323,-0.032232493,-0.049443033,-0.0067172907,-0.014692157,0.9986463
14.597783291666701,1760562024.2369463,0.1042366,1.6264907,-0.031884193,-0.047095988,-0.0064717336,-0.01474947,0.9987605
14.615370833333373,1760562024.2545338,0.103378415,1.6263657,-0.03159362,-0.044478115,-0.0066063837,-0.015407489,0.9988697
14.633221249999906,1760562024.2723842,0.10246962,1.6262051,-0.03132108,-0.04169114,-0.0073290947,-0.016457798,0.9989681
14.651106291666565,1760562024.2902694,0.10150683,1.6260883,-0.031117858,-0.039079018,-0.008551358,-0.017599389,0.99904454
14.66763183333319,1760562024.306795,0.1005326,1.6261017,-0.031051213,-0.03678026,-0.009801677,-0.018660838,0.99910104
14.692874708333193,1760562024.3320377,0.098817766,1.6259892,-0.031039208,-0.034622364,-0.011498843,-0.020098092,0.9991322
14.710371791666603,1760562024.3495347,0.09742844,1.625607,-0.03100014,-0.034635194,-0.012459299,-0.02058487,0.99911034
14.72732516666656,1760562024.3664882,0.09590608,1.6251327,-0.031009259,-0.034896825,-0.013199626,-0.020605544,0.99909127
14.745261374999927,1760562024.3844244,0.09410572,1.6247251,-0.031129837,-0.034778204,-0.013570523,-0.01984054,0.99910593
14.764061541666706,1760562024.4032245,0.09198421,1.6243765,-0.03134501,-0.034266762,-0.013591511,-0.018655747,0.99914616
14.789885333333359,1760562024.4290483,0.088682234,1.6240636,-0.031863216,-0.034006122,-0.013356111,-0.017146159,0.99918526
14.808997624999847,1760562024.4481606,0.085990615,1.624097,-0.032392528,-0.033631828,-0.012773062,-0.01604835,0.9992238
14.82654158333321,1760562024.4657047,0.08335817,1.624254,-0.03290269,-0.033166733,-0.01202582,-0.015195437,0.9992619
14.843822499999987,1760562024.4829855,0.08065761,1.6243855,-0.033401635,-0.033265613,-0.011313318,-0.01439873,0.9992788
14.861220916666525,1760562024.5003839,0.07788867,1.6245694,-0.033952773,-0.033909608,-0.01068017,-0.013472136,0.999277
14.878900708333276,1760562024.5180638,0.07506269,1.6249528,-0.034648657,-0.034443624,-0.010211056,-0.012321393,0.99927855
14.897644124999943,1760562024.536807,0.072062016,1.6255887,-0.03555915,-0.03422988,-0.009761681,-0.011032932,0.9993054
14.918514541666582,1760562024.5576775,0.068751335,1.626402,-0.03670639,-0.033345547,-0.009639485,-0.009720867,0.99935013
14.936222416666624,1760562024.5753853,0.0660047,1.6270454,-0.037732985,-0.032784566,-0.009842019,-0.00830121,0.9993795
14.953657958333224,1760562024.592821,0.06332868,1.6276332,-0.038811654,-0.031965617,-0.010250255,-0.0068804002,0.9994127
14.971136583333191,1760562024.6102996,0.060658272,1.6281649,-0.039950047,-0.03075237,-0.010775802,-0.0055751344,0.99945337
14.99568875,1760562024.6348517,0.05686575,1.6288183,-0.04166341,-0.028423063,-0.011293291,-0.0038089894,0.99952495
15.013198541666497,1760562024.6523616,0.054128166,1.6290776,-0.042920683,-0.026187263,-0.011672611,-0.0031547267,0.9995839
15.03084808333324,1760562024.670011,0.051380042,1.6290671,-0.044189747,-0.023658989,-0.012247346,-0.002612482,0.99964166
15.0594250416666,1760562024.6985881,0.046863258,1.6281855,-0.04602629,-0.020833839,-0.01367453,-0.002628241,0.99968594
15.077019333333283,1760562024.7161822,0.043941736,1.6270983,-0.04687181,-0.02110185,-0.014956475,-0.0035101257,0.9996593
15.09459954166664,1760562024.7337625,0.04094088,1.6257986,-0.047499895,-0.02234908,-0.016444016,-0.0043817046,0.99960536
15.112701625,1760562024.7518647,0.037814617,1.6244485,-0.047972023,-0.023944594,-0.017979644,-0.004700263,0.99954057
15.131588541666588,1760562024.7707515,0.034520626,1.6232007,-0.048319668,-0.025242552,-0.019326368,-0.004375895,0.99948496
15.150053541666693,1760562024.7892165,0.031296965,1.6222599,-0.048512433,-0.026287576,-0.020301942,-0.0036572008,0.9994415
15.168199999999842,1760562024.807363,0.028166771,1.6216662,-0.048500776,-0.02729852,-0.020742493,-0.002466214,0.999409
15.191042749999951,1760562024.8302057,0.024205862,1.6215076,-0.04819033,-0.027953662,-0.020377344,-0.0006524179,0.9994013
15.209699291666539,1760562024.8488624,0.02106887,1.6218199,-0.04772759,-0.027305668,-0.019666867,0.00024468027,0.99943364
15.227852333333203,1760562024.8670154,0.01820231,1.6223474,-0.047103997,-0.026114333,-0.019212116,0.00026406226,0.99947435
15.244630333333362,1760562024.8837934,0.015728354,1.6229105,-0.046379596,-0.025177937,-0.019210437,-0.00023885185,0.99949837
15.262107125000057,1760562024.9012702,0.013337851,1.6235263,-0.04551971,-0.024435759,-0.019522624,-0.0009403954,0.9995103
15.279810750000024,1760562024.9189737,0.011040568,1.6241047,-0.0445413,-0.023546522,-0.019922402,-0.0016323023,0.99952286
15.297512749999896,1760562024.9366758,0.0087910835,1.624536,-0.043413166,-0.02244658,-0.020122325,-0.002043066,0.9995434
15.31570004166656,1760562024.954863,0.006478185,1.624719,-0.04200915,-0.021705393,-0.019958349,-0.0022431628,0.9995626
15.333200916666556,1760562024.972364,0.0042083263,1.624671,-0.040352494,-0.021721309,-0.019498218,-0.0025120787,0.9995707
15.352861749999875,1760562024.9920247,0.0016107504,1.6245267,-0.03821284,-0.021857262,-0.018714441,-0.0028944758,0.9995817
15.370272749999913,1760562025.0094357,-0.0007251501,1.6243939,-0.036193132,-0.021688845,-0.017724669,-0.0031593197,0.9996027
15.392156749999913,1760562025.0313199,-0.0039008856,1.6241268,-0.03352818,-0.0214164,-0.016110564,-0.0035616576,0.9996345
15.4096090416665,1760562025.048772,-0.0065169334,1.6237426,-0.031297922,-0.021819621,-0.014887123,-0.004040753,0.9996429
15.426972750000004,1760562025.066136,-0.009078264,1.6232362,-0.029012382,-0.022797562,-0.014064902,-0.004471993,0.99963117
15.444370416666516,1760562025.0835335,-0.011590123,1.6226989,-0.02670139,-0.024028666,-0.013673322,-0.0046159,0.9996071
15.46230208333327,1760562025.101465,-0.014135957,1.6222013,-0.024324417,-0.025438033,-0.013611569,-0.0044669122,0.99957377
15.479239208333183,1760562025.1184022,-0.016547084,1.6218915,-0.022200346,-0.026789013,-0.013750407,-0.0041931323,0.9995377
15.495695166666565,1760562025.1348581,-0.018893184,1.6217532,-0.020256015,-0.027746342,-0.01385331,-0.0038634771,0.99951154
15.513220291666585,1760562025.1523833,-0.021383166,1.621711,-0.01818648,-0.028380303,-0.0138502745,-0.003642027,0.9994946
15.530630875000043,1760562025.1697938,-0.023849005,1.6217902,-0.016082043,-0.028783312,-0.013665774,-0.0034362522,0.9994864
15.548066374999962,1760562025.1872294,-0.026290178,1.6220417,-0.013896406,-0.028932376,-0.013255304,-0.003132614,0.9994886
15.56504879166664,1760562025.2042117,-0.028626317,1.6224868,-0.011663253,-0.028643133,-0.012636967,-0.002649842,0.9995063
15.582401749999917,1760562025.2215648,-0.031029582,1.6232166,-0.009348005,-0.027427908,-0.011934714,-0.0020798962,0.99955034
15.59988379166657,1760562025.2390468,-0.03342259,1.6242752,-0.007100582,-0.02470484,-0.011245499,-0.0013709379,0.9996306
15.61728587499988,1760562025.256449,-0.035702348,1.6255198,-0.0049924254,-0.020546187,-0.010716403,-0.00075799105,0.9997312
15.634715166666638,1760562025.273878,-0.03788173,1.6267486,-0.0029948605,-0.015925488,-0.010421098,0.0001451899,0.99981886
15.657567541666594,1760562025.2967305,-0.0405792,1.6281906,-0.0005389154,-0.010099169,-0.010437087,0.00227676,0.99989194
15.674900708333325,1760562025.3140638,-0.04251802,1.629137,0.001152277,-0.0057332297,-0.010679356,0.004294894,0.99991727
15.692267666666567,1760562025.3314307,-0.04439962,1.629915,0.0027053058,-0.0016661937,-0.010986695,0.0062715355,0.99991864
15.70965570833323,1760562025.3488188,-0.046271086,1.6305139,0.004133284,0.0017452721,-0.011155439,0.008186215,0.9999027
15.726982041666588,1760562025.3661451,-0.048153874,1.6309102,0.0054047154,0.004252224,-0.011161661,0.009954568,0.9998791
15.744392416666642,1760562025.3835554,-0.05005908,1.6310906,0.00651291,0.005869389,-0.011231119,0.011513944,0.99985343
15.761732291666704,1760562025.4008954,-0.05193901,1.6310172,0.007455677,0.006440595,-0.011412487,0.013015399,0.9998294
15.779233875000045,1760562025.418397,-0.05389363,1.6306757,0.0082549425,0.0058198418,-0.011652527,0.0146435145,0.99980795
15.797046499999851,1760562025.4362094,-0.05591595,1.6300845,0.0089710355,0.00410757,-0.011851267,0.016113615,0.9997915
15.814402166666696,1760562025.4535651,-0.057828967,1.6293956,0.009637115,0.0018436151,-0.011995345,0.01720206,0.9997784
15.83179691666669,1760562025.47096,-0.05967748,1.6287773,0.010230631,2.0887448e-05,-0.012091556,0.018062832,0.9997637
15.849148249999871,1760562025.4883113,-0.06144351,1.6283818,0.010724482,-0.00084563985,-0.012225299,0.01871211,0.9997498
15.866816958333175,1760562025.50598,-0.06312895,1.628314,0.011130065,-0.0005121197,-0.012657639,0.019161535,0.99973613
15.888334291666524,1760562025.5274973,-0.065052636,1.6287248,0.01144361,0.0018249908,-0.0139098065,0.01962706,0.99970895
15.905715500000042,1760562025.5448785,-0.06653071,1.6293604,0.011521663,0.0051015653,-0.015482202,0.020253832,0.999662
15.92319454166659,1760562025.5623577,-0.067974806,1.6301414,0.011456609,0.008988833,-0.017356936,0.02127384,0.99958265
15.942712291666567,1760562025.5818753,-0.06955838,1.630992,0.011244118,0.01306095,-0.019594071,0.022633286,0.9994665
15.959930875000055,1760562025.599094,-0.07093537,1.6316819,0.010911554,0.016014414,-0.021548016,0.02415287,0.9993477
15.977482291666547,1760562025.6166453,-0.07238853,1.6323397,0.010426104,0.018742362,-0.023376556,0.025807485,0.9992178
15.9940243333333,1760562025.6331873,-0.07380402,1.6329156,0.009842902,0.0211558,-0.024846712,0.027431754,0.99909085
16.01148354166662,1760562025.6506464,-0.07529199,1.6335738,0.009057671,0.023941182,-0.026178386,0.029075492,0.9989475
16.031563208333182,1760562025.6707263,-0.07698482,1.634402,0.007934508,0.02762342,-0.027517391,0.03077699,0.9987655
16.057666916666676,1760562025.69683,-0.0791347,1.6352321,0.006193161,0.03130579,-0.028878996,0.032918297,0.9985501
16.075198708333346,1760562025.7143617,-0.08052515,1.635513,0.00487334,0.032418113,-0.029675303,0.034235902,0.99844694
16.092377083333304,1760562025.7315402,-0.08181733,1.6356517,0.0034326292,0.032851327,-0.030597365,0.035269894,0.998369
16.110399041666597,1760562025.749562,-0.083066344,1.6356716,0.0017434657,0.0328283,-0.031745687,0.0364393,0.9982919
16.127586958333268,1760562025.7667499,-0.08414936,1.6355319,-2.527237e-05,0.032049432,-0.032776084,0.037702315,0.998237
16.144994416666577,1760562025.7841575,-0.08514083,1.6352428,-0.0019468414,0.030486204,-0.033655502,0.038902648,0.9982106
16.162406791666626,1760562025.8015697,-0.08601617,1.6347781,-0.0039517535,0.028042791,-0.034314916,0.039752334,0.99822634
16.179895249999845,1760562025.8190582,-0.08681291,1.6340665,-0.005867543,0.024357164,-0.034637667,0.040336296,0.9982885
16.19730670833337,1760562025.8364697,-0.08752955,1.6331497,-0.007581626,0.019500917,-0.034566216,0.040401384,0.998395
16.213720833333355,1760562025.8528838,-0.08810746,1.6322097,-0.009035344,0.014246111,-0.034351222,0.03969683,0.99851954
16.2307204166666,1760562025.8698835,-0.088591576,1.6313167,-0.01037395,0.008819125,-0.034128316,0.038417377,0.9986398
16.24812837499985,1760562025.8872914,-0.088970125,1.6306422,-0.011591467,0.004135504,-0.03391959,0.03705488,0.9987288
16.26571091666665,1760562025.9048738,-0.08923793,1.6303062,-0.012647688,0.0007999394,-0.03370127,0.035919707,0.998786
16.289915583333368,1760562025.9290786,-0.0894264,1.6302698,-0.013856888,-0.0022608472,-0.03331464,0.034674108,0.9988407
16.308497583333292,1760562025.9476607,-0.089428306,1.6303918,-0.014608651,-0.004108284,-0.03287682,0.033855103,0.9988774
16.32666816666665,1760562025.9658313,-0.08930373,1.6305828,-0.0152002275,-0.0055539007,-0.032243494,0.033092245,0.9989166
16.343572166666718,1760562025.9827352,-0.08907986,1.6308169,-0.015636712,-0.006429627,-0.031390063,0.032315146,0.998964
16.3608334999999,1760562025.9999964,-0.08874154,1.6310927,-0.015993029,-0.0068347724,-0.030217243,0.03137827,0.9990273
16.378472500000044,1760562026.0176356,-0.08836007,1.631309,-0.016269028,-0.006847665,-0.028761897,0.030228946,0.99910563
16.39614608333318,1760562026.035309,-0.087880135,1.6314274,-0.016442299,-0.006618668,-0.027100524,0.02882296,0.9991952
16.41356625000003,1760562026.0527294,-0.087228656,1.6314731,-0.016490936,-0.006402132,-0.025328245,0.027220055,0.999288
16.430977041666665,1760562026.0701401,-0.08638394,1.631476,-0.016426146,-0.006030055,-0.023502965,0.025489945,0.9993806
16.45555120833319,1760562026.0947142,-0.08483845,1.6315032,-0.01615283,-0.005117351,-0.020683514,0.023152199,0.99950486
16.47296362499992,1760562026.1121266,-0.08347404,1.631535,-0.015791595,-0.004603962,-0.018492274,0.021325007,0.999591
16.4922191666667,1760562026.1313822,-0.081709735,1.631626,-0.015179182,-0.004234822,-0.015812354,0.019156074,0.9996825
16.50969974999998,1760562026.1488628,-0.07988906,1.6318692,-0.014434457,-0.003770782,-0.01304936,0.017052563,0.99976236
16.52859516666672,1760562026.1677582,-0.07765436,1.6323693,-0.013484299,-0.0028854068,-0.009727085,0.014546144,0.9998427
16.546120499999915,1760562026.1852834,-0.0752865,1.6330466,-0.012523527,-0.0015856965,-0.0063661104,0.012353185,0.9999022
16.563695000000052,1760562026.202858,-0.07261324,1.6339021,-0.011529714,0.0001366933,-0.0027195143,0.010179405,0.9999445
16.58117091666668,1760562026.220334,-0.06957996,1.6348914,-0.010518372,0.0021491067,0.0010902721,0.008014967,0.99996495
16.598589791666654,1760562026.237753,-0.06617867,1.6359318,-0.009500529,0.0041755377,0.0048571783,0.0058005783,0.9999627
16.617394708333222,1760562026.2565577,-0.062126637,1.6370807,-0.008403271,0.0064013028,0.00874335,0.0033468122,0.9999357
16.63494074999994,1760562026.2741039,-0.057988882,1.6382523,-0.007427782,0.009012519,0.012161467,0.000917173,0.999885
16.65959391666661,1760562026.2987568,-0.05159444,1.64011,-0.0062425756,0.013856917,0.016660405,-0.0025411523,0.999762
16.677031374999842,1760562026.3161943,-0.046655536,1.6415207,-0.005594462,0.017696507,0.019406714,-0.0051023597,0.999642
16.693982416666586,1760562026.3331454,-0.041524474,1.6429366,-0.0051338696,0.021715911,0.02157082,-0.0075674327,0.9995028
16.71143945833319,1760562026.3506024,-0.035923,1.644421,-0.0048293127,0.02629838,0.023266548,-0.009947927,0.9993338
16.72897850000004,1760562026.3681414,-0.029993476,1.6459098,-0.0047331476,0.03142164,0.02448269,-0.012186454,0.99913204
16.746307874999957,1760562026.3854709,-0.02386272,1.6473625,-0.004880041,0.0370496,0.02535026,-0.014212925,0.99889076
16.763687249999975,1760562026.4028502,-0.017474294,1.648766,-0.0052902102,0.043042548,0.025982829,-0.016122121,0.9986052
16.788875083333323,1760562026.4280381,-0.007957697,1.6505485,-0.0063295066,0.051300414,0.026284471,-0.019116191,0.9981543
16.807204374999856,1760562026.4463675,-0.0008389381,1.6516684,-0.007421943,0.056589376,0.025835395,-0.02159812,0.9978295
16.82510124999999,1760562026.4642642,0.006264028,1.6526854,-0.008767727,0.06110355,0.02487036,-0.024131496,0.9975297
16.842738041666507,1760562026.4819012,0.013383684,1.6536547,-0.010373148,0.064977005,0.023546405,-0.026539557,0.99725586
16.86057337499983,1760562026.4997363,0.020681625,1.6546129,-0.01228487,0.068452016,0.022096146,-0.02867167,0.9969975
16.878156541666613,1760562026.5173194,0.027926689,1.6554562,-0.0145041,0.07143199,0.020717101,-0.03049977,0.99676377
16.895573041666694,1760562026.5347362,0.035117388,1.6561935,-0.016958237,0.07364736,0.01950127,-0.03208891,0.9965772
16.913074999999935,1760562026.552238,0.04232156,1.6568589,-0.01957125,0.07496791,0.018459843,-0.033510424,0.99645174
16.930818458333306,1760562026.5699816,0.04955477,1.6573954,-0.022309924,0.07532114,0.01755581,-0.034924697,0.9963929
16.948553833333335,1760562026.5877168,0.056665126,1.6577072,-0.025077933,0.07454618,0.01672321,-0.036454644,0.9964107
16.966095291666534,1760562026.6052582,0.06354487,1.6577947,-0.027813554,0.07244319,0.015862375,-0.038076993,0.9965192
16.993602999999894,1760562026.632766,0.07385314,1.6576934,-0.032079663,0.06722385,0.014536745,-0.04080437,0.9967972
17.011149624999916,1760562026.6503127,0.08008516,1.6575083,-0.034701973,0.06342261,0.014020922,-0.04240757,0.99698675
17.028614833333222,1760562026.6677778,0.08600932,1.6572499,-0.03717932,0.059724778,0.013911889,-0.043851458,0.9971542
17.04528491666656,1760562026.684448,0.091397695,1.6569705,-0.039427105,0.05656768,0.014116984,-0.045047786,0.9972821
17.06273874999988,1760562026.7019017,0.096737444,1.656689,-0.041603446,0.053788498,0.014561201,-0.046099838,0.9973813
17.080245458333366,1760562026.7194085,0.10178459,1.6563798,-0.043608934,0.051449753,0.015262996,-0.04694284,0.99745494
17.097696916666564,1760562026.73686,0.10653353,1.6560245,-0.04547018,0.049506906,0.016253848,-0.047679476,0.9975027
17.115166249999902,1760562026.7543292,0.111007094,1.6556418,-0.04719618,0.047977757,0.017489715,-0.04838133,0.9975227
17.13257545833335,1760562026.7717385,0.11519009,1.6552522,-0.04881239,0.046728317,0.018850492,-0.049019393,0.99752605
17.150091916666725,1760562026.789255,0.11914164,1.6549025,-0.050376803,0.045409802,0.020296395,-0.049389973,0.9975403
17.16864941666654,1760562026.8078125,0.12305827,1.654647,-0.05199906,0.043759376,0.02188523,-0.049231783,0.9975883
17.191953541666635,1760562026.8311167,0.12751901,1.6545155,-0.053941995,0.04148235,0.024176976,-0.04845802,0.99767053
17.209507750000057,1760562026.8486707,0.13051486,1.654423,-0.055170387,0.039423868,0.026050173,-0.04797983,0.99772996
17.226878291666708,1760562026.8660414,0.13318169,1.6542375,-0.056068808,0.036945496,0.027913775,-0.047545545,0.9977952
17.244194208333283,1760562026.8833573,0.13556504,1.6539798,-0.056622684,0.034428794,0.029823652,-0.046834115,0.9978636
17.261592041666518,1760562026.9007552,0.13770789,1.6536769,-0.056861218,0.032344874,0.0318517,-0.045649506,0.9979256
17.28008983333325,1760562026.9192529,0.1397205,1.6533902,-0.05678344,0.030679606,0.03411958,-0.04401446,0.9979766
17.297504124999932,1760562026.9366672,0.1414082,1.6531314,-0.05644327,0.02956942,0.036212873,-0.042596076,0.99799794
17.31509020833323,1760562026.9542532,0.14296144,1.6528523,-0.0558981,0.029079985,0.038171656,-0.041473117,0.9979866
17.33258279166671,1760562026.9717457,0.1443842,1.6525578,-0.0551964,0.028947594,0.040030416,-0.040466785,0.99795896
17.34995683333318,1760562026.9891198,0.14569265,1.6522527,-0.054375947,0.028853515,0.041830633,-0.039554786,0.9979244
17.36764954166665,1760562027.0068126,0.14694583,1.6519521,-0.053447455,0.028733155,0.043613814,-0.038450066,0.9978947
17.390406041666665,1760562027.0295691,0.14852655,1.6516416,-0.05217856,0.028668635,0.04563881,-0.036813576,0.9978677
17.40896704166653,1760562027.04813,0.14974791,1.6515363,-0.051119447,0.028761305,0.04675217,-0.03572049,0.9978532
17.426671166666665,1760562027.0658343,0.15085202,1.651571,-0.050125003,0.028954206,0.04725809,-0.034877844,0.99785364
17.444075583333188,1760562027.0832386,0.15185994,1.6517081,-0.049175445,0.029204525,0.047362886,-0.034021247,0.99787086
17.460934666666617,1760562027.1000977,0.15272641,1.6518977,-0.048282772,0.029392706,0.04733867,-0.033014484,0.99790037
17.47853704166664,1760562027.1177,0.15347856,1.6521065,-0.047373086,0.029470617,0.04736395,-0.03183955,0.99793506
17.495942416666594,1760562027.1351054,0.15406114,1.6522824,-0.046492133,0.029311776,0.047470927,-0.030606873,0.99797326
17.513437124999882,1760562027.1526,0.15450549,1.652422,-0.04564327,0.029013967,0.04763699,-0.029356476,0.9980116
17.530851416666565,1760562027.1700144,0.15482217,1.6525207,-0.044847608,0.028710756,0.04783336,-0.02809943,0.9980472
17.557567500000005,1760562027.1967306,0.15509313,1.6525717,-0.043748587,0.02826298,0.048274495,-0.026120245,0.9980924
17.575207458333352,1760562027.2143705,0.15517378,1.6525449,-0.043090343,0.028092552,0.048608337,-0.024852721,0.9981134
17.592850583333302,1760562027.2320137,0.15519577,1.6525054,-0.042499512,0.027992366,0.048930235,-0.02370802,0.9981284
17.610357041666703,1760562027.24952,0.15513802,1.6524689,-0.04201138,0.027859954,0.049291834,-0.02269549,0.9981378
17.62703650000003,1760562027.2661996,0.1550178,1.6524314,-0.04163849,0.027661085,0.049690686,-0.021807352,0.9981434
17.644405416666586,1760562027.2835684,0.15483356,1.652393,-0.041332755,0.027470952,0.0500999,-0.021065256,0.99814403
17.661907833333316,1760562027.301071,0.15459597,1.6523508,-0.04109332,0.027239785,0.050467674,-0.02052827,0.9981431
17.679086124999912,1760562027.3182492,0.15431774,1.6522949,-0.040901423,0.026828282,0.050773446,-0.020128004,0.9981469
17.6956091666666,1760562027.334772,0.15401942,1.6522335,-0.04076928,0.026398774,0.05102314,-0.01971639,0.9981538
17.713053124999988,1760562027.3522162,0.15368295,1.6521935,-0.040703982,0.026098315,0.051178318,-0.019264529,0.9981626
17.73075070833329,1760562027.3699138,0.15332961,1.6521723,-0.040721416,0.02602189,0.051206876,-0.01881977,0.99817157
17.759166499999992,1760562027.3983295,0.15276009,1.652137,-0.04091823,0.02603708,0.05111767,-0.017858172,0.99819344
17.776277916666686,1760562027.415441,0.15240878,1.6520767,-0.04109338,0.026028626,0.05100621,-0.017486727,0.9982059
17.79321512499996,1760562027.432378,0.15205294,1.6519468,-0.041285902,0.025715806,0.050735824,-0.017474094,0.9982281
17.81021408333322,1760562027.449377,0.15169507,1.6518087,-0.041522857,0.025461396,0.050335027,-0.01752067,0.998254
17.82670549999989,1760562027.4658685,0.15133548,1.6517168,-0.041801933,0.025527451,0.049946766,-0.017423473,0.99827355
17.843360291666613,1760562027.4825232,0.15095294,1.6516669,-0.04211623,0.025863742,0.049632035,-0.017108599,0.998286
17.860814749999918,1760562027.4999778,0.15052187,1.6515789,-0.04244706,0.025998563,0.049335305,-0.016801799,0.99830246
17.87826558333336,1760562027.5174286,0.15004945,1.6513968,-0.042746577,0.025458436,0.04896713,-0.016615672,0.99833757
17.895771291666506,1760562027.5349343,0.14954256,1.6512028,-0.043040253,0.024721062,0.04857305,-0.016356451,0.99837965
17.91326049999998,1760562027.5524235,0.14900738,1.6510934,-0.04335529,0.024274778,0.04818525,-0.016099438,0.9984136
17.930693958333222,1760562027.569857,0.14844453,1.6510715,-0.04369101,0.024257664,0.047843482,-0.015881235,0.99843395
17.948116750000054,1760562027.5872798,0.14784789,1.6510775,-0.044034272,0.024333289,0.047592912,-0.015692612,0.99844706
17.965559499999927,1760562027.6047225,0.14721102,1.6510555,-0.04437965,0.024277985,0.047476437,-0.015511224,0.9984568
17.98539525000001,1760562027.6245582,0.14640957,1.6509756,-0.04477421,0.024000866,0.04748567,-0.015287941,0.9984665
18.00279745833336,1760562027.6419604,0.14566416,1.6508714,-0.04511911,0.023639305,0.047554743,-0.015051028,0.9984755
18.026254583333184,1760562027.6654177,0.14463365,1.6507133,-0.045584325,0.023174023,0.047732897,-0.014780264,0.9984819
18.04389225,1760562027.6830552,0.14384723,1.6505882,-0.04593438,0.02286798,0.047929667,-0.014478887,0.99848396
18.06072062499993,1760562027.6998837,0.14309484,1.650462,-0.046268757,0.022495557,0.048167273,-0.014137805,0.99848586
18.078180416666555,1760562027.7173433,0.14231074,1.650326,-0.04658994,0.02209573,0.04838832,-0.013885406,0.99848765
18.095586291666677,1760562027.7347493,0.14153272,1.6502082,-0.046895508,0.021810098,0.04853588,-0.013727744,0.9984889
18.11305541666661,1760562027.7522185,0.1407693,1.6501186,-0.047214895,0.02162445,0.048646867,-0.013579565,0.9984896
18.13076970833322,1760562027.7699327,0.140014,1.6500444,-0.04754722,0.02143973,0.04874843,-0.013322358,0.99849206
18.148416374999897,1760562027.7875793,0.13928884,1.6499643,-0.047889385,0.02112667,0.048817206,-0.012950799,0.9985002
18.16589029166653,1760562027.8050532,0.13860387,1.6498771,-0.048241317,0.020773103,0.048811167,-0.012527252,0.9985134
18.18425699999989,1760562027.82342,0.1379329,1.6497827,-0.048611432,0.02046259,0.048697807,-0.012222092,0.99852914
18.201706749999857,1760562027.8408697,0.13733846,1.6497056,-0.04894429,0.02026889,0.048518687,-0.012097755,0.9985433
18.22480412499999,1760562027.8639672,0.13658667,1.6496289,-0.049390078,0.020066448,0.04831411,-0.011993648,0.9985586
18.244352041666616,1760562027.8835151,0.13598359,1.6495669,-0.049770683,0.019923426,0.048118092,-0.011930001,0.9985717
18.261825749999844,1760562027.9009888,0.13547707,1.649504,-0.050112545,0.019780705,0.047901303,-0.011823741,0.99858624
18.27945687500005,1760562027.9186199,0.13499856,1.649431,-0.0504449,0.019518478,0.047635946,-0.011637052,0.99860626
18.296372124999834,1760562027.9355352,0.13456541,1.6493462,-0.050746858,0.019128019,0.047391266,-0.011417234,0.998628
18.314715624999963,1760562027.9538786,0.13412017,1.6492525,-0.051055077,0.018689834,0.047159653,-0.011245685,0.9986492
