t_mono,t_wall,x,y,z,qx,qy,qz,qw
0.49666033333323867,1762753296.4208302,-0.0017174011,1.5959958,-0.096679576,-0.0047431323,0.0019500606,-0.0184037,0.9998175
0.5180403750000551,1762753296.4422104,-0.0018788775,1.5959923,-0.09645838,-0.0047594984,0.0021343473,-0.0183223,0.9998185
0.5353175416667,1762753296.4594877,-0.0020018194,1.5959913,-0.09627641,-0.00476198,0.002275687,-0.018244766,0.99981964
0.5579293749997305,1762753296.4820993,-0.002172552,1.5959823,-0.09602988,-0.004826161,0.0024550068,-0.018102841,0.9998215
0.575235166666971,1762753296.4994051,-0.002304472,1.5959659,-0.095838726,-0.004929016,0.0025793088,-0.01798927,0.99982274
0.5945198749996052,1762753296.5186899,-0.0024548944,1.595931,-0.09561981,-0.005152129,0.0027028818,-0.017887486,0.9998231
0.6117840416663967,1762753296.535954,-0.0025954172,1.5958824,-0.09541315,-0.0054617827,0.0028036716,-0.01780579,0.9998226
0.629041541666993,1762753296.5532115,-0.00273899,1.5958201,-0.09519577,-0.005844336,0.0029246332,-0.01770223,0.99982196
0.6463195416663439,1762753296.5704896,-0.002885364,1.5957469,-0.09496975,-0.0062912954,0.0030839269,-0.017552944,0.9998214
0.6644905416669644,1762753296.5886605,-0.0030454595,1.5956519,-0.09472357,-0.00685804,0.0032733777,-0.017389735,0.99981993
0.6817833750001228,1762753296.6059535,-0.00318788,1.5955371,-0.09449291,-0.0075095203,0.0034457012,-0.017287135,0.9998164
0.6988992083333869,1762753296.6230693,-0.0033130199,1.5954009,-0.09427649,-0.008344399,0.0036039066,-0.017227316,0.9998103
0.7244090416670588,1762753296.6485791,-0.0035021678,1.5951104,-0.09392655,-0.010072425,0.0038539686,-0.017186603,0.9997942
0.741257291666443,1762753296.6654272,-0.0036242802,1.5948335,-0.0936696,-0.011618585,0.004038319,-0.017180467,0.9997768
0.7662689999997383,1762753296.690439,-0.003548488,1.5943766,-0.09343135,-0.01455833,0.0043012137,-0.017279735,0.9997354
0.7854531666662297,1762753296.709623,-0.0034806505,1.5939065,-0.09322226,-0.017339274,0.0044222423,-0.017524062,0.9996863
0.8026741249996121,1762753296.726844,-0.0034523208,1.5933754,-0.09299541,-0.020304404,0.004450463,-0.017749526,0.9996264
0.8233012499995311,1762753296.7474713,-0.0034591332,1.5925943,-0.09268159,-0.024499448,0.00440623,-0.017979905,0.99952847
0.840567166666915,1762753296.7647371,-0.0034963835,1.5918334,-0.092383035,-0.028543048,0.0043295515,-0.018067885,0.99941987
0.8583669166664549,1762753296.782537,-0.0035659,1.5909449,-0.092028975,-0.033236455,0.0041872603,-0.018152365,0.9992739
0.8756174166665005,1762753296.7997875,-0.0036950707,1.5899231,-0.09163916,-0.038489573,0.003955693,-0.018295983,0.99908364
0.8929166666666788,1762753296.8170867,-0.003867589,1.5886836,-0.09119469,-0.044619787,0.0036006956,-0.018508332,0.9988261
0.9093073750000258,1762753296.8334775,-0.004038786,1.5873055,-0.090709634,-0.05138393,0.0031456274,-0.018790204,0.99849725
0.926653333332979,1762753296.8508234,-0.004220938,1.5855985,-0.09011788,-0.05964882,0.0025300698,-0.019157952,0.9980324
0.9440120416666105,1762753296.868182,-0.0043919757,1.5836589,-0.08944309,-0.068902954,0.0018229858,-0.019546393,0.9974302
0.9613109583333426,1762753296.8854809,-0.0045565143,1.5816255,-0.088704824,-0.0783762,0.0010399,-0.019931912,0.99672407
0.9786460833329329,1762753296.902816,-0.0047143376,1.5796208,-0.08793301,-0.087485164,0.00020758747,-0.020406568,0.9959568
0.995916166666575,1762753296.9200861,-0.004872702,1.5776768,-0.087142885,-0.09615519,-0.00073139335,-0.020998979,0.99514455
1.0132099166667103,1762753296.9373798,-0.005033014,1.5757483,-0.08631415,-0.10465922,-0.0017972813,-0.021673175,0.9942703
1.029764791666821,1762753296.953935,-0.005191622,1.5739269,-0.08546544,-0.112595856,-0.0029240798,-0.022255177,0.9933873
1.0470610000002125,1762753296.971231,-0.0053727776,1.5721184,-0.08454049,-0.120260336,-0.0041954936,-0.022787789,0.992472
1.0660267916664452,1762753296.9901967,-0.0055998787,1.5703598,-0.08352882,-0.12744501,-0.0056020864,-0.023220753,0.99155796
1.082372791666785,1762753297.006543,-0.005833385,1.5690684,-0.082709916,-0.13253936,-0.0067655826,-0.023429139,0.9908777
1.1042942916665197,1762753297.0284643,-0.006210188,1.567597,-0.08165683,-0.13815928,-0.008105228,-0.02333988,0.9901018
1.1247139583329044,1762753297.048884,-0.0066428534,1.5664337,-0.08064853,-0.14257412,-0.008987992,-0.022893183,0.9894785
1.1420031666666546,1762753297.066173,-0.0070729456,1.5655942,-0.079782076,-0.1456809,-0.009368145,-0.022190414,0.9890384
1.159308874999624,1762753297.083479,-0.0075638494,1.5648769,-0.078909285,-0.14831486,-0.009345596,-0.021312712,0.98866636
1.1767885416666104,1762753297.1009586,-0.008129236,1.5642289,-0.07798577,-0.15055938,-0.008860545,-0.020303529,0.9883527
1.1949140833330603,1762753297.1190841,-0.008783487,1.5636123,-0.07699854,-0.15255125,-0.007859535,-0.019145288,0.98807883
1.2121784999999363,1762753297.1363485,-0.009459399,1.5630728,-0.07608163,-0.15425031,-0.0064649126,-0.018039016,0.98784596
1.229486666666162,1762753297.1536567,-0.010179366,1.5625887,-0.07519896,-0.15573011,-0.004659383,-0.016985308,0.9876426
1.2467880833328309,1762753297.170958,-0.010931708,1.5621874,-0.07437438,-0.15687968,-0.002548245,-0.016036546,0.9874843
1.2640905416665191,1762753297.1882606,-0.011706169,1.5618881,-0.07363005,-0.15764795,-0.00016404573,-0.015179892,0.9873787
1.281874749999588,1762753297.2060447,-0.012579098,1.5616983,-0.07298368,-0.15803559,0.0024966714,-0.014369556,0.9873257
1.2982207916666084,1762753297.222391,-0.013429505,1.5616001,-0.07249431,-0.15811947,0.0051045953,-0.013629256,0.98731273
1.3149073750000753,1762753297.2390773,-0.014286265,1.5615382,-0.07208055,-0.15806544,0.007869108,-0.012824518,0.987314
1.3323490416669301,1762753297.256519,-0.015167579,1.5614904,-0.071725786,-0.15796977,0.01080492,-0.011934366,0.98731273
1.3496195833331512,1762753297.2737896,-0.016022982,1.561444,-0.07143988,-0.15789072,0.013700004,-0.011037383,0.98729986
1.3669406666667783,1762753297.2911108,-0.016834728,1.5613991,-0.071192995,-0.15781309,0.01654835,-0.010122893,0.9872784
1.3922951249996913,1762753297.3164651,-0.017950885,1.5613617,-0.07093251,-0.15750344,0.020567527,-0.008653079,0.98726636
1.4101271666668254,1762753297.3342972,-0.018691488,1.5613474,-0.070827246,-0.15722446,0.0232224,-0.007558385,0.9872609
1.4291782499994952,1762753297.3533483,-0.019432275,1.5613256,-0.07076115,-0.15696111,0.02584167,-0.0064079,0.98724586
1.4465064583337153,1762753297.3706765,-0.020060658,1.5612985,-0.070732236,-0.15673962,0.02799917,-0.0053851395,0.98722833
1.4704772916666116,1762753297.3946474,-0.020856207,1.5612578,-0.07072676,-0.15646657,0.030612813,-0.0040576765,0.9872004
1.4878268333332016,1762753297.4119968,-0.021344915,1.5612301,-0.07067543,-0.15628558,0.03221472,-0.0031708798,0.98718137
1.5051655833331097,1762753297.4293356,-0.021759799,1.5612146,-0.07059283,-0.15605375,0.033594023,-0.0023266808,0.9871744
1.52415050000036,1762753297.4483206,-0.022174694,1.5612206,-0.070545614,-0.1556929,0.03485532,-0.0014789153,0.9871893
1.541479624999738,1762753297.4656496,-0.022517852,1.5612414,-0.070535004,-0.15531181,0.03579918,-0.00074431335,0.98721635
1.5607683749994976,1762753297.4849384,-0.022860957,1.5612662,-0.07054494,-0.15489203,0.036617957,3.6092253e-05,0.98725253
1.5783619583335167,1762753297.502532,-0.02310749,1.5613112,-0.07056577,-0.15452844,0.037175488,0.00066733704,0.9872885
1.5958958749997691,1762753297.5200658,-0.023300873,1.5613766,-0.07059802,-0.15419568,0.037575714,0.0012103094,0.98732483
1.613367833333541,1762753297.5375378,-0.023479357,1.5614417,-0.07064617,-0.15388441,0.03780242,0.0016206027,0.9873642
1.6313468333328274,1762753297.555517,-0.023649625,1.5615126,-0.07072955,-0.15352085,0.037904885,0.0019639921,0.98741615
1.652097500000309,1762753297.5762675,-0.023835912,1.561591,-0.07088184,-0.15299946,0.03792667,0.0024212273,0.98749524
1.6694019999995362,1762753297.593572,-0.0239148,1.5617002,-0.07109934,-0.1525602,0.03788405,0.002775517,0.9875639
1.6944003749995318,1762753297.6185703,-0.023956522,1.5618672,-0.0714944,-0.15212642,0.037701704,0.0030735559,0.9876369
1.711668166666641,1762753297.6358383,-0.024000583,1.5619307,-0.07174791,-0.1521099,0.037452735,0.0030853506,0.9876489
1.7290225416663816,1762753297.6531925,-0.024046987,1.5619608,-0.07198042,-0.15225369,0.037109125,0.003087243,0.9876397
1.7464424166664685,1762753297.6706123,-0.024090705,1.5619789,-0.07221292,-0.15237308,0.036711317,0.003187107,0.9876359
1.767071749999559,1762753297.6912417,-0.02409815,1.5620306,-0.07250953,-0.1522537,0.036179915,0.0033791529,0.9876732
1.7931434583333612,1762753297.7173135,-0.024055794,1.5621462,-0.072956085,-0.15169519,0.035405934,0.003596374,0.9877865
1.8104165833328807,1762753297.7345867,-0.02403368,1.5622294,-0.07330334,-0.15128574,0.034835596,0.0037145666,0.9878691
1.8277222916667597,1762753297.7518923,-0.024006998,1.5623007,-0.07367415,-0.15094201,0.034218658,0.0038383424,0.98794276
1.8450379583337053,1762753297.769208,-0.023964457,1.562351,-0.07406306,-0.15071419,0.033576235,0.00400264,0.9879989
1.861432208333099,1762753297.7856023,-0.023906417,1.5623807,-0.07444614,-0.15061152,0.032902148,0.0041344715,0.9880367
1.878875583332956,1762753297.8030455,-0.023745187,1.5624013,-0.07483989,-0.15058242,0.032089416,0.004169247,0.98806775
1.8955074166669874,1762753297.8196774,-0.023506522,1.5624042,-0.07519913,-0.15060706,0.03114288,0.0040512355,0.98809475
1.9128926666662665,1762753297.8370626,-0.023236193,1.5623686,-0.07556051,-0.1507657,0.02990441,0.0037499694,0.98811
1.931367291666902,1762753297.8555374,-0.022917574,1.5622636,-0.07589484,-0.1512111,0.028343383,0.003298079,0.98808956
1.9486944166665126,1762753297.8728645,-0.022588506,1.5621021,-0.076132715,-0.1519189,0.026605083,0.0027330855,0.988031
1.9660659999999552,1762753297.890236,-0.022242785,1.5619153,-0.076321304,-0.15277158,0.024651615,0.0021052402,0.98795176
1.99280008333335,1762753297.91697,-0.021631606,1.5617738,-0.07662529,-0.15362208,0.0213482,0.0010859797,0.98789847
2.0100929166665082,1762753297.934263,-0.021229712,1.5617923,-0.07689147,-0.15364179,0.019141352,0.0005084234,0.9879411
2.0287556666662567,1762753297.9529257,-0.020823032,1.5618583,-0.07722896,-0.15338174,0.016753102,-0.000116875904,0.988025
2.0460389166664754,1762753297.970209,-0.020478802,1.5619011,-0.07753189,-0.15320426,0.014543177,-0.00070680474,0.9880873
2.06746958333315,1762753297.9916396,-0.020093754,1.561864,-0.077831864,-0.1533914,0.01190096,-0.0013663827,0.9880929
2.084780375000264,1762753298.0089505,-0.019775674,1.561831,-0.07803482,-0.1538419,0.009912125,-0.0017585243,0.9880442
2.1021630833329255,1762753298.026333,-0.019460194,1.5617999,-0.07820648,-0.15441185,0.0081130415,-0.002074809,0.98797107
2.129150916666731,1762753298.053321,-0.01907968,1.561674,-0.07835783,-0.15542148,0.0056789545,-0.0025758746,0.98782855
2.146502624999812,1762753298.0706728,-0.018909104,1.5615662,-0.07838225,-0.1561033,0.004361095,-0.002949062,0.9877267
2.163809458333162,1762753298.0879796,-0.018759273,1.5614756,-0.07832968,-0.15676929,0.0032863591,-0.003327688,0.98762417
2.1813207499999407,1762753298.1054907,-0.018647505,1.5614067,-0.07821489,-0.15735145,0.0024686276,-0.0036732927,0.98753273
2.1989607083332885,1762753298.1231308,-0.018598758,1.5613525,-0.07807493,-0.15780585,0.0019405341,-0.004002412,0.98746014
2.2163761666670325,1762753298.140546,-0.018609792,1.5613146,-0.07792181,-0.15810685,0.0016578302,-0.004339906,0.9874111
2.2337361250001777,1762753298.157906,-0.01867061,1.5612878,-0.07775957,-0.15828711,0.0015610424,-0.0046846196,0.9873808
2.261020833333532,1762753298.185191,-0.018850094,1.5612385,-0.077486105,-0.15849826,0.0016836764,-0.0051193726,0.9873445
2.278301708332947,1762753298.2024717,-0.01901178,1.5611845,-0.077303946,-0.15867335,0.0018932798,-0.0052614827,0.9873153
2.296668416666762,1762753298.2208385,-0.019140705,1.5610902,-0.07706857,-0.15894733,0.0022288633,-0.0053468514,0.9872701
2.313972124999964,1762753298.2381423,-0.019215731,1.5609723,-0.07680876,-0.15926136,0.00263234,-0.0053918445,0.98721826
2.331370541666729,1762753298.2555406,-0.01933095,1.5608425,-0.07655026,-0.1596399,0.0030932066,-0.0054264334,0.98715556
2.3487836666663497,1762753298.2729537,-0.019480629,1.5607003,-0.07629318,-0.1600332,0.0036056489,-0.0054571717,0.98709
2.366267583332956,1762753298.2904377,-0.01965747,1.5605636,-0.076036334,-0.16045399,0.0041853026,-0.0054599466,0.98701936
2.385578749999695,1762753298.3097486,-0.019879729,1.5604056,-0.075748324,-0.16095725,0.00489151,-0.0054369923,0.98693424
2.402975666666862,1762753298.3271456,-0.020102866,1.5602449,-0.07548308,-0.16147442,0.005585157,-0.005387089,0.9868464
2.4252657916667886,1762753298.3494358,-0.020411238,1.5600281,-0.07515305,-0.16215463,0.0065136636,-0.005296325,0.9867297
2.4425964166666745,1762753298.3667665,-0.020659976,1.5598574,-0.07490903,-0.16262561,0.007281122,-0.0050771874,0.98664796
2.4601646250002887,1762753298.3843346,-0.020914108,1.5596846,-0.074673414,-0.16308342,0.008080076,-0.0048298207,0.9865674
2.4776982916664565,1762753298.4018683,-0.021124033,1.5595782,-0.07445938,-0.16353875,0.008861055,-0.004554776,0.9864866
2.495056124999792,1762753298.4192262,-0.021296538,1.5595193,-0.074257374,-0.16400474,0.009558909,-0.004331542,0.98640376
2.5125085833333287,1762753298.4366786,-0.021468831,1.5594453,-0.0740494,-0.16451779,0.0101822,-0.0041910424,0.9863126
2.5299254583333095,1762753298.4540954,-0.021632142,1.5593657,-0.073833525,-0.16504656,0.010713972,-0.0040214616,0.98621935
2.5473896666662768,1762753298.4715598,-0.02178505,1.5592902,-0.07360923,-0.16554768,0.011159613,-0.0037949868,0.98613137
2.564771125000334,1762753298.4889412,-0.02191151,1.5592287,-0.07339096,-0.16597292,0.011522025,-0.0035382726,0.9860567
2.5920907083336715,1762753298.5162606,-0.022085436,1.5591549,-0.07305616,-0.16644503,0.011926331,-0.0031213532,0.9859737
2.6110354166667094,1762753298.5352054,-0.022202482,1.5591232,-0.07283146,-0.16659378,0.012155729,-0.0028084475,0.98594666
2.629635333333681,1762753298.5538054,-0.022310846,1.5590985,-0.0726226,-0.16663715,0.012368572,-0.0024932167,0.98593754
2.6474444166669855,1762753298.5716145,-0.022406861,1.5590641,-0.07242471,-0.166701,0.012544383,-0.0022187831,0.9859252
2.6648766666667143,1762753298.5890467,-0.022494277,1.5590061,-0.07221789,-0.16684304,0.012673455,-0.0020079568,0.9859
2.6911546250003084,1762753298.6153247,-0.02252843,1.5588216,-0.07186616,-0.16727155,0.012743076,-0.0017958287,0.98582685
2.709220333333178,1762753298.6333904,-0.022507353,1.5586653,-0.071600266,-0.16768438,0.012719891,-0.0016352886,0.98575735
2.7275584583330783,1762753298.6517284,-0.022477247,1.5585179,-0.07132292,-0.16800453,0.012614091,-0.0014425229,0.9857045
2.745188541666721,1762753298.6693585,-0.022443809,1.5583967,-0.07105893,-0.16819383,0.012431482,-0.0014032238,0.9856745
2.7626029583334457,1762753298.686773,-0.022411933,1.558294,-0.07079137,-0.16833502,0.012173083,-0.0014294873,0.98565364
2.7802023333333636,1762753298.7043724,-0.022384077,1.558209,-0.07050085,-0.1684786,0.011909214,-0.0014274189,0.9856323
2.7976983333328462,1762753298.7218683,-0.022362178,1.5581328,-0.07018382,-0.16868745,0.0116608,-0.0013628352,0.98559964
2.818634541667052,1762753298.7428045,-0.02233933,1.5580428,-0.06978053,-0.16888985,0.011398871,-0.0012742355,0.98556817
2.835089958332901,1762753298.75926,-0.02232986,1.5579888,-0.069463015,-0.16894367,0.011236037,-0.0012127737,0.98556095
2.860866416666795,1762753298.7850363,-0.022333466,1.5579352,-0.06897318,-0.16885988,0.01110285,-0.0011576136,0.98557687
2.8782032916669777,1762753298.8023734,-0.02235133,1.5579497,-0.06865067,-0.16877404,0.01110741,-0.001164354,0.9855915
2.895531750000373,1762753298.8197017,-0.022385983,1.5579993,-0.06833045,-0.16874656,0.011173008,-0.0012003855,0.9855954
2.9130438749998575,1762753298.837214,-0.022433892,1.558028,-0.06800568,-0.16873902,0.011288124,-0.0012178086,0.9855954
2.930774291666239,1762753298.8549442,-0.022496015,1.5580436,-0.0676834,-0.16878073,0.011433394,-0.0011967492,0.9855866
2.9481512916663632,1762753298.8723214,-0.022565365,1.5580434,-0.067377985,-0.16884984,0.011604735,-0.0011420192,0.9855728
2.965639166666733,1762753298.8898091,-0.022626355,1.5580287,-0.06705779,-0.16894746,0.011775705,-0.001048799,0.98555416
2.992273583333372,1762753298.9164436,-0.022712601,1.5579766,-0.06657631,-0.169169,0.012055337,-0.0008703672,0.9855129
3.0100071666665826,1762753298.9341772,-0.022780603,1.5579263,-0.066275164,-0.16933663,0.012250575,-0.0007328393,0.98548186
3.027382666666199,1762753298.9515526,-0.022856675,1.557873,-0.0659942,-0.16950765,0.01246539,-0.0005768866,0.9854499
3.044804708333686,1762753298.9689748,-0.022938645,1.5578178,-0.06572867,-0.16965413,0.012721479,-0.0004505814,0.9854215
3.0623867916665404,1762753298.9865568,-0.023029707,1.557764,-0.06548041,-0.16974328,0.013037251,-0.00033104426,0.985402
3.0797892083328406,1762753299.0039592,-0.02311866,1.5577554,-0.065253615,-0.16974226,0.013388143,-0.0002528435,0.9853975
3.0972266666667565,1762753299.0213966,-0.023205914,1.557782,-0.06504482,-0.16967891,0.013758297,-0.00017037326,0.98540336
3.11499670833291,1762753299.0391667,-0.023294568,1.5578011,-0.06485158,-0.16957882,0.014147707,-0.00011253482,0.9854151
3.1324220416663593,1762753299.056592,-0.023380933,1.5578176,-0.06468265,-0.16942415,0.01451398,-6.148567e-05,0.9854364
3.1497272083333883,1762753299.0738971,-0.023461998,1.5578364,-0.06453323,-0.16922903,0.0148587655,-1.1202378e-05,0.98546475
3.1670859583337005,1762753299.091256,-0.023523247,1.5578643,-0.064367995,-0.16902764,0.015182495,5.4347307e-05,0.9854944
3.1853299583335684,1762753299.1095,-0.023573874,1.5578965,-0.064180896,-0.16882241,0.0155159375,0.000105737345,0.98552436
3.2026228750000882,1762753299.126793,-0.023629457,1.5579255,-0.06401259,-0.1685977,0.015832148,0.00013138214,0.98555773
3.2200701250003476,1762753299.1442401,-0.023689128,1.5579648,-0.063845694,-0.16831736,0.016155317,0.00017991273,0.9856005
3.2377563749996625,1762753299.1619265,-0.023751376,1.5580198,-0.06368161,-0.16798604,0.016465986,0.00023576016,0.98565185
3.2562447916661768,1762753299.180415,-0.023814077,1.5580899,-0.06351681,-0.16760412,0.0167866,0.00041136498,0.98571134
3.273590458333274,1762753299.1977606,-0.023867076,1.5581517,-0.06337381,-0.16723709,0.017083745,0.00062434975,0.9857685
3.2911461666662944,1762753299.2153163,-0.023902714,1.5582222,-0.06321967,-0.16693251,0.01733132,0.0007671834,0.9858157
3.30853233333346,1762753299.2327023,-0.023917159,1.5582864,-0.063046046,-0.16672519,0.017498687,0.0008121111,0.9858478
3.326011833333723,1762753299.250182,-0.023928382,1.5583051,-0.06287229,-0.16674398,0.017593905,0.00073416403,0.985843
3.343728791666763,1762753299.2678988,-0.023931332,1.5582697,-0.06268889,-0.1670068,0.017558184,0.00066647364,0.98579913
3.36124054166703,1762753299.2854106,-0.023921631,1.558185,-0.062496483,-0.16745162,0.017298657,0.00063182926,0.9857283
3.378616666666858,1762753299.3027866,-0.023877988,1.5580784,-0.062281918,-0.16797358,0.01675311,0.0005938299,0.98564893
3.395934541666975,1762753299.3201046,-0.023816241,1.5579637,-0.062055815,-0.16853419,0.015929488,0.0005156703,0.985567
3.4132465833336028,1762753299.3374166,-0.023767538,1.5578587,-0.061841846,-0.1689738,0.014918605,0.00045210266,0.9855075
3.430892166667036,1762753299.3550622,-0.02374719,1.5577861,-0.06165588,-0.1691679,0.013829647,0.00040895224,0.98549014
3.448246291666692,1762753299.3724163,-0.023765609,1.5577524,-0.061504602,-0.1691328,0.0128267305,0.00045767182,0.98550975
3.465542916666891,1762753299.389713,-0.023814812,1.5577396,-0.06137097,-0.16899872,0.012033334,0.0007351855,0.98554254
3.4893482083334675,1762753299.4135182,-0.02385667,1.5577427,-0.061211407,-0.16880587,0.011409723,0.001460833,0.98558223
3.5067308750003576,1762753299.4309008,-0.023894683,1.5577514,-0.061106443,-0.1686649,0.011367872,0.0020954437,0.98560566
3.52414620833315,1762753299.4483163,-0.023964226,1.557755,-0.0610193,-0.1684814,0.011655019,0.002626202,0.9856324
3.541830791667053,1762753299.4660008,-0.02405675,1.557743,-0.060958993,-0.16825283,0.012203045,0.002979759,0.98566383
3.5600517916664103,1762753299.4842217,-0.02416064,1.5576999,-0.06092168,-0.1681344,0.012901817,0.00313398,0.9856747
3.577574249999998,1762753299.5017443,-0.024237208,1.5576255,-0.060883105,-0.1682609,0.013595655,0.0031473946,0.98564374
3.5948629583335787,1762753299.519033,-0.02428113,1.5575203,-0.06083733,-0.16865759,0.014221154,0.0031827032,0.985567
3.6122638750002807,1762753299.536434,-0.024295837,1.5573851,-0.060795188,-0.16925281,0.014747665,0.0032569114,0.98545694
3.6296584583333242,1762753299.5538285,-0.02427852,1.5572329,-0.06076611,-0.16988274,0.015115469,0.0033413812,0.9853427
3.646964874999867,1762753299.5711348,-0.024230896,1.5570835,-0.060761858,-0.17049918,0.015312077,0.0034072401,0.98523295
3.664477000000261,1762753299.5886471,-0.024153762,1.5569389,-0.06077987,-0.17101733,0.015340927,0.003478552,0.98514247
3.6818898333331163,1762753299.6060598,-0.024055956,1.5568136,-0.060786553,-0.17145035,0.015234874,0.0035344935,0.9850686
3.699311624999609,1762753299.6234818,-0.023940975,1.5567124,-0.060779106,-0.17186086,0.015008098,0.0035899167,0.9850004
3.7247178750003513,1762753299.6488879,-0.023741415,1.5565845,-0.060791917,-0.17237853,0.014591089,0.0036279059,0.98491603
3.7421269999995275,1762753299.666297,-0.023593158,1.5565188,-0.06081897,-0.17266734,0.014304111,0.0036095772,0.9848697
3.7606479999994917,1762753299.684818,-0.023431376,1.5564624,-0.06086719,-0.17289308,0.014029546,0.0034938473,0.9848345
3.778170708333164,1762753299.7023408,-0.023280852,1.5564207,-0.060926557,-0.17307436,0.013810978,0.0032796087,0.9848065
3.795538666666289,1762753299.7197087,-0.023134544,1.5563767,-0.060994685,-0.17327309,0.013629546,0.0029983504,0.984775
3.8128230416668885,1762753299.736993,-0.022989275,1.5563134,-0.06106938,-0.17355698,0.013481426,0.0026985093,0.98472786
3.8301672500001587,1762753299.7543373,-0.022844307,1.5562255,-0.061145008,-0.17392436,0.013356023,0.0023973896,0.9846655
3.8474966249996214,1762753299.7716665,-0.022700697,1.556121,-0.0612278,-0.1743504,0.01328691,0.0021605382,0.98459166
3.865354958333228,1762753299.789525,-0.022553667,1.556006,-0.06132412,-0.17481253,0.013241825,0.0019493194,0.9845108
3.8858011250003983,1762753299.809971,-0.022368982,1.5559093,-0.061448533,-0.17528373,0.013238858,0.0017427956,0.9844274
3.903089208332858,1762753299.8272593,-0.022209836,1.555848,-0.061562903,-0.17562686,0.013280892,0.0015848309,0.98436594
3.9279594583331345,1762753299.8521295,-0.021992281,1.5557574,-0.061744988,-0.1760584,0.013428826,0.0013942076,0.98428714
3.947650541666917,1762753299.8718204,-0.021821812,1.5556896,-0.06189853,-0.17636289,0.013583492,0.0012224047,0.98423076
3.965473624999504,1762753299.8896437,-0.021663994,1.5556393,-0.062038243,-0.17659003,0.013720516,0.001040138,0.9841883
3.982836750000388,1762753299.9070067,-0.021512514,1.5556443,-0.062152732,-0.17674902,0.013830581,0.00084245764,0.98415846
4.000121666666928,1762753299.9242916,-0.021356054,1.5556923,-0.062258065,-0.17683302,0.01390137,0.0006060309,0.98414254
4.023984000000382,1762753299.948154,-0.021117896,1.5557743,-0.062426925,-0.17674771,0.013919451,0.00021383629,0.98415774
4.041410458333303,1762753299.9655805,-0.020927584,1.5558414,-0.062562175,-0.17656648,0.013871407,-0.00012425007,0.98419094
4.058716166666272,1762753299.982886,-0.020721227,1.5558481,-0.062725306,-0.17636098,0.013773822,-0.00049114524,0.9842291
4.076490208332871,1762753300.0006602,-0.020498512,1.5559422,-0.06284083,-0.17612088,0.013613003,-0.00093803374,0.98427397
4.093785458333514,1762753300.0179555,-0.02028057,1.5561029,-0.06292242,-0.1757583,0.013406492,-0.0013680602,0.98434114
4.1111672916667885,1762753300.0353372,-0.020058965,1.5563126,-0.063004084,-0.1751645,0.01320661,-0.0017208091,0.9844491
4.1285297499998705,1762753300.0526998,-0.0198434,1.5565782,-0.06308609,-0.174327,0.013003994,-0.0020962215,0.9845997
4.145883708333713,1762753300.0700538,-0.019637749,1.5568914,-0.063162446,-0.17327534,0.012822776,-0.0025220762,0.98478675
4.163293791666547,1762753300.0874639,-0.019445919,1.5572355,-0.0632177,-0.17210776,0.012657714,-0.0030511343,0.98499215
4.180748124999809,1762753300.1049182,-0.019265188,1.5576001,-0.06323694,-0.17087047,0.012509401,-0.003607846,0.9852075
4.198839916666657,1762753300.12301,-0.01908495,1.5580151,-0.06322444,-0.16941297,0.012378512,-0.0041214284,0.9854588
4.216118000000279,1762753300.140288,-0.018922165,1.5584848,-0.063171804,-0.16776836,0.012269097,-0.0045567793,0.9857396
4.233467458333507,1762753300.1576374,-0.018771105,1.5590292,-0.063082874,-0.16581424,0.012209847,-0.004962719,0.9860689
4.251770416666659,1762753300.1759405,-0.018633438,1.5596691,-0.06296502,-0.16343859,0.012193504,-0.0053820065,0.9864635
4.269141041666444,1762753300.193311,-0.018523527,1.5603261,-0.06282783,-0.16089885,0.01224187,-0.00577659,0.9868781
4.289529208333079,1762753300.2136993,-0.018390708,1.5611708,-0.06260133,-0.1575699,0.012386178,-0.0062047355,0.98741066
4.306898083333181,1762753300.2310681,-0.018283164,1.5619591,-0.062368162,-0.1544262,0.012565377,-0.006534883,0.9879028
4.32437791666689,1762753300.248548,-0.01819442,1.5628273,-0.06212418,-0.15087186,0.012790991,-0.0068799686,0.98844665
4.342309999999998,1762753300.26648,-0.018118106,1.563799,-0.061864734,-0.14682978,0.013081821,-0.0072299964,0.98904884
4.360737583333503,1762753300.2849076,-0.018054938,1.5648667,-0.061571307,-0.14229894,0.013422918,-0.007572315,0.9897038
4.378353208333465,1762753300.3025231,-0.01798726,1.5659661,-0.061249565,-0.13765419,0.0138304625,-0.00783819,0.99035275
4.395871833333331,1762753300.320042,-0.017918848,1.5671227,-0.060900807,-0.13274105,0.014325088,-0.008028873,0.9910147
4.413150374999532,1762753300.3373203,-0.017861538,1.5682976,-0.06053585,-0.12769343,0.014861939,-0.0082101775,0.99166834
4.430935041666999,1762753300.3551052,-0.017813927,1.569565,-0.06014193,-0.12221549,0.01545035,-0.008357707,0.99234813
4.448503833333234,1762753300.3726737,-0.017774493,1.5709336,-0.05974567,-0.1162421,0.016109943,-0.008434628,0.99305445
4.465919500000382,1762753300.3900895,-0.017734168,1.5724462,-0.059362,-0.10957708,0.016895887,-0.00842435,0.993799
4.484077833333686,1762753300.408248,-0.01764451,1.5742396,-0.05894971,-0.10186407,0.017809575,-0.008345466,0.9946039
4.501433874999748,1762753300.4256039,-0.017523862,1.576083,-0.05853212,-0.09409553,0.018753536,-0.008256599,0.99535227
4.523335333333307,1762753300.4475052,-0.017379006,1.5784066,-0.05797065,-0.0841679,0.02003674,-0.008040278,0.99621767
4.540657208332959,1762753300.4648273,-0.017267048,1.5801994,-0.05750358,-0.07643712,0.02114666,-0.007790738,0.99681973
4.557607458333223,1762753300.4817774,-0.017158478,1.5818987,-0.057033896,-0.0690057,0.022278171,-0.0075755185,0.9973387
4.575216999999611,1762753300.499387,-0.01705183,1.5836098,-0.056537986,-0.06144658,0.023460954,-0.0073813335,0.9978073
4.592677749999893,1762753300.5168478,-0.01694215,1.5852308,-0.056051135,-0.054249268,0.02462562,-0.007163134,0.99819803
4.610054124999806,1762753300.534224,-0.016820364,1.5867299,-0.055579305,-0.047544587,0.025801199,-0.0068951435,0.998512
4.627346333333662,1762753300.5515163,-0.016693683,1.5881025,-0.055131327,-0.04134274,0.02699874,-0.0065963,0.9987584
4.644768291666878,1762753300.5689383,-0.016562037,1.5894012,-0.05471289,-0.0354133,0.028262202,-0.006330175,0.998953
4.662096791666954,1762753300.5862668,-0.016433455,1.5906293,-0.05433196,-0.02971053,0.02953652,-0.006117003,0.99910337
4.6808664999998655,1762753300.6050365,-0.016303584,1.5919272,-0.053978562,-0.023881102,0.030969884,-0.0058936756,0.9992176
4.698812124999677,1762753300.622982,-0.016183404,1.5930834,-0.053694077,-0.018793136,0.032359056,-0.005665763,0.99928355
4.718037374999767,1762753300.6422074,-0.01603587,1.594176,-0.05343938,-0.013907086,0.033847857,-0.0053880145,0.99931574
4.735379499999908,1762753300.6595495,-0.015879748,1.5950798,-0.05325491,-0.009786094,0.035136417,-0.005136513,0.9993214
4.756696208332869,1762753300.6808662,-0.015652126,1.5961338,-0.053094316,-0.004920213,0.03660982,-0.0048676045,0.99930567
4.774072166666883,1762753300.6982422,-0.015443151,1.5969543,-0.053038765,-0.0012699572,0.037718564,-0.0046808184,0.9992767
4.79154008333353,1762753300.7157102,-0.0152014345,1.597713,-0.053040683,0.0019714301,0.038740713,-0.0044745253,0.99923736
4.808994583333515,1762753300.7331645,-0.0149099305,1.5983832,-0.053069472,0.0048654084,0.039619897,-0.0042649033,0.9991939
4.826483875000122,1762753300.750654,-0.014567837,1.5989964,-0.05313605,0.0075197686,0.040389497,-0.004098948,0.9991473
4.844282875000317,1762753300.768453,-0.014172234,1.5995697,-0.053239465,0.009956857,0.04102919,-0.003932721,0.9991006
4.861658833333422,1762753300.7858288,-0.013738975,1.600069,-0.053372204,0.012030555,0.041567966,-0.003778531,0.99905616
4.879327833333264,1762753300.8034978,-0.013286886,1.6005248,-0.053630818,0.013865447,0.042011067,-0.003655262,0.99901426
4.89671295833341,1762753300.820883,-0.012822521,1.6009392,-0.053979624,0.015441519,0.04232806,-0.0036364151,0.99897784
4.913784708332969,1762753300.8379548,-0.012334277,1.6013275,-0.05435974,0.016936272,0.04250868,-0.0038345843,0.9989452
4.9311832083330955,1762753300.855353,-0.011813678,1.6017098,-0.05479127,0.01843765,0.042531993,-0.0041887616,0.9989162
4.948747291666223,1762753300.8729174,-0.011262205,1.6020662,-0.055254526,0.019835528,0.042436216,-0.004593335,0.9988917
4.96623075000025,1762753300.8904006,-0.010701914,1.6024007,-0.05575932,0.02107589,0.04225786,-0.0050153187,0.9988718
4.989061166666943,1762753300.9132311,-0.009960383,1.6027974,-0.056488156,0.022494592,0.04189213,-0.0056989295,0.99885267
5.006483583333647,1762753300.9306536,-0.009399734,1.6030707,-0.05709195,0.023420695,0.041470848,-0.006422261,0.99884456
5.026099833333319,1762753300.95027,-0.00877358,1.6033553,-0.05782479,0.02431848,0.040875744,-0.007306886,0.9988415
5.046043374999499,1762753300.9702134,-0.008149557,1.6035957,-0.05861169,0.024921302,0.04018051,-0.008104419,0.99884874
5.064304416666346,1762753300.9884744,-0.00759165,1.6037409,-0.059351623,0.025130518,0.039506942,-0.008716085,0.9988652
5.090889125000103,1762753301.0150592,-0.006880713,1.6038052,-0.060463913,0.025009863,0.038462296,-0.009574478,0.9989011
5.108431041666336,1762753301.032601,-0.006458804,1.6037918,-0.0612092,0.024771858,0.037773423,-0.010201715,0.9989272
5.126287708333621,1762753301.0504577,-0.006049894,1.6037482,-0.061968744,0.024438974,0.03714149,-0.010865529,0.99895203
5.144689624999955,1762753301.0688596,-0.005671618,1.6036782,-0.062760994,0.023932323,0.036570303,-0.011481458,0.9989785
5.161987458332987,1762753301.0861576,-0.0053734086,1.6036061,-0.063517734,0.02333476,0.036139384,-0.012016788,0.99900204
5.179317541666933,1762753301.1034875,-0.0051224753,1.6035298,-0.06427175,0.022618193,0.03582846,-0.012504269,0.99902374
5.196642124999926,1762753301.1208122,-0.004894316,1.6034274,-0.06499499,0.021771064,0.035628762,-0.0129431505,0.9990441
5.214613208333503,1762753301.1387832,-0.0046813935,1.6032839,-0.065704525,0.02072091,0.03554524,-0.01331588,0.9990645
5.247236375000284,1762753301.1714065,-0.004351206,1.6029582,-0.06690246,0.018665332,0.035702065,-0.01381557,0.99909264
5.265615541666193,1762753301.1897855,-0.0042015165,1.6027609,-0.06752384,0.017482046,0.035907,-0.014078946,0.999103
5.293173625000236,1762753301.2173436,-0.004161065,1.6024761,-0.06844086,0.015690753,0.036385078,-0.014364194,0.9991114
5.3114078749995315,1762753301.2355778,-0.0041940934,1.6022867,-0.06900875,0.014454002,0.036787234,-0.014504482,0.9991133
5.329136874999676,1762753301.2533069,-0.0042414865,1.6020844,-0.06952102,0.013186015,0.03721131,-0.01466891,0.9991127
5.346518083333649,1762753301.270688,-0.0043041557,1.6018553,-0.06999147,0.011838057,0.037673675,-0.01480933,0.9991102
5.363959749999594,1762753301.2881298,-0.0043824315,1.6015782,-0.07045454,0.010320822,0.0381802,-0.014938296,0.99910593
5.381335500000205,1762753301.3055055,-0.0044787303,1.6012512,-0.070910215,0.008604251,0.038692262,-0.01503273,0.99910104
5.3979362500003845,1762753301.3221064,-0.004590325,1.6008906,-0.07132721,0.006768385,0.039154872,-0.015076138,0.9990965
5.4153618749996895,1762753301.339532,-0.00471735,1.6004592,-0.07174784,0.004594735,0.03959407,-0.01510621,0.9990911
5.433550833333356,1762753301.3577209,-0.004859721,1.5999353,-0.072173186,0.0019487037,0.03992829,-0.015115938,0.9990863
5.464829124999596,1762753301.3889992,-0.0051116473,1.5987597,-0.072896905,-0.0040488476,0.04011421,-0.015172792,0.9990717
5.482325458333435,1762753301.4064956,-0.005250094,1.5979184,-0.07332987,-0.008546067,0.039921675,-0.015304791,0.999049
5.500111166667011,1762753301.4242811,-0.0053729415,1.5968728,-0.07381463,-0.01417752,0.039477956,-0.015548918,0.9989989
5.5261606249996476,1762753301.4503307,-0.005494525,1.5948417,-0.07457621,-0.024603473,0.038258206,-0.016199,0.9988336
5.5455309583330745,1762753301.469701,-0.0055221817,1.5929009,-0.07517235,-0.03433591,0.0367878,-0.016964886,0.998589
5.562939791666395,1762753301.48711,-0.0054853014,1.590837,-0.075717516,-0.04453733,0.034987163,-0.017785264,0.9982364
5.579457208333224,1762753301.5036273,-0.0054422393,1.5886203,-0.07626343,-0.055244602,0.03284704,-0.018644443,0.99775827
5.596891500000311,1762753301.5210614,-0.0053821257,1.5860718,-0.07687683,-0.06723173,0.03016251,-0.019564506,0.99708945
5.615970458333322,1762753301.5401404,-0.0052524856,1.5831428,-0.0775686,-0.08066909,0.026808305,-0.02056209,0.9961682
5.633423833332927,1762753301.5575938,-0.005083566,1.5803993,-0.07820533,-0.0929296,0.023460211,-0.021370832,0.99516684
5.659199374999844,1762753301.5833695,-0.004771357,1.5763427,-0.07907699,-0.11057968,0.01821592,-0.022371447,0.9934485
5.677469166666924,1762753301.6016393,-0.0046159327,1.5736237,-0.07974565,-0.122087754,0.014389248,-0.022948971,0.9921496
5.695198666666329,1762753301.6193688,-0.0045473427,1.5712487,-0.08043641,-0.1318191,0.01071902,-0.023476122,0.9909378
5.712622958333668,1762753301.636793,-0.0045047454,1.5692018,-0.08103858,-0.1398619,0.007308625,-0.023908202,0.98985535
5.730518041666983,1762753301.6546881,-0.004501067,1.5673407,-0.08153802,-0.14697005,0.004081674,-0.024221312,0.98883593
5.747952499999883,1762753301.6721225,-0.0045428947,1.5657076,-0.08186233,-0.1532682,0.0012930032,-0.024332056,0.9878842
5.765671874999498,1762753301.689842,-0.0046899864,1.5642272,-0.082002535,-0.1591425,-0.0011172552,-0.024276076,0.9869565
5.783035833333088,1762753301.7072058,-0.0049302555,1.5629765,-0.0819676,-0.16423804,-0.0030458318,-0.024131497,0.9861208
5.800171958333522,1762753301.7243419,-0.005212866,1.5619612,-0.08181703,-0.16831364,-0.0045225127,-0.023945369,0.98543227
5.83016624999982,1762753301.7543364,-0.005833499,1.5607293,-0.08134073,-0.17305034,-0.006086156,-0.023528578,0.9846131
5.84761299999991,1762753301.771783,-0.0062631196,1.5602576,-0.08094244,-0.1748207,-0.006353192,-0.023124328,0.98430824
5.867288749999716,1762753301.7914588,-0.0068136104,1.5598707,-0.08039035,-0.17632091,-0.0061570625,-0.022609884,0.98405373
5.89223308333294,1762753301.8164032,-0.0076815337,1.5595512,-0.07957369,-0.17781259,-0.0053159636,-0.021948649,0.98380524
5.9107986666667784,1762753301.8349686,-0.008411542,1.5593971,-0.07891005,-0.17865722,-0.0043084947,-0.02134684,0.98367035
5.929173124999579,1762753301.8533432,-0.009177576,1.5592955,-0.07824625,-0.17920068,-0.0029791743,-0.020577723,0.9835928
5.946708416666297,1762753301.8708785,-0.0099512115,1.5592428,-0.077634394,-0.17948425,-0.0014464632,-0.0197353,0.9835618
5.96406612499959,1762753301.888236,-0.010764666,1.559211,-0.07706666,-0.17957027,0.000293706,-0.018886158,0.9835638
5.9933107500000915,1762753301.9174807,-0.012196618,1.5591669,-0.07618381,-0.17951195,0.003629743,-0.01744147,0.9835944
6.011044958333514,1762753301.935215,-0.013079706,1.559124,-0.075679734,-0.17950334,0.0058473656,-0.016507933,0.98360145
6.031107499999962,1762753301.9552774,-0.014075741,1.5590429,-0.075128675,-0.17956439,0.008501832,-0.015324252,0.9835901
6.048563624999588,1762753301.9727337,-0.0149342045,1.5589516,-0.074665844,-0.17969562,0.010851342,-0.0142346565,0.9835594
6.0659651249998205,1762753301.9901352,-0.015775539,1.5588553,-0.074225545,-0.1797912,0.013141015,-0.013182287,0.9835287
6.083527083333138,1762753302.007697,-0.016621731,1.5587764,-0.07385206,-0.17975786,0.015359006,-0.01213263,0.98351616
6.105155583333726,1762753302.0293255,-0.017625287,1.5586927,-0.07347691,-0.17950553,0.017974436,-0.010774541,0.98353374
6.125358708332897,1762753302.0495288,-0.018488154,1.5585825,-0.07314694,-0.17926243,0.020288756,-0.009424406,0.9835469
6.14427437500035,1762753302.0684445,-0.019225879,1.5584103,-0.0728339,-0.1792107,0.022261284,-0.00819727,0.9835247
6.1616862916662285,1762753302.0858562,-0.019827932,1.558177,-0.07249105,-0.17941695,0.023816917,-0.0071800244,0.9834586
6.1792448333335415,1762753302.1034148,-0.020355945,1.557801,-0.072031446,-0.18013835,0.02510192,-0.006316609,0.9833007
6.196717208333212,1762753302.1208873,-0.020813622,1.5572253,-0.071400285,-0.18163724,0.026056852,-0.0055950596,0.9830044
6.214153249999981,1762753302.1383233,-0.021195149,1.5564262,-0.070558675,-0.1839544,0.026714075,-0.0048975456,0.9825595
6.232230624999829,1762753302.1564007,-0.021516623,1.5553957,-0.06946726,-0.1871298,0.027105669,-0.004216728,0.98195213
6.260003499999584,1762753302.1841736,-0.021927414,1.5536426,-0.067427225,-0.1931103,0.026792035,-0.0039034418,0.98080343
6.277510666666785,1762753302.2016807,-0.022186942,1.552719,-0.0660519,-0.19685182,0.026089592,-0.0042018974,0.9800771
6.295111666666344,1762753302.2192817,-0.022463618,1.5521598,-0.06488974,-0.19926386,0.025415193,-0.0043260306,0.9796067
6.312549000000217,1762753302.2367191,-0.022741616,1.5520462,-0.064221084,-0.19954325,0.025184348,-0.003923011,0.97955745
6.330044666666254,1762753302.2542148,-0.02302297,1.5523442,-0.06404061,-0.19796386,0.025464535,-0.00291922,0.97987413
6.347490375000234,1762753302.2716603,-0.023288049,1.5528116,-0.06415093,-0.19574709,0.025943086,-0.0018026225,0.98030955
6.365966749999643,1762753302.2901368,-0.023528365,1.5532517,-0.064315625,-0.19405119,0.026299927,-0.000859689,0.98063844
6.382652749999579,1762753302.3068228,-0.023688667,1.5534298,-0.06436843,-0.19358493,0.026412886,-0.0003148841,0.98072785
6.400140958333395,1762753302.324311,-0.023795456,1.5533366,-0.064281106,-0.19415028,0.026326997,2.1626533e-05,0.9806185
6.428075166666531,1762753302.352245,-0.023847831,1.5527868,-0.06392837,-0.19633345,0.025920339,0.00019390705,0.9801945
6.445484875000147,1762753302.369655,-0.023831114,1.55235,-0.06363404,-0.1979715,0.025479047,3.9906732e-05,0.9798766
6.462072999999691,1762753302.386243,-0.02379526,1.5519456,-0.063315436,-0.19949007,0.024918074,-0.0002392445,0.979583
6.479790125000363,1762753302.4039602,-0.023701921,1.5516094,-0.06290215,-0.20093901,0.02421581,-0.00053712795,0.97930425
6.497283416666505,1762753302.4214535,-0.023571914,1.5513933,-0.062451012,-0.20202467,0.023509944,-0.0006454223,0.979098
6.5147731666666004,1762753302.4389431,-0.023452692,1.5512717,-0.0620265,-0.20265897,0.022854507,-0.0005156385,0.9789825
6.53126549999979,1762753302.4554355,-0.023354433,1.5512351,-0.06167239,-0.20280075,0.022334518,-0.00021827637,0.9789653
6.548929749999843,1762753302.4730997,-0.023269773,1.5512451,-0.06134963,-0.20265664,0.021935407,0.00029111892,0.97900414
6.571951750000153,1762753302.496122,-0.023220612,1.5513214,-0.060976256,-0.20235623,0.021720132,0.0011317447,0.9790704
6.591512708333539,1762753302.5156827,-0.023217387,1.5513382,-0.060693324,-0.20231916,0.021793656,0.0017829706,0.9790755
6.609139166666864,1762753302.5333092,-0.023235999,1.5512795,-0.060468554,-0.20249088,0.022032825,0.0022151328,0.97903377
6.6267266666664,1762753302.5508966,-0.023275241,1.5511792,-0.06026852,-0.2027919,0.02238068,0.0025218746,0.97896284
6.645178166666483,1762753302.569348,-0.023319729,1.551053,-0.060093045,-0.20321433,0.022861518,0.002868183,0.9788632
6.662644166666723,1762753302.5868142,-0.023358174,1.5509301,-0.059957147,-0.20360543,0.02337251,0.0032815891,0.9787685
6.680279416666963,1762753302.6044495,-0.023398332,1.5508935,-0.05980009,-0.20395342,0.023908742,0.0037348634,0.9786815
6.697643874999812,1762753302.6218138,-0.023434415,1.5509435,-0.059621036,-0.20421328,0.024412654,0.004190152,0.978613
6.715168958333379,1762753302.639339,-0.023453921,1.5509924,-0.05948049,-0.20436373,0.024922706,0.0046774605,0.9785665
6.732640583333705,1762753302.6568105,-0.023457617,1.551044,-0.05937755,-0.20441973,0.025473416,0.005178599,0.97853816
6.750300416666505,1762753302.6744704,-0.023446374,1.5511043,-0.05930847,-0.20438944,0.026064731,0.0057137725,0.97852594
6.767345333333651,1762753302.6915154,-0.02342725,1.5511922,-0.05929346,-0.2042946,0.026684921,0.0062453593,0.97852576
6.793905666666433,1762753302.7180758,-0.023375487,1.5513599,-0.059367128,-0.20401308,0.02766551,0.0069453456,0.9785525
6.811321541666985,1762753302.7354915,-0.02331288,1.5514519,-0.05946069,-0.20388032,0.028284337,0.0072495304,0.9785603
6.833231791666549,1762753302.7574017,-0.023198811,1.5515358,-0.059600938,-0.20385908,0.029011942,0.0075193094,0.9785414
6.861945708333224,1762753302.7861156,-0.023007877,1.5515953,-0.05979967,-0.20402627,0.029864743,0.0075633954,0.9784805
6.879383833333122,1762753302.8035538,-0.022834696,1.5516453,-0.059945285,-0.2042117,0.030276965,0.0074093346,0.9784304
6.898323125000388,1762753302.822493,-0.02260649,1.5517081,-0.06012701,-0.20437391,0.03064621,0.0072141076,0.97838646
6.915761208333606,1762753302.8399312,-0.022390492,1.5517557,-0.06030482,-0.20439906,0.030932115,0.0070564286,0.9783734
6.933270999999877,1762753302.857441,-0.02216474,1.5517945,-0.060488045,-0.20431414,0.031176008,0.0069104596,0.97838444
6.950672458333429,1762753302.8748424,-0.02193126,1.5518218,-0.06066495,-0.20423378,0.031414274,0.006822838,0.9783942
6.968250708333471,1762753302.8924208,-0.021713763,1.551866,-0.060838163,-0.20419861,0.03163664,0.0067215716,0.97839504
6.998651666666774,1762753302.9228218,-0.021356404,1.5519322,-0.06109327,-0.20418788,0.031845026,0.0063442797,0.9783931
7.01608695833329,1762753302.940257,-0.021148687,1.5519307,-0.061190713,-0.20423976,0.03191229,0.0060999393,0.97838163
7.033480375000181,1762753302.9576504,-0.020945048,1.5519054,-0.061252363,-0.20436499,0.031977836,0.0058897086,0.9783546
7.063875750000079,1762753302.9880457,-0.020605072,1.5518535,-0.06130421,-0.20445727,0.032152537,0.005579143,0.9783314
7.081480791666763,1762753303.0056508,-0.020431608,1.5518876,-0.06130469,-0.2043604,0.032283816,0.005404082,0.9783483
7.09921737500008,1762753303.0233874,-0.02027145,1.5519619,-0.061285198,-0.20418051,0.032442227,0.005191732,0.97838175
7.116723791667027,1762753303.0408938,-0.020113029,1.5520109,-0.06124878,-0.20396803,0.032598194,0.0049284296,0.9784223
7.134195499999805,1762753303.0583656,-0.019947207,1.5520103,-0.06117464,-0.2038523,0.032735866,0.0045848247,0.97844344
7.159864083333559,1762753303.0840342,-0.019672638,1.551857,-0.060922213,-0.20413068,0.032754444,0.0039442386,0.9783876
7.17746037500001,1762753303.1016304,-0.019455455,1.5516344,-0.06060356,-0.20471108,0.032621615,0.0034960257,0.97827244
7.194690166666987,1762753303.1188602,-0.019215256,1.5513346,-0.060158014,-0.20548156,0.032407936,0.0030866796,0.9781194
7.21204891666639,1762753303.136219,-0.018943867,1.5509671,-0.059587188,-0.20644003,0.03211014,0.0026648548,0.97792864
7.229345374999866,1762753303.1535153,-0.018655665,1.5505639,-0.058943868,-0.20750473,0.031752918,0.0022173694,0.977716
7.2460653750003985,1762753303.1702354,-0.018376721,1.5502126,-0.058321245,-0.2085638,0.03132999,0.0016937939,0.9775053
7.263299041666869,1762753303.187469,-0.018103398,1.5499725,-0.0577749,-0.20942642,0.030816883,0.001106129,0.977338
7.280712249999851,1762753303.2048824,-0.017869554,1.5499741,-0.057443142,-0.20957777,0.0302804,0.00055634114,0.9773229
7.31565962500008,1762753303.2398295,-0.017531984,1.550648,-0.057690322,-0.20711319,0.029483639,-0.00014785696,0.9778726
7.333061125000313,1762753303.2572312,-0.01740747,1.5510559,-0.058142483,-0.20546614,0.029296532,-0.0002937374,0.9782256
7.350367458333494,1762753303.2745376,-0.017292222,1.5513371,-0.05866147,-0.20440473,0.029226866,-0.00023249774,0.97845
7.367811916667051,1762753303.291982,-0.017194321,1.5514704,-0.05916626,-0.20413786,0.029169109,-9.379969e-05,0.97850746
7.394691666666404,1762753303.3188617,-0.017049573,1.5513314,-0.05980915,-0.20524678,0.028879454,-0.00010175933,0.97828406
7.4121130416669985,1762753303.336283,-0.016942106,1.5510397,-0.060125172,-0.20669954,0.028520228,-0.0003024624,0.9779887
7.432586249999986,1762753303.3567562,-0.01679308,1.5506111,-0.060420215,-0.20870078,0.027951948,-0.00055098615,0.9775799
7.459845166667037,1762753303.384015,-0.016545273,1.550099,-0.060728014,-0.21106984,0.026910795,-0.0007403772,0.97710025
7.477206999999908,1762753303.401377,-0.016408173,1.5499389,-0.060908325,-0.21209629,0.026044166,-0.0008889872,0.9769013
7.494578374999946,1762753303.4187484,-0.01630123,1.5499424,-0.061086178,-0.21259794,0.025034573,-0.0010659278,0.97681844
7.512169874999927,1762753303.4363399,-0.016187653,1.5500566,-0.061265945,-0.2125421,0.023962354,-0.0012068977,0.9768573
7.5295395416669635,1762753303.4537096,-0.016077675,1.550255,-0.06145096,-0.21203454,0.022916269,-0.0013031649,0.9769926
7.546963333333224,1762753303.4711332,-0.01597587,1.5505042,-0.061643124,-0.2112716,0.021896739,-0.0013859803,0.97718114
7.564441041666214,1762753303.488611,-0.015888793,1.5507632,-0.06183762,-0.21040423,0.020922244,-0.0014980829,0.9773894
7.582089208332945,1762753303.5062592,-0.015813699,1.551024,-0.06202482,-0.20959616,0.019993622,-0.0016198615,0.9775823
7.5994982499996695,1762753303.5236683,-0.015761225,1.5512464,-0.062196262,-0.20898297,0.019159228,-0.0017191033,0.9777301
7.627607833333059,1762753303.5517778,-0.015728861,1.5514867,-0.06245774,-0.20835143,0.018066328,-0.0017490201,0.9778856
7.648647500000152,1762753303.5728176,-0.01574909,1.5515807,-0.06266385,-0.2080778,0.017488545,-0.0016902548,0.97795445
7.673722333332989,1762753303.5978923,-0.015823899,1.5516478,-0.062966295,-0.20786557,0.017104734,-0.0015452447,0.9780066
7.694151208333096,1762753303.6183212,-0.01587484,1.55176,-0.063254,-0.20764993,0.017060632,-0.0013334791,0.9780535
7.711491166666747,1762753303.6356611,-0.015915208,1.5518799,-0.063533485,-0.20743345,0.017150259,-0.0011364209,0.97809815
7.732038666666995,1762753303.6562088,-0.015977755,1.5519983,-0.063911974,-0.20724602,0.017303308,-0.0009835756,0.97813535
7.767733208333084,1762753303.691903,-0.016088761,1.5521246,-0.06460804,-0.20704575,0.017621495,-0.0008043102,0.97817224
7.790102208333337,1762753303.7142723,-0.016176268,1.5521984,-0.06504136,-0.20700136,0.01783993,-0.0007026938,0.9781777
7.807475874999909,1762753303.7316458,-0.016240783,1.5522546,-0.06536996,-0.20698774,0.017971883,-0.0006853826,0.9781782
7.8276415833333886,1762753303.7518115,-0.016292833,1.5522951,-0.065730035,-0.20699681,0.018047154,-0.00075113267,0.97817487
7.845551041667022,1762753303.769721,-0.016319491,1.552303,-0.06601411,-0.20707172,0.018026644,-0.0008614303,0.97815925
7.865744833333338,1762753303.7899148,-0.016331857,1.5522956,-0.06630044,-0.20719835,0.017931147,-0.0010046338,0.9781341
7.896300749999682,1762753303.8204708,-0.016432464,1.5523759,-0.06682229,-0.2070213,0.017888058,-0.0011371868,0.97817224
7.913724541666852,1762753303.8378947,-0.016496956,1.5524589,-0.06714845,-0.20667064,0.01797487,-0.0011595236,0.9782448
7.93124595833342,1762753303.855416,-0.01654621,1.5525246,-0.06744616,-0.20634313,0.018075904,-0.0011764475,0.978312
7.9487747916664375,1762753303.8729448,-0.016566293,1.552544,-0.06767477,-0.20618668,0.018143762,-0.0012023614,0.9783437
7.966216666666696,1762753303.8903866,-0.016576938,1.5525378,-0.06781012,-0.20624077,0.018124253,-0.0012384646,0.97833264
7.983561458333497,1762753303.9077315,-0.016572565,1.5524974,-0.067851305,-0.20644031,0.017971355,-0.0013307107,0.97829324
8.00096616666633,1762753303.925136,-0.0165288,1.5523949,-0.067796886,-0.20674147,0.017666664,-0.0015360165,0.9782349
8.030221666666876,1762753303.9543917,-0.016392479,1.5520617,-0.067428485,-0.20762795,0.01682025,-0.0020490864,0.9780611
8.047645999999986,1762753303.971816,-0.016285948,1.5517565,-0.06699067,-0.20849796,0.016200667,-0.0024193502,0.97788566
8.065561249999519,1762753303.9897313,-0.016167914,1.5513687,-0.06632949,-0.20965032,0.015478097,-0.0028639035,0.97764975
8.082982875000198,1762753304.0071528,-0.016079515,1.5510204,-0.06549102,-0.21084115,0.014732852,-0.0034139187,0.9774034
8.100396458333307,1762753304.0245664,-0.016037507,1.5507685,-0.06451528,-0.21177913,0.013973371,-0.00403239,0.9772093
8.126536958333418,1762753304.0507069,-0.016063333,1.550612,-0.06294751,-0.2121279,0.012915749,-0.0050492855,0.9771435
8.14542908333351,1762753304.0695992,-0.016163133,1.5507507,-0.061818957,-0.2116412,0.012550637,-0.005354114,0.9772522
8.165689708333048,1762753304.0898597,-0.016360579,1.551204,-0.06078071,-0.2101834,0.012752481,-0.005170361,0.9775651
8.193162958333232,1762753304.117333,-0.016842455,1.5524905,-0.06015569,-0.20574501,0.01404611,-0.0045759734,0.9784941
8.210758291666934,1762753304.1349282,-0.017242685,1.5535133,-0.060235083,-0.20188579,0.015321429,-0.0042439117,0.97928005
8.231102333333183,1762753304.1552722,-0.017741129,1.5545837,-0.06060016,-0.19777046,0.017077977,-0.0037800353,0.9800923
8.248523999999634,1762753304.172694,-0.018177718,1.555239,-0.060991406,-0.19526409,0.018758062,-0.0032946663,0.9805658
8.265607083333634,1762753304.1897771,-0.018598525,1.5555766,-0.061339505,-0.19399948,0.020480335,-0.0027759927,0.9807839
8.293958583332824,1762753304.2181287,-0.019337147,1.5555748,-0.061809003,-0.19417916,0.023310477,-0.0018289915,0.9806874
8.31134483333335,1762753304.2355149,-0.019757785,1.5553309,-0.0619992,-0.19520298,0.024965033,-0.001208786,0.9804443
8.328694416666622,1762753304.2528644,-0.020129785,1.5550059,-0.06212163,-0.19656001,0.026530426,-0.0005830058,0.98013264
8.346771458333023,1762753304.2709415,-0.020474434,1.5546671,-0.06220621,-0.19803822,0.02807046,4.3070202e-05,0.9797923
8.363612999999532,1762753304.287783,-0.020753404,1.5544122,-0.062260635,-0.19924907,0.02939615,0.0005337955,0.97950774
8.380382666666264,1762753304.3045528,-0.020992339,1.5542486,-0.062303185,-0.20012015,0.030569922,0.0009277088,0.9792939
8.401059041666485,1762753304.3252292,-0.021239333,1.5541801,-0.062364995,-0.20063011,0.031863477,0.0014134217,0.9791478
8.426030499999797,1762753304.3502004,-0.021474129,1.554258,-0.06247122,-0.20032305,0.033207417,0.0020372577,0.97916484
8.44623541666624,1762753304.3704054,-0.021618895,1.5544076,-0.06258857,-0.19962417,0.034028515,0.002363638,0.9792787
8.463593708333065,1762753304.3877637,-0.021707818,1.5545561,-0.06271082,-0.19890712,0.034528967,0.0025832818,0.9794065
8.482721416666209,1762753304.4068913,-0.021829925,1.554742,-0.062880516,-0.19817074,0.034891695,0.0028698049,0.9795421
8.500150708333422,1762753304.4243207,-0.021944964,1.5548823,-0.06304951,-0.19769728,0.035071656,0.0030798588,0.97963065
8.525758958333427,1762753304.449929,-0.02205357,1.5549755,-0.06328595,-0.19743179,0.035120483,0.0032992053,0.9796818
8.54551954166618,1762753304.4696896,-0.022097073,1.5549666,-0.06346136,-0.1974549,0.03505281,0.003413167,0.97967917
8.564109250000001,1762753304.4882793,-0.022116696,1.5549109,-0.0636263,-0.19759987,0.034938946,0.0034709133,0.9796538
8.581611083332973,1762753304.5057812,-0.022115879,1.5548658,-0.06377417,-0.1978249,0.034801155,0.0034750607,0.97961324
8.599167458332886,1762753304.5233374,-0.022096006,1.5548261,-0.06391723,-0.19810164,0.034604806,0.0034338513,0.9795644
8.627646500000083,1762753304.5518165,-0.022017859,1.5547343,-0.06415892,-0.1986084,0.03415178,0.0032979618,0.9794782
8.645289041666729,1762753304.569459,-0.0219426,1.5546792,-0.06431526,-0.19887637,0.03381096,0.0032497307,0.9794358
8.66665699999976,1762753304.590827,-0.02182999,1.5546311,-0.06451733,-0.1991055,0.03332955,0.003226228,0.9794058
8.695583875000011,1762753304.6197538,-0.02173876,1.5547199,-0.06473732,-0.1991794,0.032551195,0.0031621687,0.97941715
8.713164791666713,1762753304.6373348,-0.021690138,1.554806,-0.064890146,-0.19910915,0.03208397,0.0031444887,0.9794469
8.73804091666625,1762753304.662211,-0.021616833,1.5548968,-0.065157965,-0.19903377,0.031468984,0.0032041904,0.97948194
8.760250499999529,1762753304.6844206,-0.021501021,1.5548316,-0.06547828,-0.19918337,0.031022055,0.003287362,0.97946554
8.777692416666468,1762753304.7018623,-0.021470375,1.554799,-0.06572944,-0.19944647,0.030748714,0.0034192074,0.9794202
8.795051833333673,1762753304.7192218,-0.021471217,1.5547547,-0.06602794,-0.19974378,0.03062522,0.0036114668,0.9793628
8.812499541666512,1762753304.7366695,-0.0215047,1.554707,-0.06641108,-0.1999963,0.030671807,0.0038818985,0.9793088
8.829882583333529,1762753304.7540526,-0.02156469,1.5546534,-0.066886075,-0.20020778,0.030928606,0.004186976,0.9792562
8.846547875000397,1762753304.7707179,-0.02164559,1.5545915,-0.067418516,-0.20046856,0.03135353,0.0045018806,0.97918797
8.86402149999958,1762753304.7881916,-0.021743007,1.5545067,-0.06803304,-0.20089045,0.03192149,0.0048460565,0.9790815
8.882839666666769,1762753304.8070097,-0.021873385,1.5544039,-0.06873655,-0.20152722,0.032588467,0.0052486453,0.9789266
8.900206958333001,1762753304.824377,-0.02199745,1.5542969,-0.06939823,-0.20224029,0.03321587,0.0057297605,0.9787557
8.919310208333627,1762753304.84348,-0.022093467,1.554156,-0.070124686,-0.20307624,0.03378703,0.0061761136,0.9785604
8.936919541666612,1762753304.8610895,-0.022131486,1.5540222,-0.07078092,-0.20379831,0.03416106,0.0064364662,0.9783956
8.961610791666317,1762753304.8857808,-0.022101417,1.5538529,-0.07163066,-0.204657,0.03435472,0.006480154,0.97820926
8.979086666666262,1762753304.9032567,-0.022011137,1.5537515,-0.07213438,-0.20523448,0.034243356,0.006294155,0.9780933
8.996582499999931,1762753304.9207525,-0.021857953,1.5536498,-0.07252408,-0.20580982,0.03390873,0.0059966976,0.977986
9.01390045833341,1762753304.9380705,-0.021652676,1.5535371,-0.0727939,-0.20634727,0.033381697,0.0056385538,0.977893
9.03125962499962,1762753304.9554296,-0.02140834,1.5534108,-0.07295323,-0.20678976,0.032621413,0.005194388,0.97782767
9.048613500000101,1762753304.9727836,-0.021131037,1.5532597,-0.07299505,-0.20710652,0.03165075,0.004662237,0.9777952
9.06599124999957,1762753304.9901612,-0.020830551,1.5530577,-0.07287599,-0.20756131,0.030453863,0.0039667455,0.9777398
9.096409083333128,1762753305.020579,-0.020435229,1.5526572,-0.07219386,-0.20933445,0.027845223,0.0024413199,0.9774445
9.113162749999901,1762753305.0373328,-0.02022822,1.5523608,-0.071522065,-0.2107809,0.026354574,0.0016662574,0.9771766
9.130973250000352,1762753305.0551434,-0.020016516,1.552088,-0.070693865,-0.21211267,0.02489917,0.001033796,0.9769274
9.148289333333196,1762753305.0724595,-0.019812256,1.55196,-0.0699324,-0.21258678,0.023673104,0.0005325819,0.9768553
9.1656930416666,1762753305.089863,-0.019646123,1.5520754,-0.06936574,-0.2119835,0.022767138,0.00023882081,0.977008
9.183094708333556,1762753305.1072648,-0.019550234,1.5524503,-0.06908029,-0.21033697,0.022313505,0.00026798906,0.97737426
9.19951245833363,1762753305.1236825,-0.019519463,1.5529544,-0.069052756,-0.20826122,0.02220575,0.0003664301,0.9778211
9.228926541666624,1762753305.1530967,-0.019511685,1.5538287,-0.06939566,-0.20475824,0.022467392,0.00051829877,0.97855455
9.246491708333451,1762753305.1706617,-0.019485107,1.5541435,-0.06971038,-0.20344667,0.022781793,0.00059772475,0.9788208
9.262836750000133,1762753305.1870067,-0.019451477,1.5542564,-0.07001418,-0.20291834,0.02313116,0.00064552604,0.97892225
9.280549083333426,1762753305.204719,-0.019416688,1.5541973,-0.070327945,-0.20305197,0.023509864,0.0006255754,0.9788855
9.297948333332897,1762753305.2221184,-0.019380609,1.5539877,-0.07060374,-0.20375347,0.023891227,0.000507417,0.97873056
9.315503750000062,1762753305.2396739,-0.01932683,1.553668,-0.07082768,-0.20489645,0.02423002,0.00029835585,0.9784836
9.332396791666724,1762753305.2565668,-0.01924494,1.5533031,-0.07098997,-0.20630585,0.024497656,4.3787157e-05,0.9781808
9.349750291666169,1762753305.2739203,-0.019120239,1.552915,-0.071094215,-0.20790417,0.024589814,-0.00027612946,0.97784007
9.367296499999611,1762753305.2914665,-0.018956803,1.5525938,-0.07114829,-0.20943744,0.024441179,-0.00064963475,0.9775163
9.39237675000004,1762753305.3165467,-0.018653415,1.5523478,-0.071199,-0.21084183,0.023767492,-0.0013163423,0.97723037
9.4108697916663,1762753305.3350399,-0.018378519,1.5523413,-0.07125664,-0.21105038,0.022955483,-0.0018772301,0.9772038
9.432402291666222,1762753305.3565724,-0.018020205,1.5524786,-0.071344316,-0.21059453,0.021796998,-0.0025454191,0.97732717
9.450987000000168,1762753305.375157,-0.01769723,1.5526541,-0.071422696,-0.20994416,0.020690857,-0.003097788,0.97748953
9.471911458333125,1762753305.3960814,-0.01733166,1.552853,-0.07151997,-0.20918585,0.01937518,-0.0036584104,0.9776771
9.495762833333174,1762753305.4199328,-0.016964346,1.5530978,-0.0716272,-0.20847991,0.017754395,-0.0041534263,0.9778567
9.513471166666932,1762753305.4376411,-0.016723944,1.5532587,-0.07172061,-0.20810422,0.016524106,-0.0044396375,0.977957
9.531021083333144,1762753305.4551911,-0.016510874,1.5533837,-0.07184839,-0.20785585,0.015369414,-0.0046028914,0.97802794
9.548604749999868,1762753305.4727747,-0.016329907,1.5534714,-0.072012484,-0.2076912,0.014349326,-0.004667039,0.97807807
9.566508083333247,1762753305.490678,-0.016182378,1.5535355,-0.072217524,-0.2076502,0.013475579,-0.0047122627,0.978099
9.595351875000233,1762753305.519522,-0.016035719,1.5535911,-0.07261897,-0.20781657,0.012437365,-0.0048498604,0.97807676
9.612756708333109,1762753305.5369267,-0.015999176,1.5536096,-0.072903275,-0.20795828,0.012067683,-0.004901087,0.978051
9.630225708333455,1762753305.5543957,-0.01599812,1.5536288,-0.07323237,-0.20799296,0.011931477,-0.004895972,0.9780453
9.648043000000143,1762753305.572213,-0.016029544,1.5536522,-0.0736078,-0.20795956,0.011991387,-0.004915729,0.9780516
9.665504749999855,1762753305.5896747,-0.016078658,1.553647,-0.073969424,-0.20802404,0.012146007,-0.0049610054,0.97803575
9.694719458333566,1762753305.6188896,-0.016176594,1.5535594,-0.074425586,-0.20875053,0.012360772,-0.0050851614,0.9778776
9.712101999999504,1762753305.636272,-0.01623593,1.5534261,-0.07456798,-0.20951457,0.0123791825,-0.0051839766,0.9777134
9.731021083332962,1762753305.6551912,-0.016303524,1.5532149,-0.074602425,-0.21055125,0.012351177,-0.005295205,0.9774905
9.74814037499982,1762753305.6723104,-0.016374834,1.552983,-0.0745222,-0.21154921,0.012333356,-0.0053250086,0.977275
9.765647625000383,1762753305.6898177,-0.016453674,1.5527178,-0.0743268,-0.21254915,0.012438382,-0.0052063046,0.97705734
9.783025749999979,1762753305.7071958,-0.016536638,1.5524275,-0.07398474,-0.21355821,0.012608628,-0.005007325,0.97683614
9.802498750000268,1762753305.7266688,-0.016628958,1.5520792,-0.07339537,-0.21477634,0.012835929,-0.004771068,0.97656727
9.829753875000279,1762753305.753924,-0.01674287,1.5516139,-0.072240055,-0.2163573,0.013174269,-0.004579095,0.97621465
9.847170708333579,1762753305.7713406,-0.016807146,1.5513941,-0.07138169,-0.21705753,0.013439972,-0.0044483277,0.97605616
9.864612541666247,1762753305.7887826,-0.016868345,1.5512778,-0.07051778,-0.21735904,0.013788619,-0.004285934,0.97598493
9.881455208333136,1762753305.8056252,-0.01694963,1.5512979,-0.06975375,-0.21713951,0.014150093,-0.0041658734,0.97602916
9.897964916666751,1762753305.822135,-0.017044863,1.5514492,-0.06912715,-0.21643676,0.014524936,-0.004029691,0.97618026
9.915595083332846,1762753305.839765,-0.017132198,1.5517402,-0.068624325,-0.21514553,0.014924135,-0.0038218105,0.97646046
9.932912375000342,1762753305.8570824,-0.01721858,1.5521549,-0.068323,-0.21345748,0.015302767,-0.003500679,0.97682625
9.959682708333276,1762753305.8838527,-0.017306617,1.5528421,-0.06815259,-0.2107047,0.01567056,-0.0030812938,0.9774193
9.977442791666363,1762753305.9016128,-0.01731161,1.553187,-0.06814605,-0.20923497,0.015686851,-0.003049887,0.9777348
10.001049708333085,1762753305.9252198,-0.017303368,1.5534483,-0.06816648,-0.20804754,0.0155254835,-0.003314592,0.9779899
10.028714625000248,1762753305.9528847,-0.017304031,1.5534514,-0.06812541,-0.20779285,0.015342587,-0.003511189,0.97804624
10.047725499999615,1762753305.9718955,-0.017323673,1.5533113,-0.06802404,-0.20818585,0.015308266,-0.0034852508,0.97796327
10.065668541667037,1762753305.9898386,-0.017360725,1.5531311,-0.06786674,-0.20879276,0.015325992,-0.0033941662,0.9778339
10.083227000000079,1762753306.007397,-0.0174255,1.5529757,-0.06765324,-0.20938814,0.015382146,-0.0032443816,0.97770625
10.100650874999701,1762753306.0248208,-0.017509319,1.5528883,-0.06740868,-0.2097752,0.015474382,-0.0030161964,0.9776225
10.127216249999947,1762753306.0513864,-0.017643102,1.5529244,-0.06704557,-0.20960493,0.015668064,-0.0026078324,0.97765714
10.145350166666503,1762753306.0695202,-0.017738044,1.553073,-0.06682885,-0.20894362,0.015819574,-0.002334557,0.977797
10.164387916666783,1762753306.088558,-0.017836712,1.5533116,-0.06663388,-0.20791912,0.015995825,-0.002070426,0.97801304
10.181805791666193,1762753306.1059759,-0.017920686,1.5535853,-0.066475876,-0.20684223,0.016200572,-0.001852495,0.9782384
10.199173458333462,1762753306.1233435,-0.018002287,1.5538833,-0.06633937,-0.2057632,0.016419273,-0.0016636038,0.97846264
10.23107383333354,1762753306.1552439,-0.018162318,1.554377,-0.06616253,-0.20392855,0.016864339,-0.0013628238,0.9788396
10.248948708333046,1762753306.1731188,-0.018258445,1.55459,-0.06610894,-0.20309262,0.017167514,-0.0011926998,0.9790083
10.266464958333017,1762753306.190635,-0.018360302,1.5547304,-0.0660876,-0.20244828,0.017521633,-0.0009905755,0.9791357
10.295935375000226,1762753306.2201054,-0.018525869,1.5548261,-0.06602955,-0.20198886,0.018351587,-0.0005316505,0.97921574
10.313578916666302,1762753306.2377489,-0.018624255,1.554771,-0.065972045,-0.20213613,0.019029262,-0.00016195393,0.9791725
10.331001749999814,1762753306.2551718,-0.018716596,1.5546346,-0.065887034,-0.20265497,0.019794852,0.00017273307,0.9790501
10.348375708333151,1762753306.2725458,-0.018795893,1.5544395,-0.06576681,-0.20341212,0.020552928,0.00042069337,0.97887737
10.366983708333464,1762753306.2911537,-0.018866614,1.5542126,-0.06560671,-0.20433162,0.021267634,0.00054985966,0.97867054
10.394970999999714,1762753306.319141,-0.018948928,1.5539103,-0.06534541,-0.20556968,0.022201588,0.00050756097,0.9783905
10.412355624999691,1762753306.3365257,-0.01898486,1.5537877,-0.06520308,-0.20604287,0.022736562,0.00052764884,0.97827864
10.429693708333616,1762753306.3538637,-0.019010937,1.553741,-0.06510014,-0.2061373,0.023231428,0.00054715923,0.9782471
10.447058499999912,1762753306.3712285,-0.019024601,1.5537655,-0.06503666,-0.20590991,0.02366937,0.00061519525,0.9782845
10.464439374999529,1762753306.3886094,-0.019015444,1.5538287,-0.065004,-0.20548421,0.024111586,0.0008545255,0.978363
10.481917583333598,1762753306.4060876,-0.019020572,1.5539275,-0.0649814,-0.20500968,0.024500994,0.0010951335,0.9784526
10.49932650000028,1762753306.4234965,-0.019044502,1.5540189,-0.06493694,-0.20468615,0.02477523,0.0011908443,0.9785133
10.516773333333731,1762753306.4409432,-0.019041719,1.5540365,-0.06484319,-0.20468189,0.02491285,0.0011148528,0.9785108
10.533204041666977,1762753306.457374,-0.019020071,1.5539889,-0.064707406,-0.20494251,0.02493708,0.0009654087,0.9784558
10.550544166666441,1762753306.4747143,-0.018970793,1.5538815,-0.06452937,-0.20534727,0.024913026,0.000824845,0.9783717
10.56806670833339,1762753306.4922366,-0.018900437,1.5537161,-0.064305075,-0.2058217,0.024813404,0.00072223286,0.9782746
10.592348958332877,1762753306.516519,-0.018770449,1.5533911,-0.06388211,-0.20674986,0.024509393,0.0005497578,0.97808665
10.610566125000332,1762753306.5347362,-0.018646061,1.5530764,-0.06344664,-0.20771252,0.024141977,0.00034211294,0.9778919
10.627802125000017,1762753306.5519722,-0.018510612,1.5527383,-0.062937036,-0.20876928,0.023722643,6.7507935e-05,0.97767717
10.645643541666686,1762753306.5698135,-0.01835683,1.552384,-0.062339842,-0.20983458,0.023245215,-0.00027599037,0.9774605
10.663005249999514,1762753306.5871754,-0.018189192,1.5520684,-0.06173879,-0.21074945,0.022869209,-0.0005878527,0.9772724
10.680667458333119,1762753306.6048374,-0.018008858,1.5518284,-0.061142623,-0.21148376,0.022600338,-0.00081820285,0.97711986
10.699488541667051,1762753306.6236587,-0.01779677,1.5516986,-0.06060481,-0.21193159,0.022398738,-0.0011024681,0.9770271
10.716869458333349,1762753306.6410394,-0.017575825,1.5516868,-0.060283374,-0.21196476,0.022101982,-0.0015452483,0.97702616
10.734178624999913,1762753306.6583486,-0.017323852,1.5517645,-0.060155153,-0.21161953,0.02168455,-0.0020701173,0.9771094
10.762284458332942,1762753306.6864545,-0.016836263,1.5519617,-0.0602867,-0.21063773,0.020719608,-0.0026518325,0.977341
10.779981666666572,1762753306.7041516,-0.016498692,1.5520403,-0.060472786,-0.21024767,0.01987924,-0.0029803717,0.9774415
10.797752541666341,1762753306.7219226,-0.016152985,1.5520133,-0.0606485,-0.21038951,0.018947495,-0.003300131,0.97742844
10.82354479166679,1762753306.7477148,-0.015664747,1.5517558,-0.06079317,-0.21158484,0.017682264,-0.0036731209,0.97719276
10.841035541666315,1762753306.7652056,-0.0153502105,1.5514942,-0.060797703,-0.21282774,0.016950466,-0.0038510722,0.9769351
10.859840958332825,1762753306.784011,-0.015031248,1.5512213,-0.060739458,-0.21416742,0.016290763,-0.003987861,0.976653
10.877261416666443,1762753306.8014314,-0.014772944,1.5510718,-0.060645938,-0.21509711,0.015859008,-0.004058224,0.97645545
10.8946647916664,1762753306.8188348,-0.014558576,1.5510669,-0.060529172,-0.21554042,0.015584049,-0.0041112937,0.97636193
10.912275291666447,1762753306.8364453,-0.014370114,1.5511805,-0.060414076,-0.21542905,0.0154610975,-0.004140633,0.97638834
10.931200333333436,1762753306.8553703,-0.0141929835,1.5514187,-0.060290277,-0.21482144,0.015506706,-0.0041642687,0.9765214
10.948615583332867,1762753306.8727856,-0.014050168,1.5517188,-0.060179997,-0.21394758,0.015697667,-0.004139111,0.97671026
10.966786416666764,1762753306.8909564,-0.01394134,1.5520908,-0.060055435,-0.21282108,0.015992016,-0.004121481,0.9769516
10.99697924999964,1762753306.9211493,-0.013811983,1.5527369,-0.05986339,-0.21086915,0.0166057,-0.0040006293,0.9773651
11.014444916666434,1762753306.9386148,-0.0137441605,1.5530798,-0.05977863,-0.20983645,0.01703614,-0.003875378,0.9775804
11.03209862499989,1762753306.9562685,-0.013676226,1.5533904,-0.059716403,-0.20887087,0.017507171,-0.003763064,0.97777927
11.049401999999645,1762753306.973572,-0.013607554,1.5536586,-0.059681475,-0.20803814,0.01797028,-0.0037095768,0.9779486
11.066906625000229,1762753306.9910767,-0.013538745,1.5539001,-0.05967129,-0.20730053,0.018432662,-0.003647279,0.97809684
11.09412704166698,1762753307.018297,-0.013452937,1.5542746,-0.059690125,-0.20622297,0.019207543,-0.0035043494,0.9783102
11.111199791666877,1762753307.0353699,-0.013402678,1.5545151,-0.059743524,-0.20551592,0.019769747,-0.0033627,0.97844833
11.128901083333403,1762753307.053071,-0.013347412,1.5547625,-0.059835266,-0.20476615,0.020412873,-0.0031777597,0.9785929
11.148260541666787,1762753307.0724306,-0.013281767,1.5550301,-0.059970804,-0.20401448,0.021143565,-0.002998678,0.9787349
11.165697249999539,1762753307.0898674,-0.013218336,1.5552633,-0.06011647,-0.2033034,0.021836098,-0.0028620462,0.9788681
11.194021208333652,1762753307.1181912,-0.013093449,1.5556526,-0.060427427,-0.20193951,0.023051923,-0.0025995285,0.97912323
11.211699249999583,1762753307.1358693,-0.0129991295,1.5559027,-0.06066359,-0.20099455,0.02381204,-0.0025139297,0.97929966
11.228613833332929,1762753307.1527839,-0.012896702,1.5561321,-0.06090474,-0.20013587,0.024457583,-0.0025473041,0.9794595
11.247867291666807,1762753307.1720374,-0.012754579,1.5563645,-0.061182268,-0.19927897,0.025133325,-0.0025804914,0.97961706
11.265430000000379,1762753307.1896,-0.012603884,1.5565481,-0.06142635,-0.19861206,0.025657222,-0.002604217,0.97973883
11.295462250000128,1762753307.2196321,-0.012415379,1.5568136,-0.06180632,-0.19763668,0.026309336,-0.002792173,0.9799183
11.313186499999574,1762753307.2373564,-0.012305111,1.5569412,-0.062006414,-0.19717623,0.02651333,-0.003071459,0.98000467
11.334336249999978,1762753307.2585063,-0.012146276,1.557063,-0.062213946,-0.19673759,0.02661782,-0.0033940044,0.98008895
11.35171254166653,1762753307.2758825,-0.011993428,1.5571223,-0.06235171,-0.19644809,0.026647907,-0.0036825503,0.98014516
11.369241791666354,1762753307.2934117,-0.011811194,1.557132,-0.062429316,-0.19629037,0.026659422,-0.004021142,0.9801751
11.393746833333353,1762753307.3179169,-0.011524387,1.5570309,-0.06240511,-0.19640066,0.026647784,-0.004647673,0.9801505
11.411390791666236,1762753307.3355608,-0.011314561,1.5568683,-0.062286086,-0.19668429,0.026580293,-0.0051656095,0.9800929
11.428712916666882,1762753307.3528829,-0.011101626,1.556649,-0.062084854,-0.1970979,0.026466412,-0.005642244,0.9800103
11.446125000000393,1762753307.370295,-0.010878123,1.5563824,-0.06179118,-0.19759884,0.026311826,-0.006006777,0.9799114
11.46445970833338,1762753307.3886297,-0.010627903,1.5560601,-0.061364412,-0.19825356,0.026063114,-0.00636517,0.9797836
11.481949541666836,1762753307.4061196,-0.01038867,1.5557446,-0.060828455,-0.19898748,0.025696049,-0.00675823,0.9796418
11.49893770833296,1762753307.4231076,-0.010153905,1.5554682,-0.060207546,-0.199728,0.025207242,-0.0071746213,0.97950083
11.516327166666997,1762753307.4404972,-0.009899589,1.5552689,-0.059559774,-0.20027001,0.024587328,-0.0075911176,0.9794028
11.533756583333343,1762753307.4579265,-0.009637003,1.5552299,-0.05900807,-0.20016387,0.023868896,-0.007936532,0.9794395
11.55903170833335,1762753307.4832017,-0.009287824,1.5555356,-0.058580883,-0.198701,0.022668144,-0.008561565,0.9797606
11.577282000000196,1762753307.501452,-0.00910372,1.5560322,-0.058592744,-0.19684482,0.021815369,-0.008973291,0.9801508
11.594185625000136,1762753307.5183556,-0.008972518,1.5565763,-0.05884415,-0.19489868,0.021141341,-0.009241789,0.98055196
11.611817458333462,1762753307.5359874,-0.008874918,1.5570835,-0.059292387,-0.19311611,0.020619163,-0.009406752,0.9809141
11.62990229166644,1762753307.5540724,-0.008796436,1.5574017,-0.05985974,-0.1919906,0.02024704,-0.009510378,0.9811418
11.647610500000155,1762753307.5717804,-0.008753613,1.5574923,-0.06041217,-0.19178617,0.020034812,-0.009512961,0.98118615
11.665522791666262,1762753307.5896928,-0.00873483,1.5573713,-0.06092626,-0.19242522,0.019967813,-0.00942648,0.9810632
11.682937999999922,1762753307.607108,-0.008729152,1.5571285,-0.06135714,-0.1935944,0.020020721,-0.009291834,0.98083335
11.699926208333636,1762753307.6240962,-0.008731239,1.5568354,-0.061710536,-0.195032,0.020141622,-0.00916579,0.98054725
11.730993416666934,1762753307.6551635,-0.008751966,1.5562557,-0.06225562,-0.19785388,0.020397443,-0.009131973,0.9799767
11.748432791666346,1762753307.672603,-0.008758347,1.5560026,-0.06252833,-0.1991951,0.020465987,-0.009200663,0.97970295
11.765993458333469,1762753307.6901634,-0.008754678,1.5558529,-0.062803924,-0.20007417,0.020430343,-0.009338012,0.97952324
11.791311625000162,1762753307.7154818,-0.008720447,1.5558813,-0.063214846,-0.2003823,0.020202663,-0.00956522,0.97946274
11.808676041666331,1762753307.732846,-0.008684166,1.5560166,-0.06351799,-0.20010217,0.019916877,-0.0096999705,0.97952455
11.826172625000254,1762753307.7503426,-0.008644842,1.5561821,-0.06383717,-0.19965982,0.019548861,-0.009799662,0.97962123
11.844312541667023,1762753307.7684824,-0.008610596,1.5563328,-0.064173885,-0.1992489,0.019105582,-0.00988364,0.9797128
11.861345291667021,1762753307.7855153,-0.008606091,1.5562961,-0.064549446,-0.19903131,0.018674131,-0.009946848,0.97976476
11.878975416666435,1762753307.8031454,-0.0086071165,1.5562992,-0.06486951,-0.19903366,0.01827059,-0.009954743,0.9797718
11.89630495833353,1762753307.8204749,-0.00862994,1.5562603,-0.06515634,-0.19929065,0.017962694,-0.00990608,0.9797257
11.913863708333338,1762753307.8380337,-0.0086909905,1.556186,-0.06543183,-0.1996678,0.017784392,-0.009781066,0.9796534
11.931178041666499,1762753307.855348,-0.00879046,1.5561036,-0.06569988,-0.2000695,0.017789299,-0.009593637,0.97957325
11.948755416666245,1762753307.8729255,-0.008927047,1.5560195,-0.0659734,-0.2004188,0.017975615,-0.0093768975,0.97950053
11.96702166666637,1762753307.8911917,-0.009104952,1.5559365,-0.06625086,-0.20073001,0.018330356,-0.009121957,0.97943264
11.99921170833295,1762753307.9233818,-0.0094756065,1.5558127,-0.06668688,-0.20137341,0.019144075,-0.008589616,0.97928977
12.016698749999705,1762753307.9408689,-0.009686351,1.5557741,-0.06690365,-0.20163913,0.01965563,-0.00811114,0.97922903
12.034081041666468,1762753307.958251,-0.00989823,1.55577,-0.06712055,-0.20173152,0.020164106,-0.00763184,0.9792035
12.061324083333602,1762753307.9854941,-0.010230012,1.5558355,-0.06748903,-0.20152596,0.020906739,-0.0070388187,0.9792347
12.07844120833306,1762753308.0026112,-0.010446128,1.5558995,-0.067725606,-0.2013184,0.021336406,-0.006790777,0.9792699
12.097242958333482,1762753308.021413,-0.010689907,1.5559664,-0.067976534,-0.20112038,0.021781333,-0.006503121,0.9793028
12.114646791666928,1762753308.0388167,-0.010905117,1.556014,-0.06820512,-0.20099232,0.02214358,-0.006218314,0.97932273
12.13206529166655,1762753308.0562353,-0.011115067,1.556049,-0.06843293,-0.200906,0.022411887,-0.0059387865,0.97933614
12.149410291666754,1762753308.0735803,-0.011322956,1.5560718,-0.068663016,-0.2008479,0.022605263,-0.0056992862,0.979345
12.16678420833341,1762753308.0909543,-0.011534561,1.5560826,-0.06889499,-0.2008476,0.022777209,-0.0054060626,0.97934276
12.1897238749998,1762753308.113894,-0.01182342,1.5560694,-0.06920398,-0.20092954,0.023059212,-0.004924274,0.9793219
12.207071916666791,1762753308.131242,-0.012048905,1.5560385,-0.06944413,-0.20103517,0.023321275,-0.0045846854,0.9792957
12.224487541666349,1762753308.1486576,-0.012281765,1.5559992,-0.06968624,-0.20115426,0.023604652,-0.0042870473,0.97926575
12.241796458332828,1762753308.1659665,-0.012515706,1.5559468,-0.069916196,-0.20131749,0.023932649,-0.0040261648,0.9792254
12.259319041666458,1762753308.183489,-0.012751709,1.5558815,-0.070127025,-0.20156856,0.024252234,-0.0037943642,0.97916675
12.276813333332939,1762753308.2009833,-0.0129828155,1.5558267,-0.07032931,-0.20184737,0.024569355,-0.0035568057,0.9791023
12.29430816666627,1762753308.2184782,-0.013203099,1.555796,-0.07053423,-0.20204024,0.024893526,-0.003278825,0.97905535
12.311805000000277,1762753308.235975,-0.01341786,1.5557566,-0.070733175,-0.202198,0.025169857,-0.0030973775,0.9790163
12.33831841666688,1762753308.2624884,-0.01372686,1.5556182,-0.07095486,-0.20268697,0.025467163,-0.003031563,0.9789077
12.35972645833317,1762753308.2838964,-0.013954334,1.555381,-0.07097137,-0.20354493,0.025634706,-0.002955162,0.9787255
12.37743216666695,1762753308.3016021,-0.014124155,1.5550866,-0.07083106,-0.20463012,0.025696263,-0.0028600378,0.97849786
12.39443674999984,1762753308.3186069,-0.014267057,1.5547444,-0.07056415,-0.20588005,0.025626436,-0.0028244238,0.9782375
12.411770291666471,1762753308.3359404,-0.014400303,1.55439,-0.07019526,-0.20713273,0.025377473,-0.002876025,0.9779794
12.429156458333637,1762753308.3533266,-0.0145286545,1.5540786,-0.06977242,-0.20813102,0.024999822,-0.0029376973,0.977777
12.446589041666812,1762753308.370759,-0.014664359,1.5538251,-0.06930846,-0.2088736,0.024566103,-0.0029901804,0.9776295
12.464314166666554,1762753308.3884842,-0.01482327,1.5536376,-0.06880246,-0.20949611,0.024133364,-0.0029688834,0.9775071
12.481858750000356,1762753308.4060287,-0.015006326,1.5535555,-0.0683189,-0.20991763,0.023808911,-0.002806753,0.9774251
12.499386999999842,1762753308.423557,-0.015219112,1.5536255,-0.067951865,-0.20978859,0.023702873,-0.0025120978,0.9774562
12.529362874999606,1762753308.453533,-0.015671631,1.55412,-0.06781728,-0.20782712,0.02407532,-0.0018262931,0.97786754
12.547323333333225,1762753308.4714932,-0.015982708,1.554712,-0.0679617,-0.20611247,0.024477273,-0.0014344039,0.97822106
12.565447250000034,1762753308.4896173,-0.016293233,1.5551152,-0.068263955,-0.20464942,0.024921963,-0.0011565905,0.97851735
12.589082458332996,1762753308.5132525,-0.016687863,1.5553788,-0.0686965,-0.20369606,0.025431814,-0.0009972989,0.97870326
12.606519124999977,1762753308.5306892,-0.016964324,1.5553776,-0.068965435,-0.20383249,0.02572048,-0.0009610407,0.9786674
12.623911624999892,1762753308.5480816,-0.017224139,1.5552349,-0.06917046,-0.20454212,0.025914047,-0.0009485625,0.9785142
12.641276333332826,1762753308.5654464,-0.01746797,1.5550019,-0.069315866,-0.20559144,0.025986036,-0.00091984955,0.9782924
12.659247166666319,1762753308.5834172,-0.017706074,1.5547228,-0.0694142,-0.2068245,0.025911298,-0.0008696346,0.9780345
12.67657220833371,1762753308.6007423,-0.017925918,1.5544616,-0.06947607,-0.20793895,0.025741642,-0.0007755051,0.97780275
12.693956041666752,1762753308.6181262,-0.018152995,1.554261,-0.06951935,-0.2088099,0.025484957,-0.000599684,0.97762394
12.711399625000013,1762753308.6355696,-0.018390857,1.554149,-0.06955564,-0.20932612,0.025210153,-0.00033577226,0.9775208
12.728861083332959,1762753308.653031,-0.018631771,1.554116,-0.06959313,-0.20950288,0.024946779,-4.551738e-05,0.9774897
12.746335249999902,1762753308.6705053,-0.018886395,1.5541482,-0.0696283,-0.20939498,0.024733843,0.00025885736,0.97751826
12.764473208333584,1762753308.6886432,-0.019169638,1.5542265,-0.06966634,-0.20909448,0.024617888,0.00053433864,0.9775854
12.782814375000271,1762753308.7069843,-0.019480472,1.5543313,-0.06970702,-0.20869532,0.024620086,0.0007699259,0.9776705
12.800115708333578,1762753308.7242858,-0.019789793,1.5544323,-0.0697487,-0.20837063,0.024732256,0.0010134582,0.97773665
12.822547291666524,1762753308.7467172,-0.020203413,1.5545325,-0.06981875,-0.20806742,0.025008371,0.0013727691,0.97779375
12.83964558333355,1762753308.7638156,-0.020526111,1.5545787,-0.06989163,-0.20794268,0.02523703,0.0015822557,0.97781414
12.857175083333459,1762753308.7813451,-0.020863496,1.5545995,-0.06998092,-0.20793332,0.025449421,0.0017499235,0.9778103
12.876426458333299,1762753308.8005965,-0.021241702,1.5545926,-0.07008755,-0.20809358,0.025637867,0.0018514987,0.9777711
12.893785416667015,1762753308.8179555,-0.021581188,1.5545607,-0.070187986,-0.20829017,0.025806293,0.0020801935,0.9777244
12.911261166666918,1762753308.835431,-0.021919178,1.5545092,-0.07029386,-0.20851174,0.025990443,0.0024511372,0.9776714
12.928933833332849,1762753308.8531039,-0.022259898,1.5544488,-0.07039899,-0.2087604,0.026179878,0.002873692,0.97761214
12.946348416666297,1762753308.8705184,-0.022598423,1.5543878,-0.07050079,-0.20897982,0.026374673,0.0032504962,0.9775588
12.965633333333244,1762753308.8898034,-0.022974698,1.5543252,-0.070603915,-0.20910686,0.026651165,0.0036602928,0.97752273
12.983062333333692,1762753308.9072323,-0.023306087,1.5542785,-0.07067406,-0.20918551,0.02697166,0.0040779696,0.9774955
13.000471749999633,1762753308.9246418,-0.023620702,1.554229,-0.07070267,-0.20925656,0.027359046,0.0045074997,0.9774676
13.022914541666978,1762753308.9470847,-0.024002455,1.5541594,-0.07066226,-0.20942242,0.027848393,0.0049970564,0.97741586
13.039577749999808,1762753308.9637477,-0.024263926,1.5541039,-0.070564985,-0.20957395,0.028155118,0.005245876,0.9773733
13.057715916666893,1762753308.981886,-0.024524136,1.5540419,-0.070385404,-0.20971422,0.028409483,0.005428599,0.97733486
13.075660958333174,1762753308.999831,-0.024749614,1.5539773,-0.07012802,-0.20981988,0.02860053,0.0056418036,0.97730535
13.093155624999781,1762753309.0173256,-0.024921186,1.5539026,-0.06978762,-0.2098804,0.028753273,0.005923981,0.9772862
13.11060550000002,1762753309.0347755,-0.025047563,1.553817,-0.06935549,-0.20996001,0.028814191,0.006164747,0.97726583
13.127908124999522,1762753309.0520782,-0.025139391,1.5537221,-0.06885183,-0.21003997,0.0287715,0.006297426,0.9772491
13.145340833333648,1762753309.069511,-0.025200022,1.5536395,-0.06828398,-0.21005212,0.028652808,0.006405506,0.97724926
13.16273479166648,1762753309.0869048,-0.02523329,1.553584,-0.06767786,-0.20994751,0.028471908,0.00642137,0.9772769
13.180217375000211,1762753309.1043873,-0.025251895,1.5535811,-0.067055225,-0.20971037,0.02822737,0.0063905073,0.97733516
13.197667000000365,1762753309.121837,-0.0252636,1.5536562,-0.06647605,-0.20924132,0.02799867,0.006345589,0.97744256
13.215494041666716,1762753309.1396642,-0.02528006,1.5538363,-0.06600554,-0.2083331,0.027845941,0.0063519413,0.9776408
13.232869333332928,1762753309.1570394,-0.025300046,1.5541111,-0.06572438,-0.20702611,0.027820904,0.006412931,0.97791874
13.250203249999686,1762753309.1743731,-0.02532427,1.554438,-0.06562555,-0.2054995,0.027885364,0.0064831953,0.9782384
13.267608750000363,1762753309.1917787,-0.025345892,1.5547518,-0.065675676,-0.20406877,0.027944233,0.0064647594,0.9785363
13.289388708333718,1762753309.2135587,-0.025352485,1.5550154,-0.06584668,-0.20291318,0.027907217,0.006262608,0.97877896
13.306731666666565,1762753309.2309017,-0.025334341,1.5550575,-0.0659932,-0.20270027,0.027807586,0.006039049,0.9788273
13.324194583333338,1762753309.2483647,-0.02529452,1.5549347,-0.06611383,-0.203126,0.027675556,0.005833353,0.9787441
13.341833624999708,1762753309.2660036,-0.025234548,1.5546752,-0.06619299,-0.20404363,0.027495697,0.0056429883,0.9785593
13.359404666666705,1762753309.2835746,-0.025155723,1.5543368,-0.06623083,-0.20528753,0.02726155,0.0054778345,0.9783066
13.376918625000144,1762753309.3010886,-0.025053745,1.5539786,-0.066231675,-0.20668876,0.026965082,0.0053371387,0.97802055
13.394471208333016,1762753309.3186412,-0.02493105,1.5536561,-0.06621063,-0.20800991,0.02662207,0.0052242116,0.9777504
13.411893874999805,1762753309.3360639,-0.024794124,1.5534209,-0.066191316,-0.20901212,0.026270112,0.005129892,0.9775467
13.429298291666782,1762753309.3534684,-0.024644911,1.5532938,-0.06618166,-0.20959221,0.025924506,0.0050055007,0.97743237
13.446719124999618,1762753309.3708892,-0.02449055,1.5532801,-0.06618905,-0.20969908,0.02561434,0.0048058894,0.9774186
13.465161583333611,1762753309.3893316,-0.024326622,1.5533755,-0.066217184,-0.2093433,0.025333099,0.0045269877,0.97750354
13.482507208333118,1762753309.4066772,-0.024158513,1.5535418,-0.066240616,-0.20871086,0.025147775,0.004244382,0.9776448
13.499897916666669,1762753309.424068,-0.023967383,1.5537418,-0.066246875,-0.20804302,0.02504443,0.0039430615,0.9777911
13.523203374999866,1762753309.4473734,-0.023714557,1.553963,-0.06624633,-0.20734054,0.02493258,0.003523608,0.97794473
13.540514375000384,1762753309.4646845,-0.023523897,1.5540712,-0.0662331,-0.20706181,0.024801038,0.0032288171,0.9780081
13.55938045833318,1762753309.4835505,-0.023312924,1.5541316,-0.06620783,-0.20696416,0.024607303,0.0029513089,0.97803456
13.576706833333446,1762753309.500877,-0.023119055,1.5541449,-0.06617409,-0.20700277,0.024391858,0.0027278913,0.9780324
13.594182875000115,1762753309.518353,-0.022926874,1.5541304,-0.06613785,-0.20712157,0.024140215,0.0025119248,0.9780141
13.611633374999656,1762753309.5358033,-0.022736862,1.554104,-0.06610876,-0.20727183,0.023933811,0.002384419,0.97798765
13.628456833333075,1762753309.5526268,-0.02256181,1.5540762,-0.06609458,-0.20738512,0.023816342,0.0023188656,0.97796667
13.645867833332886,1762753309.5700378,-0.022391744,1.5540535,-0.066098034,-0.20748724,0.02374673,0.0021844974,0.977947
13.665962041666717,1762753309.590132,-0.022213072,1.5540377,-0.06612456,-0.2075793,0.023726063,0.0019242042,0.9779285
13.689785958333232,1762753309.613956,-0.022021815,1.5540513,-0.066179454,-0.20763893,0.023737343,0.001489883,0.97791636
13.707077000000027,1762753309.631247,-0.021887928,1.5540808,-0.06623089,-0.20763026,0.023797678,0.0013006888,0.977917
13.727209749999929,1762753309.6513798,-0.021735258,1.5541106,-0.06628674,-0.20760106,0.023910651,0.0011862937,0.97792065
13.744504916666301,1762753309.668675,-0.021610698,1.5541226,-0.066317186,-0.20760806,0.024021141,0.0011272437,0.9779165
13.761764249999942,1762753309.6859343,-0.021490619,1.5541179,-0.06632477,-0.20765561,0.024171539,0.0010656929,0.9779027
13.779255958333124,1762753309.703426,-0.021369562,1.5540985,-0.06630361,-0.2077065,0.024382949,0.0009832169,0.9778868
13.79660212500039,1762753309.720772,-0.021246634,1.5540707,-0.0662483,-0.20778568,0.024626737,0.00089342974,0.9778639
13.814341958332989,1762753309.738512,-0.021111459,1.5540274,-0.06614864,-0.20787142,0.024872256,0.0007606274,0.97783965
13.831834291666382,1762753309.7560043,-0.020963175,1.5539727,-0.06600166,-0.20800272,0.025091987,0.00060585875,0.97780615
13.856645791666779,1762753309.7808158,-0.020725593,1.55387,-0.06568885,-0.20822565,0.02530344,0.0003290536,0.9777534
13.87399004166673,1762753309.79816,-0.02053347,1.5537865,-0.06537937,-0.20840271,0.02540066,0.00013116855,0.9777132
13.891309083332999,1762753309.815479,-0.020317411,1.5536935,-0.06498228,-0.20861621,0.025489885,-1.6177743e-05,0.97766536
13.908636208333519,1762753309.832806,-0.02008503,1.5535843,-0.064505816,-0.20884022,0.025577543,-0.00019983709,0.97761524
13.926015333333453,1762753309.8501854,-0.019842647,1.5534596,-0.06394684,-0.20907684,0.025655992,-0.0005334368,0.9775625
13.943384166666874,1762753309.8675542,-0.019589676,1.5533257,-0.06330238,-0.20929389,0.025802314,-0.0008352701,0.97751194
13.95991258333288,1762753309.8840826,-0.019336306,1.5531945,-0.06260264,-0.20948663,0.026024109,-0.0010600723,0.97746456
13.977405874999931,1762753309.9015758,-0.019009365,1.5531423,-0.06170214,-0.20972732,0.026293263,-0.0012949613,0.9774055
13.995053999999982,1762753309.919224,-0.018664539,1.553142,-0.060789704,-0.20980948,0.026479019,-0.0016193091,0.9773823
14.012520208333626,1762753309.9366903,-0.018329687,1.5532274,-0.060020566,-0.20940833,0.026572077,-0.0020659524,0.97746503
14.030178458333467,1762753309.9543486,-0.017982429,1.5534673,-0.059400566,-0.20828308,0.026596641,-0.0025911585,0.97770345
14.04805641666644,1762753309.9722264,-0.017585084,1.5539206,-0.058867157,-0.20659839,0.026630484,-0.0030502165,0.97805864
14.065603291666775,1762753309.9897733,-0.017147072,1.5545106,-0.05839461,-0.20475069,0.026692549,-0.0033961667,0.9784443
14.082976916666667,1762753310.0071468,-0.016740477,1.5550376,-0.058085747,-0.20305327,0.026837215,-0.0036583804,0.978793
14.100440625000374,1762753310.0246108,-0.01641447,1.5553669,-0.058008797,-0.2016835,0.02709346,-0.0038274138,0.9790685
14.123663624999608,1762753310.0478337,-0.015991889,1.5556102,-0.057961404,-0.20058165,0.027637621,-0.0039431583,0.9792791
14.14108912499978,1762753310.0652592,-0.01567237,1.5556319,-0.057921886,-0.20029412,0.028182488,-0.0039803735,0.9793223
14.159085083333594,1762753310.083255,-0.015326981,1.5555173,-0.057843037,-0.20046307,0.028861728,-0.0040047984,0.97926784
14.176632374999826,1762753310.1008024,-0.014966145,1.5552927,-0.057695746,-0.20105633,0.029560251,-0.004033891,0.97912526
14.193977958333562,1762753310.118148,-0.014571004,1.5549966,-0.05746931,-0.2019643,0.030235711,-0.00408553,0.9789176
14.211474958333383,1762753310.135645,-0.014117842,1.5546889,-0.05717296,-0.20302816,0.03085513,-0.0041450635,0.97867787
14.22906362499998,1762753310.1532335,-0.0135991005,1.5544306,-0.056816112,-0.20394717,0.03134912,-0.0042657023,0.97847056
14.246644541666683,1762753310.1708145,-0.013008577,1.5542784,-0.05642723,-0.20448346,0.03170508,-0.0044689137,0.9783462
14.265334249999796,1762753310.1895044,-0.012299739,1.5542686,-0.056001663,-0.2044664,0.031956814,-0.0047856937,0.9783401
14.289304333333348,1762753310.2134743,-0.011262834,1.5545384,-0.0553838,-0.20365828,0.032090224,-0.005344309,0.9785014
14.306854666666368,1762753310.2310247,-0.010407254,1.5549048,-0.054849565,-0.20269302,0.032048114,-0.0058510415,0.9787003
14.32414504166627,1762753310.248315,-0.009494074,1.555319,-0.054320157,-0.20160733,0.031929445,-0.0063886913,0.97892505
14.341779499999575,1762753310.2659495,-0.008491695,1.5557624,-0.053786695,-0.20046093,0.03177718,-0.0069161654,0.9791618
14.359758333333048,1762753310.2839284,-0.0074010915,1.5562041,-0.053254135,-0.19934613,0.0315845,-0.007415667,0.97939193
14.37755716666652,1762753310.3017273,-0.0062568784,1.5565976,-0.052719533,-0.19841875,0.031346247,-0.0078906985,0.9795842
14.394946041667026,1762753310.319116,-0.0050734803,1.5569258,-0.052196085,-0.19777296,0.031095235,-0.0083269095,0.97971916
14.412463624999873,1762753310.3366337,-0.003812882,1.5572003,-0.05168618,-0.19731618,0.030836701,-0.008650884,0.9798166
14.429472750000059,1762753310.3536427,-0.0025193815,1.5574188,-0.051224,-0.19700012,0.03059784,-0.008941392,0.9798851
14.44908258333362,1762753310.3732526,-0.0009416789,1.5576148,-0.050740838,-0.19683115,0.030311542,-0.009339363,0.97992426
14.466849249999541,1762753310.3910193,0.0005756095,1.5577387,-0.050340295,-0.19689463,0.030031981,-0.009742039,0.97991616
14.492457999999715,1762753310.4166281,0.0029249166,1.5578128,-0.049792778,-0.19748926,0.02959362,-0.01033026,0.9798038
14.510966083333187,1762753310.435136,0.0047546425,1.557809,-0.049384464,-0.1982094,0.0292444,-0.010639114,0.9796656
14.528266708332922,1762753310.4524367,0.0065653943,1.5577582,-0.049004424,-0.1991213,0.028869208,-0.010872085,0.9794892
14.545052000000396,1762753310.469222,0.008411482,1.5576512,-0.048660636,-0.20016968,0.028410971,-0.011132222,0.97928596
14.561796958333616,1762753310.485967,0.010336846,1.557499,-0.04834819,-0.20134676,0.027901217,-0.011374344,0.97905654
14.57928075000018,1762753310.5034509,0.012411803,1.5572969,-0.048063815,-0.20275156,0.027372593,-0.01156475,0.97877926
14.596750083333063,1762753310.52092,0.0145493,1.5570505,-0.047797978,-0.20438772,0.02690255,-0.011659541,0.97845083
14.614655166667035,1762753310.5388253,0.016812682,1.5567542,-0.04752159,-0.206307,0.02654725,-0.0117030395,0.9780571
14.632195750000392,1762753310.5563657,0.019083515,1.556444,-0.04724872,-0.20838483,0.026359802,-0.011729486,0.97762126
14.649028083333178,1762753310.573198,0.021299856,1.5561475,-0.046989687,-0.21050389,0.026375227,-0.01174878,0.9771665
14.667880958333626,1762753310.592051,0.023807254,1.5558447,-0.04672122,-0.21287397,0.026657464,-0.011653415,0.9766464
14.69220683333333,1762753310.6163769,0.027066352,1.5555367,-0.0464272,-0.21558163,0.02760893,-0.011147259,0.9760318
14.70999058333291,1762753310.6341605,0.029425412,1.5553817,-0.04633057,-0.21717198,0.028809289,-0.010560657,0.97565097
14.72745870833296,1762753310.6516287,0.031692196,1.5552595,-0.04635793,-0.21859917,0.03041259,-0.009816829,0.9752913
14.744063416666904,1762753310.6682334,0.033790756,1.5551423,-0.04647231,-0.2200657,0.03240468,-0.008768865,0.9749072
14.762576125000123,1762753310.6867461,0.036042966,1.5550289,-0.046669126,-0.22184807,0.03522344,-0.0071604475,0.9744185
14.780756791667045,1762753310.7049267,0.03814223,1.5550213,-0.046917737,-0.22343032,0.038601816,-0.0051969336,0.9739414
14.79888637499971,1762753310.7230563,0.040105067,1.5551691,-0.047227263,-0.22448806,0.042563576,-0.0029472315,0.9735424
14.835414708333701,1762753310.7595847,0.043658722,1.5558672,-0.04795087,-0.22501878,0.052401595,0.0023100628,0.9729416
14.858652124999935,1762753310.7828221,0.04568536,1.5564001,-0.04828597,-0.22460468,0.059673697,0.0056027407,0.97260493
14.877099749999616,1762753310.8012698,0.04717505,1.5568088,-0.048347533,-0.22401287,0.06568501,0.007819977,0.9723387
14.894208958333365,1762753310.818379,0.048470844,1.5571619,-0.048179258,-0.22345978,0.07122537,0.009607692,0.97205985
14.911865625000246,1762753310.8360357,0.049733613,1.5575008,-0.047794163,-0.22293732,0.07678593,0.011191182,0.9717395
14.92932166666651,1762753310.8534918,0.050890483,1.5578641,-0.04723806,-0.22212452,0.08201105,0.01241768,0.9714838
14.94844008333348,1762753310.87261,0.05203688,1.5583359,-0.046457767,-0.22073098,0.08737346,0.013356055,0.97132146
14.96590920833296,1762753310.8900793,0.05300988,1.5588301,-0.045538254,-0.21922134,0.09189916,0.013965498,0.9712371
14.99420791666671,1762753310.9183779,0.054403752,1.5596653,-0.043412507,-0.21702896,0.0982295,0.014439145,0.97110295
15.011596916666349,1762753310.935767,0.055128578,1.5601995,-0.04164601,-0.21562767,0.10150601,0.014476996,0.97107756
15.02900791666616,1762753310.953178,0.05575852,1.5608019,-0.039527845,-0.21387175,0.10435162,0.014391762,0.97116554
15.046438958333056,1762753310.970609,0.056299627,1.5614967,-0.03706777,-0.21158017,0.10682459,0.014280107,0.97140026
15.07157770833328,1762753310.9957478,0.056918543,1.562661,-0.032976437,-0.20731181,0.10976243,0.014122431,0.9719952
15.09253662500032,1762753311.0167067,0.057418413,1.5637647,-0.02918446,-0.20268999,0.11160329,0.0137888845,0.9727648
15.110431583333593,1762753311.0346017,0.05779145,1.5647391,-0.02567101,-0.19824935,0.1128216,0.013482048,0.97354335
15.127932958333076,1762753311.052103,0.058054704,1.5656712,-0.021962648,-0.19380672,0.11384006,0.0134162465,0.97432
15.145420166666554,1762753311.06959,0.05822459,1.5665795,-0.018019259,-0.18933363,0.11466751,0.013440684,0.97510177
15.161815374999605,1762753311.0859854,0.058327798,1.5674484,-0.014139533,-0.18498138,0.11524604,0.013331141,0.9758702
15.179211916666645,1762753311.1033819,0.05837197,1.5683835,-0.009891987,-0.18015951,0.11565149,0.013047529,0.9767277
15.19604845833328,1762753311.1202185,0.058324493,1.5692672,-0.0057086227,-0.17533076,0.11582181,0.012468736,0.9775935
15.213351416666228,1762753311.1375215,0.0581838,1.5701509,-0.0013515949,-0.17041522,0.11569983,0.011500909,0.97848856
15.244505583333193,1762753311.1686757,0.057696052,1.5717201,0.006598413,-0.16168234,0.11459417,0.009015038,0.9801254
15.272541125000316,1762753311.196711,0.057004455,1.573144,0.013765621,-0.15357877,0.112693615,0.0064557716,0.981668
15.290324708333173,1762753311.2144947,0.056411892,1.5740526,0.018264115,-0.14825274,0.11110278,0.004689832,0.98267764
15.307390625000153,1762753311.2315607,0.055721756,1.575022,0.022495627,-0.1436411,0.109303914,0.0028524604,0.98357093
15.326598458333137,1762753311.2507684,0.054799743,1.5764247,0.027057886,-0.13911808,0.10698119,0.00073128,0.9844799
15.345193166666832,1762753311.2693632,0.05374045,1.5781866,0.0311957,-0.13445148,0.10450033,-0.0013880256,0.9853936
15.36302437500035,1762753311.2871945,0.05257734,1.5801731,0.034918725,-0.1293954,0.10205679,-0.003264328,0.98632175
15.380142208333382,1762753311.3043122,0.051374346,1.5821941,0.03831785,-0.12399303,0.09975515,-0.004885122,0.98724407
15.39965624999968,1762753311.3238263,0.04993019,1.5844362,0.04206133,-0.11730962,0.09721579,-0.0065965266,0.98830366
15.425881750000372,1762753311.3500519,0.04790976,1.5871915,0.046953432,-0.10776406,0.09403483,-0.008658505,0.9896815
15.444639125000322,1762753311.3688092,0.04644282,1.5890654,0.050271392,-0.10003741,0.09195249,-0.009934983,0.9906758
15.474197124999591,1762753311.3983672,0.044139974,1.5919548,0.055112254,-0.08664624,0.08889904,-0.011546279,0.99219763
15.496457041666872,1762753311.420627,0.04250792,1.5939792,0.058593284,-0.07671557,0.08653978,-0.012739951,0.9932086
15.514213291666238,1762753311.4383833,0.041260008,1.5954695,0.061276495,-0.06917311,0.084484585,-0.013932974,0.9939232
15.53197791666662,1762753311.456148,0.040041205,1.5968366,0.06386316,-0.06208574,0.08234667,-0.015142358,0.99455273
15.558366500000375,1762753311.4825366,0.038303684,1.5986493,0.06752521,-0.052492272,0.079380035,-0.016669482,0.9953218
15.577054874999703,1762753311.501225,0.03711005,1.5999676,0.069940105,-0.04578654,0.077396624,-0.01796654,0.9957864
15.594437124999786,1762753311.5186071,0.036014963,1.601277,0.07200241,-0.038994465,0.07543613,-0.01956713,0.99619573
15.6121522083331,1762753311.536322,0.03492654,1.6027099,0.07390338,-0.031153291,0.07311099,-0.021355988,0.9966084
15.629087250000339,1762753311.5532572,0.033919804,1.6041639,0.07556225,-0.02307116,0.07049842,-0.023114527,0.99697715
15.648984624999684,1762753311.5731547,0.03277334,1.6058152,0.07737757,-0.013667995,0.06719156,-0.025143439,0.9973296
15.666422250000323,1762753311.5905924,0.031796288,1.6070688,0.07889318,-0.006176006,0.06435789,-0.026705751,0.99755037
15.69289149999986,1762753311.6170616,0.03041736,1.6084609,0.08097762,0.003430641,0.06040514,-0.028624471,0.99775755
15.710464666666667,1762753311.6346347,0.029556312,1.60928,0.08226049,0.009255984,0.05790739,-0.029697435,0.99783725
15.73063166666634,1762753311.6548016,0.028616564,1.6102593,0.08364846,0.01599039,0.055144448,-0.03073665,0.9978771
15.748020333333443,1762753311.6721904,0.02783923,1.6111023,0.08477431,0.021688448,0.05289234,-0.031574145,0.99786526
15.765515291666816,1762753311.6896853,0.027093627,1.6119794,0.085909724,0.027157739,0.050730992,-0.03253805,0.9978127
15.792709541666227,1762753311.7168796,0.025983322,1.6133566,0.08753729,0.035728138,0.04765278,-0.034311164,0.99763495
15.810233500000322,1762753311.7344036,0.025315212,1.6141688,0.088442855,0.041360386,0.045887865,-0.0355729,0.9974559
15.827374708333082,1762753311.7515447,0.024710456,1.6148938,0.08923303,0.046610314,0.044302937,-0.036865313,0.99724907
15.844814583333573,1762753311.7689846,0.024137745,1.6156064,0.089932136,0.051624924,0.042797133,-0.03815077,0.99701947
15.862237000000277,1762753311.786407,0.02360122,1.6163281,0.090508655,0.056477893,0.041411977,-0.039256144,0.99677193
15.879730749999908,1762753311.8039007,0.023090657,1.6170392,0.09096491,0.0612653,0.04015456,-0.04007904,0.9965078
15.89718345833353,1762753311.8213534,0.022616038,1.6178064,0.091337964,0.065820806,0.038921688,-0.040639307,0.99624354
15.91467300000022,1762753311.838843,0.022183083,1.6185488,0.09166114,0.06982096,0.037594013,-0.040956233,0.9960092
15.931051958333228,1762753311.855222,0.021812852,1.619107,0.09192574,0.07312933,0.0362077,-0.041064523,0.9958187
15.948435375000372,1762753311.8726053,0.021452438,1.6195884,0.092167795,0.07625539,0.034613796,-0.04106063,0.99564105
15.965903041666934,1762753311.890073,0.021072805,1.6199814,0.09236324,0.07905682,0.032888096,-0.041082494,0.9954801
15.984626291666245,1762753311.9087963,0.020645594,1.6203847,0.092507705,0.08193633,0.030997362,-0.040945224,0.9953135
16.002075666666315,1762753311.9262457,0.020243542,1.6207758,0.0925911,0.08467407,0.029339233,-0.040624052,0.9951479
16.028212958332915,1762753311.952383,0.019612717,1.6212969,0.09264808,0.08832807,0.027144963,-0.040151473,0.9949117
16.04559375000008,1762753311.9697638,0.01916317,1.6215819,0.09264498,0.09029187,0.025915053,-0.04010834,0.9947699
16.063958249999814,1762753311.9881282,0.01864122,1.6218487,0.09260505,0.09203609,0.02487212,-0.040177274,0.99463385
16.081902833333515,1762753312.0060728,0.018076206,1.62208,0.09252196,0.09346739,0.024162836,-0.040193524,0.9945172
16.09931037499973,1762753312.0234804,0.017364308,1.6223066,0.09238529,0.09464583,0.023725664,-0.0401238,0.99441916
16.116749958333457,1762753312.04092,0.016527338,1.6225352,0.092186555,0.09581365,0.023461094,-0.03999653,0.99431866
16.134955958333194,1762753312.059126,0.015618928,1.6227473,0.09192622,0.096961595,0.023336265,-0.039842807,0.9942165
16.1632837916668,1762753312.0874538,0.014162935,1.6229948,0.09147632,0.098252,0.023281863,-0.039214626,0.99411607
16.180914041666256,1762753312.105084,0.01319436,1.6230675,0.091198325,0.09876989,0.023318438,-0.038180735,0.99410415
16.19888387500032,1762753312.1230538,0.012216523,1.6230547,0.09092462,0.098833635,0.023436613,-0.036492992,0.9941584
16.23168370833355,1762753312.1558537,0.010530859,1.6229818,0.09044403,0.09816548,0.023609024,-0.03334813,0.99433094
16.24913108333294,1762753312.173301,0.009700172,1.6229074,0.090179265,0.097787105,0.023668528,-0.03196114,0.9944124
16.266513499999746,1762753312.1906836,0.008911866,1.6228031,0.089911714,0.09720908,0.023819018,-0.030695956,0.99450535
16.296992708333164,1762753312.2211628,0.0076245465,1.6227297,0.08941751,0.096283115,0.024335837,-0.029011967,0.99463344
16.31442154166689,1762753312.2385917,0.0068060905,1.6227973,0.0891583,0.09602974,0.024767656,-0.02829808,0.9946678
16.332182583333633,1762753312.2563527,0.005890178,1.6229051,0.088916235,0.095817156,0.025292885,-0.027953641,0.9946849
16.349541708333163,1762753312.2737117,0.005043499,1.6229788,0.08866662,0.095453255,0.025903597,-0.027816258,0.994708
16.36698875000002,1762753312.2911587,0.0042235106,1.6229945,0.08841163,0.09475352,0.026640015,-0.027517231,0.99476373
16.394939083333156,1762753312.3191092,0.0028993115,1.6228791,0.08799088,0.09299084,0.028212432,-0.02663868,0.9949106
16.412514833333262,1762753312.336685,0.002067186,1.6227431,0.08771402,0.09141786,0.029458085,-0.025875997,0.9950404
16.429126375000124,1762753312.3532963,0.0013150126,1.6225567,0.08743948,0.089703225,0.03081289,-0.025031688,0.99517703
16.44665466666629,1762753312.3708246,0.00058129674,1.622229,0.08715057,0.087383226,0.032425877,-0.02418968,0.995353
16.464052458332844,1762753312.3882225,-6.720424e-05,1.6217135,0.086886466,0.084087946,0.034096524,-0.023560405,0.9955961
16.481783916666245,1762753312.405954,-0.0007849932,1.6210881,0.08655667,0.079923876,0.035738707,-0.02306997,0.99589294
16.498778166666852,1762753312.4229481,-0.0014832765,1.6204686,0.08617312,0.07583928,0.03725544,-0.022484971,0.9961701
16.51617341666679,1762753312.4403434,-0.002070022,1.6198443,0.08577539,0.07202481,0.038681272,-0.021777095,0.99641454
16.533828291666396,1762753312.4579983,-0.0025394112,1.6192434,0.085369706,0.06847953,0.039926972,-0.02106465,0.99663067
16.562843583333233,1762753312.4870136,-0.003044871,1.6181754,0.08474659,0.062437896,0.041446365,-0.020148046,0.99698436
16.580406291666804,1762753312.5045762,-0.0032298714,1.6174107,0.08442974,0.058438458,0.04206474,-0.01977245,0.9972084
16.598909583332897,1762753312.5230796,-0.0033376936,1.616554,0.084134,0.05421735,0.04244321,-0.019380197,0.9974385
16.625828208333587,1762753312.5499983,-0.003318851,1.6153262,0.08371257,0.048630506,0.04254407,-0.018484259,0.99773914
16.643823208332833,1762753312.5679932,-0.0032147665,1.6145324,0.08344107,0.04521943,0.0423797,-0.017777657,0.9979194
16.662182916667007,1762753312.5863528,-0.0030493066,1.6137102,0.083183944,0.041830305,0.042103115,-0.017112395,0.99809057
16.679579416666456,1762753312.6037495,-0.0028478801,1.612884,0.082972825,0.038605332,0.041796308,-0.016455084,0.99824446
16.697083708333594,1762753312.6212537,-0.002606243,1.6120025,0.08278775,0.035230916,0.041483134,-0.015841538,0.9983922
16.713964374999705,1762753312.6381345,-0.0024457946,1.6111363,0.082677245,0.031991888,0.041133862,-0.015413208,0.9985224
16.732190333333165,1762753312.6563604,-0.0023215835,1.6102365,0.08260321,0.028724987,0.040633295,-0.015151682,0.99864626
16.749714083332947,1762753312.6738842,-0.0021341667,1.6094422,0.082505524,0.025897058,0.040003706,-0.015018515,0.998751
16.767197166666847,1762753312.6913671,-0.0018800026,1.608727,0.08241045,0.023357771,0.03921752,-0.014807613,0.9988479
16.791019291667,1762753312.7151892,-0.0014234483,1.6078793,0.08230257,0.019928379,0.037798274,-0.014431369,0.9989824
16.80839987499985,1762753312.73257,-0.0010210574,1.6073716,0.08222991,0.01743815,0.03647916,-0.014228306,0.99908096
16.828655708332917,1762753312.7528257,-0.00050108135,1.6068763,0.08214903,0.014743836,0.034742203,-0.013949782,0.99919015
16.845408458333623,1762753312.7695785,-4.5269728e-05,1.6065207,0.082080424,0.01277997,0.033286408,-0.013515832,0.99927276
16.862774166666895,1762753312.7869442,0.00043895343,1.606205,0.08199697,0.011088305,0.03186921,-0.012897757,0.99934727
16.88021695833322,1762753312.804387,0.00093743205,1.6059252,0.081894994,0.009785729,0.030582326,-0.012229625,0.99940956
16.89765729166629,1762753312.8218274,0.001431495,1.6056442,0.08187133,0.008654596,0.029465493,-0.011482522,0.99946237
16.91515104166683,1762753312.8393211,0.0019271076,1.6053048,0.08193886,0.007400584,0.028572453,-0.010597882,0.99950814
16.932726625000214,1762753312.8568966,0.002438004,1.6048831,0.0820473,0.0059356247,0.027962442,-0.009601583,0.9995452
16.961041374999695,1762753312.8852115,0.00331226,1.6040775,0.08224088,0.003408717,0.027455974,-0.008169208,0.99958384
16.978503499999533,1762753312.9026735,0.003879505,1.6035554,0.0823635,0.001889859,0.027374249,-0.007552841,0.999595
16.995062333333408,1762753312.9192324,0.0044196844,1.6030885,0.08250135,0.0005625309,0.027394375,-0.0072987974,0.9995979
17.012067333333107,1762753312.9362373,0.004982047,1.6026725,0.08267397,-0.00060071546,0.027502963,-0.007271087,0.9995951
17.029500749999897,1762753312.9536707,0.0055892416,1.6023179,0.08288317,-0.0015682982,0.027716722,-0.00721865,0.99958855
17.046886875000382,1762753312.971057,0.0062435293,1.6020237,0.08313566,-0.0022803692,0.028030459,-0.006994274,0.99958
17.064273125,1762753312.9884431,0.0069581345,1.6017731,0.083438516,-0.0027659496,0.02832506,-0.006720148,0.99957234
17.09508404166627,1762753313.019254,0.008388646,1.6014601,0.08410621,-0.0033013772,0.028280634,-0.006729312,0.9995719
17.112490666666417,1762753313.0366607,0.0092748655,1.6013972,0.08448749,-0.0030640715,0.027933111,-0.0069115376,0.9995812
17.130062250000265,1762753313.0542324,0.010214917,1.601385,0.08486688,-0.0026552351,0.027443847,-0.0071013113,0.9995946
17.147553249999874,1762753313.0717232,0.0111805005,1.6014128,0.085252695,-0.0022541697,0.02680549,-0.0074370434,0.9996105
17.165296999999555,1762753313.089467,0.012182298,1.6015025,0.0856409,-0.0016963239,0.025999242,-0.007985073,0.9996286
17.189805208333382,1762753313.1139753,0.013607587,1.6016438,0.08617919,-0.000616972,0.024739135,-0.008844083,0.9996546
17.20617191666679,1762753313.130342,0.014581042,1.6016668,0.08657407,-0.0001647902,0.023846725,-0.009328354,0.9996721
17.229162749999887,1762753313.1533327,0.01594592,1.6015564,0.08721494,-0.00025346462,0.022471394,-0.010145373,0.99969596
17.24673845833331,1762753313.1709085,0.016980566,1.6013466,0.087759495,-0.0007982561,0.021274732,-0.010957677,0.9997133
17.26352333333307,1762753313.1876934,0.017963767,1.6010418,0.0883019,-0.0016063881,0.019971268,-0.011880969,0.9997287
17.280877999999575,1762753313.205048,0.018992081,1.6006747,0.08886826,-0.0026383207,0.018418733,-0.012792781,0.999745
17.29860854166691,1762753313.2227786,0.020038532,1.6003917,0.089374736,-0.0033201848,0.01655022,-0.01366424,0.99976414
17.31602816666691,1762753313.2401981,0.021028914,1.6003084,0.08974123,-0.0034189362,0.01433631,-0.01448539,0.9997865
17.33345670833296,1762753313.2576268,0.02197421,1.6003954,0.08999026,-0.0030919204,0.011776694,-0.015187293,0.9998106
17.360221958333568,1762753313.2843919,0.023334345,1.6007079,0.09016578,-0.0020849882,0.007581051,-0.015740028,0.9998452
17.37762766666674,1762753313.3017976,0.02414915,1.6009704,0.09017956,-0.0014776621,0.0050815535,-0.015451782,0.9998666
17.39406925000003,1762753313.3182392,0.024865057,1.6012322,0.090100646,-0.0010036575,0.0030669286,-0.014848235,0.99988455
17.41157262500019,1762753313.3357427,0.02558665,1.6014924,0.08986986,-0.000594185,0.0013368737,-0.014261537,0.99989724
17.429722500000025,1762753313.3538926,0.026306884,1.6017325,0.08943321,-0.00029062678,3.6778936e-05,-0.013818796,0.9999045
17.44681541666705,1762753313.3709855,0.026977416,1.6019049,0.08885872,-0.00026184245,-0.000671515,-0.013460837,0.99990916
17.464240624999547,1762753313.3884106,0.027664812,1.6020098,0.088117294,-0.00077497424,-0.0008887859,-0.0130253965,0.99991447
17.481763750000027,1762753313.4059339,0.02828665,1.6020476,0.08725017,-0.0019073159,-0.00075638073,-0.01284977,0.9999153
17.499708083333644,1762753313.4238782,0.028855039,1.6020303,0.08622064,-0.0035876655,-0.00044410373,-0.013110652,0.99990755
17.525472083333625,1762753313.4496422,0.029713169,1.601881,0.08437878,-0.006711154,0.00015694182,-0.013246097,0.99988973
17.544071791666283,1762753313.4682417,0.030412227,1.6016573,0.082755625,-0.009518363,0.0005514181,-0.013041666,0.9998695
17.56592566666677,1762753313.4900956,0.031312242,1.6013004,0.08057707,-0.013516697,0.00077681174,-0.012721602,0.99982744
17.583354374999544,1762753313.5075245,0.03208577,1.6009802,0.078644454,-0.017165463,0.00073990005,-0.0124608,0.99977475
17.59980208333309,1762753313.523972,0.03283964,1.6006641,0.07664794,-0.020705732,0.0004688169,-0.012478252,0.99970764
17.62827495833335,1762753313.552445,0.034154195,1.6000496,0.07279186,-0.027099703,-0.0005642662,-0.012837192,0.99955016
17.64564650000011,1762753313.5698166,0.03494818,1.5996273,0.07018613,-0.03157624,-0.0013936062,-0.012853584,0.9994177
17.663160041666742,1762753313.58733,0.035721738,1.5991745,0.06734872,-0.036528733,-0.0023226838,-0.012708155,0.9992491
17.680735666666806,1762753313.6049056,0.036494844,1.5986682,0.06431925,-0.0419307,-0.0033434012,-0.012383697,0.99903816
17.69856824999988,1762753313.6227384,0.037264038,1.5980384,0.061056554,-0.047964938,-0.0044140983,-0.011875617,0.9987687
17.715958708333346,1762753313.6401286,0.037954886,1.5972359,0.057641923,-0.05453696,-0.005415313,-0.0111179985,0.99843514
17.733398583332928,1762753313.6575687,0.03857463,1.5962118,0.0539819,-0.062027708,-0.0063440264,-0.010249309,0.9980017
17.750580833333515,1762753313.6747508,0.039098848,1.5949582,0.0501365,-0.07033255,-0.007142396,-0.009327927,0.9974544
17.767317625000032,1762753313.6914876,0.039542705,1.5934286,0.04620844,-0.07946235,-0.0077491864,-0.008245457,0.99677366
17.795468125000298,1762753313.719638,0.040110286,1.5900122,0.039189868,-0.097686134,-0.008096353,-0.005645463,0.9951683
17.81294749999961,1762753313.7371175,0.04032035,1.5872928,0.03456075,-0.11108366,-0.0078254035,-0.003540553,0.99377394
17.8292983333331,1762753313.7534683,0.040406186,1.5843043,0.030073762,-0.12521523,-0.0073441677,-0.0015675987,0.9921012
17.846749125000315,1762753313.770919,0.04038251,1.5806277,0.025193155,-0.14211358,-0.006752586,0.00014676622,0.98982733
17.86414970833357,1762753313.7883198,0.040267475,1.5764863,0.020321786,-0.16064453,-0.0060762353,0.0015360032,0.9869924
17.89195866666705,1762753313.8161287,0.040045623,1.5691403,0.012795985,-0.19206583,-0.004456426,0.003933985,0.9813641
17.910532541666726,1762753313.8347025,0.03984677,1.5639898,0.007745683,-0.21280286,-0.003052064,0.0054501593,0.9770752
17.930683208332994,1762753313.8548532,0.039563,1.5583131,0.0021394491,-0.23430651,-0.0015701301,0.006483039,0.9721399
17.959214749999774,1762753313.8833847,0.039093032,1.5502548,-0.005817473,-0.26297653,0.00032129706,0.007309616,0.9647745
17.97729158333368,1762753313.9014616,0.03878827,1.5452523,-0.010716915,-0.28001368,0.0015201462,0.008030315,0.95996124
17.997856541666806,1762753313.9220266,0.03847532,1.5397617,-0.01606208,-0.29837218,0.0027834638,0.009006002,0.95440304
18.027553458333387,1762753313.9517236,0.038132545,1.5322914,-0.023347437,-0.32295203,0.0037717489,0.0098195225,0.9463569
18.04507829166687,1762753313.9692483,0.038010262,1.5281887,-0.027536225,-0.33577803,0.0040266025,0.0100251855,0.94187915
18.06321195833334,1762753313.987382,0.037945632,1.5242167,-0.03184098,-0.34748054,0.00416074,0.010223956,0.93762225
18.080654749999667,1762753314.0048249,0.038020495,1.5206589,-0.035876103,-0.35755253,0.0040559964,0.010351646,0.93382686
18.097529416666475,1762753314.0216994,0.038214277,1.5174099,-0.039567173,-0.36669743,0.003587577,0.010357266,0.9302757
18.115011291666633,1762753314.0391812,0.03845054,1.5141839,-0.043127306,-0.3760403,0.0026471424,0.010334441,0.92654186
18.13287762500022,1762753314.0570476,0.038740043,1.5110599,-0.046556104,-0.3853065,0.0015376308,0.010704981,0.92272526
18.1494783750004,1762753314.0736485,0.039030712,1.5083411,-0.049694777,-0.39319238,0.00063578825,0.011517056,0.9193839
18.166449583332906,1762753314.0906196,0.039345536,1.5057727,-0.05280608,-0.4001849,-0.00015706134,0.012468881,0.9163496
18.195028250000178,1762753314.1191983,0.039888073,1.5017369,-0.05775976,-0.41042256,-0.0014342404,0.013924739,0.91178805
18.21244258333354,1762753314.1366127,0.040213253,1.4993647,-0.060587823,-0.41656467,-0.0021978377,0.014676915,0.90898496
18.230644833332917,1762753314.154815,0.040524106,1.4969332,-0.06340796,-0.42316207,-0.0029094643,0.015284381,0.9059204
18.248848916666248,1762753314.173019,0.040794082,1.4945245,-0.06623447,-0.42952922,-0.0032169828,0.015819535,0.9029087
18.271246499999506,1762753314.1954165,0.041063383,1.4915336,-0.06988931,-0.43645602,-0.0026687034,0.016619844,0.89956814
18.295836000000236,1762753314.220006,0.04126949,1.4879351,-0.07397658,-0.44325984,-0.0012551879,0.017392283,0.89622355
18.31334549999974,1762753314.2375154,0.04138476,1.4851483,-0.076744735,-0.44843128,-0.00015740372,0.017787354,0.89364034
18.330743999999868,1762753314.254914,0.041485224,1.482197,-0.07929332,-0.45438778,0.0008025473,0.018131029,0.8906191
18.34832112499953,1762753314.2724912,0.041579917,1.4790301,-0.08165395,-0.4614055,0.0016702287,0.018583966,0.88699317
18.36711216666663,1762753314.2912822,0.041695874,1.4754665,-0.08395994,-0.46961206,0.0028080805,0.019445747,0.88265425
18.391715958333407,1762753314.315886,0.04184278,1.4706528,-0.08683233,-0.48040113,0.0048363614,0.021126542,0.8767811
18.410534083333005,1762753314.3347042,0.041938867,1.466965,-0.088981986,-0.48852408,0.00665214,0.02265943,0.8722308
18.42793245833309,1762753314.3521025,0.042019997,1.4636048,-0.09089284,-0.49608412,0.008473967,0.024221709,0.8678952
18.445381208332947,1762753314.3695512,0.04208736,1.4603169,-0.092732966,-0.50365436,0.010400642,0.025857616,0.8634556
18.462855583333294,1762753314.3870256,0.042127512,1.4571425,-0.094537675,-0.5109345,0.012419566,0.027544003,0.8590885
18.480413624999528,1762753314.4045837,0.042207506,1.454064,-0.0961985,-0.517722,0.014661094,0.029282728,0.85492194
18.50857308333343,1762753314.432743,0.042264182,1.449445,-0.098722816,-0.52734196,0.01932589,0.03225043,0.84882087
18.541505625000354,1762753314.4656756,0.04183251,1.4445573,-0.10187287,-0.53691846,0.027509732,0.036071736,0.84241354
18.55976825000016,1762753314.4839382,0.041344773,1.4420108,-0.10369796,-0.5416287,0.033188708,0.03823945,0.83909154
18.577287250000154,1762753314.5014572,0.040755365,1.4396386,-0.10543758,-0.545754,0.039034117,0.040146865,0.83607244
18.594643124999493,1762753314.5188131,0.04005806,1.437307,-0.1071617,-0.54944855,0.04500717,0.041803304,0.83326656
18.612146749999738,1762753314.5363169,0.03922712,1.4349264,-0.10893042,-0.55283195,0.051080316,0.043227617,0.83060163
18.629622666666364,1762753314.5537927,0.03827989,1.4325099,-0.110688865,-0.55589783,0.057059865,0.04445183,0.8280977
18.647159250000186,1762753314.5713294,0.03723012,1.4300389,-0.11241859,-0.5587551,0.06282668,0.04550002,0.8256969
18.665399083332886,1762753314.589569,0.036049254,1.4274167,-0.1141584,-0.5615065,0.06832183,0.046431027,0.8233388
18.692129916667,1762753314.6162999,0.03420253,1.4237007,-0.11620897,-0.56503725,0.075342156,0.047730163,0.82023066
18.71052520833291,1762753314.6346953,0.032814953,1.4211601,-0.11748354,-0.56727,0.07946711,0.04874046,0.81823844
18.72820049999973,1762753314.6523705,0.03135133,1.4187329,-0.11874032,-0.56956804,0.08273201,0.049720522,0.816257
18.745616125000197,1762753314.6697862,0.029773202,1.4164217,-0.12001699,-0.5721791,0.08518937,0.050666563,0.8141172
18.76328991666651,1762753314.68746,0.028018543,1.4141945,-0.1213739,-0.5751373,0.08692552,0.05151237,0.81179285
18.779950208333503,1762753314.7041202,0.026233498,1.412274,-0.12273294,-0.57794064,0.08804911,0.05214813,0.8096373
18.801289833333612,1762753314.7254598,0.023705944,1.4099839,-0.1246562,-0.5812768,0.08910696,0.052722476,0.8070921
18.826185375000023,1762753314.7503555,0.02033627,1.4073367,-0.12718672,-0.58471763,0.08997051,0.053018678,0.80448717
18.84424349999972,1762753314.7684135,0.01757644,1.4053401,-0.12916137,-0.58678603,0.09044953,0.052953135,0.8029303
18.861865666666745,1762753314.7860358,0.014555727,1.4033318,-0.13113792,-0.5886323,0.09110677,0.05296012,0.8015028
18.879420291666975,1762753314.8035903,0.011221871,1.4013089,-0.13308066,-0.5905608,0.092405945,0.05352584,0.7998963
18.896831791666955,1762753314.8210018,0.0075294897,1.3992077,-0.13501489,-0.5926313,0.094629556,0.05478248,0.79801774
18.914686083333436,1762753314.838856,0.0032539666,1.3968076,-0.13716465,-0.59485173,0.09778556,0.056429446,0.7958675
18.932158333333064,1762753314.8563282,-0.0013982207,1.3940923,-0.13961619,-0.5970113,0.10149714,0.05792584,0.79367524
18.949553749999723,1762753314.8737237,-0.0064364052,1.3909142,-0.14253019,-0.5990423,0.10548698,0.05899428,0.7915432
18.96705366666629,1762753314.8912237,-0.011766687,1.3872147,-0.14593375,-0.601041,0.10945214,0.0593432,0.78946084
18.99904995833367,1762753314.92322,-0.02200166,1.378769,-0.15313894,-0.6055703,0.11682025,0.058813218,0.7849705
19.024756916666774,1762753314.948927,-0.030491658,1.3700113,-0.1595918,-0.610129,0.122906975,0.05781483,0.78057283
19.043049083333244,1762753314.967219,-0.03653363,1.3625324,-0.16445899,-0.6135107,0.12703855,0.05667011,0.7773379
19.061663416666306,1762753314.9858334,-0.04257761,1.3537908,-0.16960591,-0.6168572,0.13101126,0.055116437,0.77413535
19.079088624999713,1762753315.0032587,-0.047955442,1.3446939,-0.17454427,-0.6197668,0.13464552,0.053366438,0.77130526
19.097177583333178,1762753315.0213475,-0.053188577,1.3343917,-0.17975777,-0.6227877,0.1384392,0.051353935,0.76833117
19.114520041666765,1762753315.03869,-0.057891265,1.3236645,-0.18483931,-0.6258292,0.14215486,0.049398184,0.7653037
19.130977625000014,1762753315.0551476,-0.06204796,1.3127267,-0.18975931,-0.62878674,0.14556871,0.047546383,0.76234925
19.148518333333413,1762753315.0726883,-0.066164576,1.300315,-0.19513518,-0.6317516,0.14890179,0.04552994,0.7593715
19.16615499999989,1762753315.090325,-0.069984734,1.2872185,-0.2006532,-0.6345588,0.15156704,0.043228988,0.7566332
19.19261962499968,1762753315.1167896,-0.074977405,1.2669315,-0.2089381,-0.6387088,0.15329212,0.039208822,0.75300425
19.21042637499977,1762753315.1345963,-0.07790846,1.253028,-0.21436244,-0.6415985,0.15292196,0.03674334,0.75074375
19.22757662499953,1762753315.1517467,-0.08049257,1.2395303,-0.21938998,-0.644422,0.1519021,0.03527605,0.74859977
19.24505820833292,1762753315.1692283,-0.08294119,1.2257007,-0.22428155,-0.6472557,0.15070997,0.034974903,0.7464069
19.265707416666373,1762753315.1898775,-0.08564409,1.2093494,-0.22973572,-0.6506112,0.14980835,0.036387224,0.74359834
19.29230270833341,1762753315.2164726,-0.088831566,1.1881474,-0.23618536,-0.65379673,0.15002692,0.040111866,0.7405625
19.31065254166697,1762753315.2348225,-0.090822384,1.1734109,-0.24028665,-0.6547737,0.15028186,0.04268868,0.7395029
19.33986670833292,1762753315.2640367,-0.093655966,1.1501607,-0.2461837,-0.65603226,0.14899957,0.045703895,0.73846596
19.359012791666828,1762753315.2831829,-0.09526822,1.1353148,-0.24956656,-0.65754986,0.14767207,0.047490094,0.73726916
19.376848708333455,1762753315.3010187,-0.09659805,1.1217753,-0.25235343,-0.6593747,0.14678735,0.04926249,0.7356981
19.39402170833364,1762753315.3181918,-0.09776678,1.1090045,-0.2546898,-0.6610669,0.14606151,0.050799172,0.734218
19.411521791666928,1762753315.3356917,-0.098882236,1.0962474,-0.2567147,-0.662789,0.14494196,0.051771354,0.73281807
19.428063125000335,1762753315.3522332,-0.099883415,1.0844433,-0.25828034,-0.6644952,0.14323524,0.052205954,0.73157656
19.445500166666534,1762753315.3696702,-0.10088212,1.0722994,-0.25958502,-0.6664807,0.14106597,0.0525207,0.7301681
19.463024833333293,1762753315.3871949,-0.1018292,1.060405,-0.260566,-0.66872,0.13894083,0.053173024,0.728479
19.481829958333037,1762753315.406,-0.10281914,1.0480359,-0.26122588,-0.671487,0.13689566,0.054570638,0.7262141
19.49938733333329,1762753315.4235573,-0.10374138,1.0367573,-0.2615189,-0.67417395,0.13520071,0.056463324,0.7238938
19.52845204166624,1762753315.4526222,-0.105281904,1.0185084,-0.26153404,-0.6786115,0.13260233,0.060277455,0.7199095
19.54671104166664,1762753315.470881,-0.10628554,1.0073528,-0.261312,-0.6811902,0.13135107,0.0631478,0.7174533
19.56421649999993,1762753315.4883866,-0.107303046,0.99686116,-0.26099616,-0.68328434,0.13048664,0.06607939,0.7153526
19.58161737499995,1762753315.5057874,-0.108360335,0.9866287,-0.2606275,-0.68493944,0.12975107,0.06886361,0.7136389
19.60836137499973,1762753315.5325315,-0.11005561,0.9711455,-0.25994784,-0.6867105,0.12886134,0.072714,0.7117135
19.624940458333185,1762753315.5491104,-0.11113764,0.96163934,-0.25942427,-0.68747765,0.12862606,0.074984655,0.71077925
19.644025083332963,1762753315.568195,-0.112386584,0.95076174,-0.25869155,-0.6881336,0.12861902,0.07742116,0.70988405
19.661172875000375,1762753315.585343,-0.11350288,0.9410247,-0.2578833,-0.6885781,0.128743,0.07932717,0.70921975
19.678958166666234,1762753315.6031282,-0.11460354,0.93097967,-0.25684917,-0.6889656,0.12891547,0.0809684,0.70862633
19.696347250000144,1762753315.6205173,-0.11561888,0.92120904,-0.25564188,-0.6892886,0.1289889,0.0822141,0.7081553
19.713888166666948,1762753315.6380582,-0.116587065,0.91139424,-0.2542463,-0.689569,0.12882444,0.08311877,0.70780647
19.732762499999808,1762753315.6569326,-0.11752393,0.90089124,-0.25254184,-0.68976104,0.12856643,0.08384505,0.70758075
19.76040341666703,1762753315.6845734,-0.11863319,0.88567936,-0.24964315,-0.6898079,0.12853554,0.08474929,0.70743287
19.777510583333424,1762753315.7016807,-0.1191486,0.8764382,-0.24758977,-0.6897232,0.12859833,0.085182145,0.7074521
19.79702875000021,1762753315.7211988,-0.11946419,0.866225,-0.24493152,-0.6897563,0.1284954,0.08547104,0.7074036
19.814094624999598,1762753315.7382646,-0.1195364,0.85767627,-0.24234867,-0.6898974,0.12827761,0.085632056,0.70728606
19.83218024999951,1762753315.7563503,-0.1194892,0.8490699,-0.23941545,-0.69018793,0.12805335,0.08578347,0.7070249
19.849862250000115,1762753315.7740324,-0.119314894,0.84122753,-0.23636907,-0.69060016,0.1279916,0.086086914,0.70659655
19.86740479166656,1762753315.7915747,-0.119009554,0.8341434,-0.23318374,-0.69103754,0.12789854,0.08651301,0.70613354
19.893118291666724,1762753315.8172884,-0.11835249,0.8253249,-0.2283144,-0.6915735,0.12700646,0.08712944,0.7056939
19.910704041666577,1762753315.8348742,-0.1176952,0.8205194,-0.224953,-0.6917652,0.12610595,0.08762871,0.70560575
19.928627250000318,1762753315.8527973,-0.11690734,0.816653,-0.22160745,-0.69161725,0.1255065,0.08833007,0.7057702
19.946545333333233,1762753315.8707154,-0.11614513,0.813756,-0.2184333,-0.6908016,0.12545617,0.08911142,0.7064794
19.96589741666685,1762753315.8900673,-0.1153346,0.8116577,-0.21524352,-0.6889774,0.12571914,0.08976471,0.70812935
19.992415208333114,1762753315.9165852,-0.113956764,0.8107136,-0.21135324,-0.68534064,0.12557471,0.090215385,0.7116181
20.010187416666668,1762753315.9343574,-0.11292933,0.8110745,-0.20906758,-0.6821738,0.12515253,0.09041752,0.7147031
20.028030749999743,1762753315.9522007,-0.11190796,0.8120278,-0.20702147,-0.67836994,0.12461243,0.0906113,0.718384
20.045378083333162,1762753315.969548,-0.11097282,0.81343126,-0.20525026,-0.674111,0.12391821,0.0907403,0.72248524
20.062845583333,1762753315.9870155,-0.110101976,0.8152646,-0.2036504,-0.6693918,0.12305059,0.090770274,0.7270034
20.080259541666237,1762753316.0044296,-0.10919178,0.8176771,-0.20219648,-0.6644124,0.12218846,0.090839475,0.7316928
20.098546166666893,1762753316.0227163,-0.1081602,0.82083005,-0.20073473,-0.65911096,0.12146915,0.09116745,0.7365504
20.127286666666805,1762753316.0514567,-0.10653691,0.8267772,-0.19836766,-0.6514445,0.120417155,0.09221708,0.7433813
20.14475183333343,1762753316.0689218,-0.10557012,0.8309528,-0.1968751,-0.6473866,0.119527854,0.09295534,0.74696916
20.165637625000272,1762753316.0898077,-0.10445015,0.83633757,-0.19508171,-0.64302635,0.11825204,0.09376466,0.7508274
20.193013999999494,1762753316.117184,-0.10292582,0.8438736,-0.19279033,-0.63821936,0.11640625,0.094835475,0.75507075
20.210611291666282,1762753316.1347814,-0.10197626,0.84866637,-0.1913532,-0.6358106,0.11522491,0.095621094,0.75718206
20.23181845833369,1762753316.1559885,-0.10090357,0.8541825,-0.18960977,-0.63378936,0.11371656,0.09663916,0.7589733
20.259965125000235,1762753316.1841352,-0.099593975,0.8609554,-0.18713845,-0.63313514,0.11130637,0.09787797,0.7597175
20.2770265416666,1762753316.2011967,-0.09870344,0.86498946,-0.18552387,-0.63401085,0.1098492,0.09863593,0.75910103
20.299353249999513,1762753316.2235234,-0.09746203,0.870365,-0.18326187,-0.6364292,0.10819492,0.09966656,0.75717795
20.316711041666167,1762753316.240881,-0.0966093,0.8745838,-0.1814134,-0.6390017,0.107050866,0.10042075,0.7550713
20.334128833333125,1762753316.2582989,-0.09582122,0.8789825,-0.17954344,-0.64188045,0.10623006,0.10121894,0.752635
20.3652225416663,1762753316.2893925,-0.094064996,0.88752854,-0.17601007,-0.648632,0.106241435,0.104062855,0.74643165
20.388272083333504,1762753316.312442,-0.092848465,0.8942809,-0.1735403,-0.6547167,0.10542749,0.10680014,0.74082714
20.4057527916666,1762753316.329923,-0.09206687,0.89930135,-0.17187947,-0.6593084,0.10461776,0.10892011,0.7365487
20.426930916666606,1762753316.351101,-0.09113443,0.90484405,-0.16998345,-0.664856,0.10465674,0.112161376,0.7310495
20.44480941666643,1762753316.3689795,-0.09026922,0.9089032,-0.16841948,-0.66995007,0.10554489,0.11535752,0.72575474
20.462430458333074,1762753316.3866005,-0.08946155,0.9122726,-0.1670298,-0.67513674,0.10579253,0.11803826,0.7204619
20.479941749999853,1762753316.4041119,-0.088695325,0.9150616,-0.16600299,-0.6800569,0.105164565,0.12008993,0.7155708
20.496942208333166,1762753316.4211123,-0.087998204,0.9172248,-0.16542017,-0.6842525,0.10464177,0.1220803,0.7112981
20.514618041666836,1762753316.4387882,-0.08743417,0.9188334,-0.16515136,-0.688058,0.10464361,0.12421599,0.7072456
20.53202866666652,1762753316.4561987,-0.08708026,0.9197626,-0.16514981,-0.6915066,0.10516807,0.12584792,0.7035059
20.54942741666673,1762753316.4735975,-0.0869,0.9200077,-0.1653338,-0.6948982,0.1060225,0.12675887,0.69986284
20.56686608333348,1762753316.4910362,-0.08684102,0.9195334,-0.16561848,-0.69859004,0.10689872,0.12691775,0.6960149
20.590939374999834,1762753316.5151093,-0.086858764,0.91764,-0.16611105,-0.704156,0.10780623,0.12569416,0.6904659
20.608361458333093,1762753316.5325315,-0.08696452,0.91530925,-0.16655618,-0.7082241,0.108663164,0.12385857,0.6864911
20.630520083333067,1762753316.5546901,-0.087171,0.9112267,-0.16735476,-0.7129955,0.11010643,0.120875314,0.68183804
20.64789645833298,1762753316.5720665,-0.08731386,0.907255,-0.1682092,-0.7161809,0.111328825,0.11830751,0.6787445
20.66550612500032,1762753316.5896761,-0.08736819,0.90265477,-0.16922086,-0.7190829,0.11228873,0.115693115,0.67596316
20.693058041666518,1762753316.617228,-0.086972214,0.8946803,-0.17084633,-0.72381866,0.11268765,0.11192582,0.67146164
20.710482874999798,1762753316.6346529,-0.08649945,0.8891889,-0.1718539,-0.7271143,0.11238443,0.109801404,0.66829497
20.729073624999728,1762753316.6532435,-0.08590231,0.88293314,-0.172962,-0.73058736,0.11176572,0.10783263,0.6649231
20.748784708333005,1762753316.6729548,-0.08522381,0.87584907,-0.17423445,-0.73392075,0.11108969,0.10618314,0.6616227
20.7729413750003,1762753316.6971114,-0.0844179,0.86653984,-0.17589808,-0.73748773,0.11045725,0.104635686,0.65799874
20.7930685416668,1762753316.7172387,-0.083732575,0.8584211,-0.17722839,-0.7401775,0.109778136,0.103218816,0.6553105
20.810504833333653,1762753316.734675,-0.08312112,0.8510759,-0.17833406,-0.74222255,0.10924456,0.10189138,0.65329134
20.828593166666906,1762753316.7527633,-0.08248837,0.8430941,-0.1794368,-0.7440257,0.10914609,0.100503944,0.651469
20.847109999999702,1762753316.77128,-0.08182818,0.834634,-0.18046016,-0.7457498,0.109413445,0.098875396,0.6496996
20.865144916666395,1762753316.789315,-0.08115951,0.8261945,-0.18133867,-0.74759835,0.10931872,0.09682787,0.647897
20.882545708333055,1762753316.8067157,-0.08045456,0.81792325,-0.1820485,-0.7496899,0.10848471,0.09447073,0.6459656
20.900019333333148,1762753316.8241894,-0.07966275,0.8096471,-0.18254083,-0.75206774,0.10733672,0.09199201,0.6437472
20.925388333333103,1762753316.8495584,-0.07838302,0.7976974,-0.18298185,-0.7555626,0.1060029,0.08853955,0.64035094
20.94520300000022,1762753316.869373,-0.077327356,0.7882835,-0.18328828,-0.7582166,0.104802236,0.08581151,0.63777775
20.969780666666338,1762753316.8939507,-0.07602231,0.7765597,-0.18359143,-0.7613251,0.10294779,0.082657345,0.6347862
20.993072624999513,1762753316.9172425,-0.074819915,0.76554656,-0.18375884,-0.76417136,0.10141126,0.080252305,0.6319158
21.01050000000032,1762753316.93467,-0.073986664,0.7574035,-0.18380743,-0.7663766,0.10024149,0.07872457,0.6296198
21.028309749999607,1762753316.9524798,-0.073211335,0.7491565,-0.18380761,-0.76864463,0.09906267,0.0774424,0.62719595
21.04578912499983,1762753316.9699593,-0.072521694,0.741135,-0.18377805,-0.77074975,0.0980654,0.07637702,0.62489575
21.0634666666665,1762753316.9876366,-0.07190893,0.7331366,-0.1837427,-0.7727969,0.09728366,0.07544844,0.622598
21.081225708333477,1762753317.0053957,-0.07134323,0.72533506,-0.18368614,-0.77476543,0.09677807,0.07460332,0.62032807
21.09862941666688,1762753317.0227995,-0.07082974,0.7179589,-0.18361466,-0.7766308,0.09654413,0.073745005,0.61813056
21.11599333333288,1762753317.0401633,-0.0703915,0.71086586,-0.18353069,-0.77850205,0.09642165,0.07274651,0.6159102
21.133418416666245,1762753317.0575883,-0.070022605,0.7040846,-0.1834255,-0.7804323,0.09639721,0.07153655,0.6136086
21.151296541666852,1762753317.0754666,-0.06970402,0.697548,-0.1833234,-0.7823677,0.09655931,0.07011881,0.61127764
21.168726750000133,1762753317.0928967,-0.069431886,0.6916543,-0.1832828,-0.7841186,0.0967986,0.06864608,0.6091598
21.196107374999883,1762753317.1202774,-0.0689809,0.6837076,-0.18339056,-0.7862291,0.09712622,0.06645527,0.6066252
21.213536958332952,1762753317.137707,-0.06868309,0.6796668,-0.18361539,-0.78726196,0.09733843,0.06536295,0.6053691
21.231932249999772,1762753317.1561022,-0.06836791,0.6764413,-0.18403089,-0.7881081,0.09740768,0.06459692,0.6043382
21.249336291666623,1762753317.1735063,-0.06808498,0.6745066,-0.18463528,-0.78860885,0.0971353,0.06421778,0.60376894
21.26675612500003,1762753317.190926,-0.067838304,0.6737538,-0.18547249,-0.788768,0.09669527,0.064232565,0.6036301
21.29490474999966,1762753317.2190747,-0.06748706,0.6755109,-0.18736726,-0.7879781,0.09619711,0.06518414,0.60463846
21.31233975000032,1762753317.2365098,-0.067366935,0.67839676,-0.18889785,-0.7866673,0.096230574,0.06616026,0.60623187
21.329755333333196,1762753317.2539253,-0.06735068,0.68259865,-0.19065613,-0.78473586,0.096673936,0.067254834,0.60853964
21.347565208333435,1762753317.2717352,-0.06740244,0.68825144,-0.1926353,-0.782251,0.097701386,0.06869831,0.61140686
21.365796000000046,1762753317.289966,-0.067553185,0.69547737,-0.19473432,-0.77947474,0.098998345,0.070175216,0.61456805
21.39248420833337,1762753317.3166542,-0.067958646,0.7088434,-0.19764912,-0.7755859,0.10088135,0.07174022,0.61898535
21.41043608333348,1762753317.3346062,-0.06826769,0.71952724,-0.19952875,-0.7730734,0.10211666,0.07255804,0.6218241
21.43049670833352,1762753317.3546667,-0.06863952,0.7329247,-0.20162529,-0.77004415,0.10353113,0.073329024,0.62524885
21.44789579166627,1762753317.3720658,-0.06900568,0.7457957,-0.2034043,-0.76733536,0.10486292,0.07389694,0.62828296
21.465345499999785,1762753317.3895154,-0.06938451,0.75990635,-0.20505571,-0.7646761,0.10623157,0.074464,0.63122135
21.48274291666621,1762753317.406913,-0.06971443,0.7753728,-0.20652395,-0.76208174,0.10749974,0.075097665,0.63406277
21.50015595833338,1762753317.424326,-0.06998868,0.7921475,-0.20783699,-0.7594576,0.108686246,0.07588425,0.636909
21.528808583333557,1762753317.4529786,-0.070410766,0.82205003,-0.20966917,-0.7546861,0.110484205,0.077356696,0.6420733
21.54623195833301,1762753317.470402,-0.07062726,0.84169865,-0.21052605,-0.751462,0.11101865,0.0781357,0.6456582
21.563744791666977,1762753317.4879148,-0.07078359,0.8626426,-0.21120803,-0.74787164,0.11104914,0.078924,0.64971316
21.581296833333,1762753317.505467,-0.07088351,0.8849116,-0.21171808,-0.7436195,0.11125875,0.07998509,0.6544112
21.599044083332956,1762753317.523214,-0.07098169,0.90859586,-0.21206856,-0.7384334,0.111780435,0.08120416,0.6600206
21.62870270833355,1762753317.5528727,-0.07126264,0.9502696,-0.21221042,-0.7275827,0.11257128,0.082851276,0.67162997
21.64798562499982,1762753317.5721557,-0.07153088,0.97844225,-0.21193814,-0.71863765,0.11362782,0.083916046,0.68088675
21.6654410000001,1762753317.589611,-0.0718305,1.0043718,-0.21140122,-0.7089593,0.115036756,0.08481223,0.6906158
21.682965375000094,1762753317.6071353,-0.07220814,1.0306544,-0.21049571,-0.6978878,0.116418615,0.08533708,0.7015105
21.700402958333143,1762753317.624573,-0.0726036,1.0569203,-0.20913649,-0.6858597,0.117382675,0.0853474,0.71311545
21.72700962500039,1762753317.6511796,-0.07309314,1.0969346,-0.20599735,-0.66622066,0.11806781,0.08468888,0.73146284
21.744683416666703,1762753317.6688535,-0.073322594,1.1232733,-0.20316786,-0.6525121,0.11813129,0.08390309,0.7437966
21.764174750000166,1762753317.6883447,-0.07345795,1.1518798,-0.19941829,-0.63686943,0.117758155,0.08256724,0.7574384
21.781595916666447,1762753317.705766,-0.073437795,1.1769235,-0.19553775,-0.62233436,0.11695095,0.08087345,0.7697285
21.79917095833298,1762753317.723341,-0.073270604,1.2016153,-0.19120789,-0.6071303,0.11580103,0.07885163,0.7821543
21.82576179166699,1762753317.7499318,-0.072744615,1.2377214,-0.1841647,-0.58285075,0.11352703,0.07543735,0.80106544
21.844506624999667,1762753317.7686768,-0.07222804,1.2621474,-0.17900336,-0.564934,0.111149155,0.0725299,0.8143923
21.86190329166675,1762753317.7860732,-0.07164954,1.2839477,-0.17413586,-0.5479112,0.108527035,0.06956282,0.8265447
21.879551583333523,1762753317.8037217,-0.07093172,1.3051924,-0.16921288,-0.5304118,0.10503785,0.066218995,0.8385973
21.896968583333546,1762753317.8211386,-0.07004265,1.3252851,-0.16443957,-0.51315665,0.10028774,0.0628006,0.8500992
21.91462324999975,1762753317.8387933,-0.06891202,1.344701,-0.15960747,-0.49619034,0.09454205,0.059831124,0.86097455
21.932041083333388,1762753317.8562112,-0.06756411,1.3628699,-0.15475862,-0.48060033,0.088144265,0.057620395,0.87059397
21.949407166666788,1762753317.873577,-0.06601763,1.3799455,-0.14981443,-0.4663905,0.08090631,0.05602512,0.8790878
21.966810500000065,1762753317.8909805,-0.06429416,1.3959806,-0.14478368,-0.45331034,0.07269916,0.054983124,0.88668
21.99199299999964,1762753317.916163,-0.06147863,1.417403,-0.13757771,-0.43613863,0.059148666,0.05480385,0.8962595
22.009900333333462,1762753317.9340703,-0.0592909,1.431287,-0.13249189,-0.42513746,0.04849789,0.055537727,0.90212065
22.03782124999998,1762753317.9619913,-0.05578615,1.4506612,-0.12454832,-0.4101464,0.030557442,0.056416992,0.90976
22.058192499999677,1762753317.9823625,-0.05325218,1.4630238,-0.11880989,-0.3997189,0.016867949,0.056795526,0.914721
22.076791291666268,1762753318.0009613,-0.05097647,1.4730855,-0.11378789,-0.39028922,0.0039916253,0.056638926,0.9189398
22.094136916666685,1762753318.018307,-0.048955504,1.4813989,-0.10926146,-0.381646,-0.0081727225,0.05588317,0.9225815
22.11152312499962,1762753318.0356932,-0.047044087,1.4886302,-0.1047505,-0.37353197,-0.020076618,0.054837,0.9257774
22.12895695833322,1762753318.053127,-0.04527524,1.4948063,-0.10020536,-0.36662573,-0.03159239,0.05349767,0.9282917
22.14648870833298,1762753318.0706587,-0.043698236,1.4999881,-0.09561384,-0.360854,-0.042776108,0.051610313,0.9302102
22.166634958332907,1762753318.090805,-0.042196576,1.5047559,-0.090367325,-0.35483825,-0.055109013,0.048847258,0.932023
22.183996166666475,1762753318.1081662,-0.04113641,1.5080216,-0.085983284,-0.35012823,-0.065072335,0.046383232,0.9332869
22.215011041666912,1762753318.1391811,-0.03988643,1.5122313,-0.07842398,-0.34328407,-0.08063397,0.04309406,0.9347712
22.23232845833354,1762753318.1564984,-0.039613776,1.5138469,-0.07438856,-0.3403988,-0.08785451,0.041916277,0.935229
22.24885645833365,1762753318.1730266,-0.039670143,1.5150628,-0.070776954,-0.33793002,-0.093754746,0.04056795,0.9356108
22.26631612500023,1762753318.1904862,-0.040078394,1.516106,-0.0673309,-0.33507675,-0.09884839,0.0385628,0.93619734
22.290297041666236,1762753318.214467,-0.04110807,1.5174397,-0.06334758,-0.3303234,-0.103529274,0.03564028,0.9374955
22.307666458333188,1762753318.2318366,-0.042128842,1.5182548,-0.061112057,-0.3263161,-0.1052973,0.034342553,0.9387496
22.32674379166656,1762753318.2509139,-0.04344687,1.5188518,-0.059333563,-0.32195836,-0.106029354,0.033853084,0.9401886
22.344437749999997,1762753318.2686079,-0.044849783,1.5189846,-0.058318138,-0.31860918,-0.10604132,0.03393036,0.9413247
22.36180283333306,1762753318.2859728,-0.046366364,1.5185703,-0.057901025,-0.31653962,-0.105615966,0.034620687,0.9420453
22.37936816666661,1762753318.303538,-0.04779671,1.5174991,-0.057998538,-0.31556568,-0.10469954,0.03611686,0.94241816
22.396198416666266,1762753318.3203685,-0.0491688,1.5156245,-0.0584876,-0.31586787,-0.1033207,0.037954934,0.9423968
22.41367212499972,1762753318.3378422,-0.050823692,1.5125709,-0.05929304,-0.31815946,-0.101144746,0.04020171,0.94176865
22.431990291666807,1762753318.3561604,-0.05284061,1.5080823,-0.060376354,-0.32365227,-0.09765971,0.04307696,0.94013625
22.456855916666427,1762753318.381026,-0.05607307,1.4998736,-0.06218338,-0.33705005,-0.09023277,0.047924805,0.93592656
22.47427549999975,1762753318.3984456,-0.058650896,1.4928187,-0.06362581,-0.35056475,-0.0830228,0.051693484,0.93141794
22.49201345833353,1762753318.4161835,-0.06153539,1.484593,-0.065253556,-0.36750638,-0.074039616,0.05566451,0.9253965
22.510381583333583,1762753318.4345517,-0.06483911,1.4750013,-0.06711185,-0.38820094,-0.063193254,0.05970807,0.9174648
22.53162645833345,1762753318.4557965,-0.06907986,1.4627007,-0.06930214,-0.41570836,-0.04891381,0.06398279,0.9059251
22.558678249999502,1762753318.4828482,-0.0751527,1.4455986,-0.07171567,-0.45472944,-0.02840196,0.068414725,0.8875437
22.576833999999508,1762753318.501004,-0.07961511,1.4336017,-0.072978064,-0.48176262,-0.013598527,0.07067811,0.873341
22.59421783333346,1762753318.5183878,-0.08410816,1.4219611,-0.07396591,-0.5069659,0.0010328122,0.07247539,0.8589132
22.611764624999523,1762753318.5359347,-0.08880471,1.4102114,-0.07478142,-0.5309792,0.016131232,0.074161485,0.84397924
22.639393666666365,1762753318.5635636,-0.09644059,1.3922806,-0.075682655,-0.56536967,0.04000626,0.07663389,0.820295
22.661791708333112,1762753318.5859618,-0.10274774,1.3787622,-0.07615566,-0.58972657,0.0583276,0.07836974,0.8016724
22.679207250000218,1762753318.6033773,-0.10747065,1.3692789,-0.076572835,-0.6061202,0.07177583,0.08003358,0.7880743
22.69666104166663,1762753318.620831,-0.112019524,1.3606863,-0.07712811,-0.6199574,0.08474626,0.08241172,0.7756798
22.714120416666447,1762753318.6382904,-0.11647562,1.3528322,-0.07784055,-0.631092,0.09690619,0.085407734,0.76487756
22.731600250000156,1762753318.6557703,-0.12080698,1.345667,-0.07875252,-0.6397257,0.107913114,0.08874589,0.7557976
22.750195624999833,1762753318.6743658,-0.12523682,1.3387319,-0.07991928,-0.6464309,0.118144855,0.092477545,0.7480755
22.76756416666649,1762753318.691734,-0.1291849,1.3328341,-0.0811404,-0.65084445,0.12624103,0.09607494,0.7424516
22.794886916666655,1762753318.7190568,-0.1347043,1.3247327,-0.08293677,-0.6551821,0.13626182,0.10203041,0.7360428
22.81229820833323,1762753318.7364683,-0.1379057,1.3201447,-0.0839594,-0.6570107,0.14111814,0.106131405,0.7329112
22.829815625000265,1762753318.7539856,-0.14096352,1.3158774,-0.084879085,-0.6585826,0.14511307,0.110576995,0.7300575
22.847337208333556,1762753318.7715073,-0.14386779,1.3119106,-0.08564514,-0.6599974,0.14848693,0.11531864,0.7273628
22.88007745833329,1762753318.8042474,-0.14895456,1.3052423,-0.086628735,-0.6625041,0.15412131,0.12458663,0.72236633
22.89748516666623,1762753318.8216553,-0.1514459,1.3021493,-0.08673614,-0.663977,0.15694019,0.12952828,0.7195323
22.91508262499974,1762753318.8392527,-0.15387154,1.2992792,-0.086574554,-0.66534954,0.15953878,0.13426897,0.71681875
22.93251004166632,1762753318.8566802,-0.15631585,1.2966125,-0.08639157,-0.666423,0.1618931,0.1386206,0.71446157
22.95018491666633,1762753318.8743548,-0.15885751,1.2940603,-0.08623731,-0.6670194,0.16442382,0.14287153,0.712487
22.967695083333638,1762753318.891865,-0.16144224,1.2916747,-0.08611715,-0.66708916,0.16728522,0.14698629,0.7109168
22.98534441666652,1762753318.9095144,-0.1641216,1.2894967,-0.085950375,-0.6667937,0.17046203,0.15101877,0.70959294
23.002823791666742,1762753318.9269938,-0.16683231,1.2875141,-0.08573491,-0.66627365,0.17380343,0.15479665,0.7084559
23.02225137499954,1762753318.9464214,-0.16988777,1.2853793,-0.085482836,-0.6654917,0.17769332,0.15860735,0.7073822
23.039625833333048,1762753318.963796,-0.17264779,1.2834513,-0.08524799,-0.66458726,0.18116862,0.1615664,0.706681
23.05702304166698,1762753318.981193,-0.17541163,1.281426,-0.08500523,-0.66344255,0.18448973,0.16405454,0.706324
23.07514699999956,1762753318.999317,-0.17825864,1.2791983,-0.084737785,-0.6620654,0.18750581,0.16617794,0.70632565
23.09293658333354,1762753319.0171065,-0.1810212,1.2769986,-0.08442497,-0.6607113,0.19001238,0.16805515,0.7064796
23.110350124999968,1762753319.0345201,-0.18365677,1.274825,-0.08407575,-0.65951043,0.19209236,0.16992113,0.7065928
23.127661041666215,1762753319.051831,-0.18618037,1.2725164,-0.08371961,-0.6584525,0.19354941,0.17179541,0.7067285
23.145245875,1762753319.0694158,-0.1886806,1.2699289,-0.08335275,-0.6573555,0.19409288,0.17355862,0.7071698
23.162773000000016,1762753319.086943,-0.19114207,1.2670221,-0.083002865,-0.65605646,0.19394849,0.17518274,0.7080147
23.180310124999778,1762753319.10448,-0.19365592,1.2638462,-0.08263582,-0.65460545,0.19365188,0.17692378,0.7090055
23.19819970833305,1762753319.1223698,-0.19626169,1.260321,-0.08225036,-0.6532614,0.19362614,0.17905667,0.70971626
23.22201849999965,1762753319.1461885,-0.1996801,1.2550206,-0.081787765,-0.6521102,0.19420062,0.18249573,0.709742
23.239453708333713,1762753319.1636238,-0.20210995,1.2506659,-0.08151269,-0.65167135,0.19491097,0.18517493,0.70925623
23.256924499999514,1762753319.1810944,-0.20446639,1.2459314,-0.08133799,-0.6516798,0.19561964,0.18774405,0.7083775
23.275047000000086,1762753319.199217,-0.20680325,1.2406813,-0.08128834,-0.6522294,0.19622816,0.19015402,0.7070592
23.292681833333518,1762753319.216852,-0.20900379,1.2353932,-0.08138043,-0.65327746,0.19666506,0.19226506,0.7053975
23.31024137500026,1762753319.2344115,-0.21114041,1.2299819,-0.08161831,-0.6547058,0.19680035,0.19414209,0.7035188
23.328675291666514,1762753319.2528453,-0.21332644,1.224062,-0.08203685,-0.65635467,0.19654958,0.19583617,0.7015804
23.3461127916662,1762753319.2702827,-0.21535344,1.2182642,-0.08257235,-0.6577806,0.19614545,0.19725503,0.6999586
23.363653125000383,1762753319.2878232,-0.21733803,1.212332,-0.08320741,-0.6590234,0.19577767,0.19855353,0.698524
23.381019791666404,1762753319.3051898,-0.21925,1.2064868,-0.083908394,-0.6602867,0.19544344,0.19978662,0.69707143
23.39852350000001,1762753319.3226936,-0.22114997,1.2007788,-0.08467233,-0.66169137,0.19508769,0.20103556,0.69547826
23.41579937499955,1762753319.3399694,-0.22299553,1.1953509,-0.08547193,-0.66316277,0.19462277,0.2022282,0.6938594
23.4331804166668,1762753319.3573503,-0.22480138,1.1900312,-0.08630246,-0.6645153,0.19405855,0.20332985,0.6923999
23.45641491666629,1762753319.380585,-0.22713257,1.183182,-0.08745402,-0.66579664,0.19344333,0.20456026,0.6909773
23.473774416666856,1762753319.3979445,-0.22881223,1.1783189,-0.08835215,-0.6663932,0.19330847,0.20530456,0.6902188
23.491348166666285,1762753319.4155183,-0.2304496,1.1737005,-0.08924777,-0.6668189,0.19328482,0.20578906,0.6896698
23.51030300000002,1762753319.434473,-0.23213385,1.1690714,-0.0901937,-0.6670475,0.19318005,0.2059481,0.68943053
23.527747875000387,1762753319.451918,-0.23362535,1.1651062,-0.091078684,-0.6671295,0.19277129,0.20575644,0.68952286
23.545295291666662,1762753319.4694653,-0.23506798,1.161428,-0.091982245,-0.6670666,0.1919528,0.20529458,0.6899496
23.56267037500038,1762753319.4868405,-0.2364489,1.1581047,-0.09289247,-0.66687864,0.1908249,0.20477892,0.6905972
23.580087374999493,1762753319.5042574,-0.2377589,1.1551415,-0.09382157,-0.6665802,0.18958811,0.20440322,0.69133675
23.598662333332868,1762753319.5228324,-0.23912846,1.1523182,-0.09482801,-0.66610914,0.18832272,0.20428455,0.6921713
23.618814124999517,1762753319.5429842,-0.24069045,1.1495378,-0.09595722,-0.6653453,0.18706505,0.20437576,0.69321924
23.636277874999905,1762753319.560448,-0.24215068,1.1472992,-0.096991785,-0.6641494,0.1861563,0.2044808,0.69457835
23.65496066666674,1762753319.5791306,-0.24381782,1.1450613,-0.098171294,-0.66208977,0.18567789,0.20451553,0.6966594
23.672507083333585,1762753319.596677,-0.24544187,1.1431426,-0.09931213,-0.6595826,0.18573658,0.20445111,0.69903684
23.689940000000206,1762753319.61411,-0.24700771,1.1415539,-0.100446284,-0.65688646,0.18612592,0.20434065,0.70150006
23.707339541666443,1762753319.6315095,-0.24848081,1.1403611,-0.101537466,-0.65414137,0.18663909,0.20413682,0.7039838
23.724175583332908,1762753319.6483457,-0.24985234,1.1395991,-0.10249764,-0.65136826,0.18712862,0.20373376,0.70653725
23.74157604166703,1762753319.665746,-0.2511858,1.1393359,-0.103382334,-0.6484538,0.18763974,0.2031424,0.70924765
23.759032166666657,1762753319.6832023,-0.252414,1.1397436,-0.10414755,-0.64568377,0.18820128,0.20246878,0.7118139
23.777027416666897,1762753319.7011974,-0.253533,1.1411154,-0.1047678,-0.6429554,0.18894011,0.20171778,0.7142968
23.793885583333577,1762753319.7180555,-0.25443912,1.1433873,-0.105178535,-0.6405154,0.18975681,0.20090516,0.71649814
23.811225249999552,1762753319.7353952,-0.25524986,1.1467702,-0.10542518,-0.63818693,0.19042645,0.19989853,0.71867645
23.828605541666548,1762753319.7527757,-0.2559424,1.1513463,-0.10549927,-0.63603646,0.19065331,0.19867381,0.720859
23.845072583333604,1762753319.7692425,-0.2565109,1.1568489,-0.10544634,-0.63399124,0.1906922,0.19746184,0.7229802
23.86268687499978,1762753319.786857,-0.25707778,1.1640276,-0.105309054,-0.63147813,0.19099276,0.19629307,0.7254145
23.88008875000014,1762753319.8042588,-0.257591,1.1725366,-0.10517043,-0.62822145,0.19186856,0.1951486,0.728314
23.897426583333072,1762753319.8215966,-0.25808275,1.1823814,-0.10508293,-0.6237831,0.1933563,0.19375305,0.73209816
23.9244934999997,1762753319.8486636,-0.2589157,1.2000625,-0.10505075,-0.61354,0.19693446,0.1906989,0.7405535
23.941907041667037,1762753319.866077,-0.25937867,1.212934,-0.1050948,-0.6046344,0.1998788,0.18819214,0.74769604
23.960204375000103,1762753319.8843744,-0.25965786,1.2277145,-0.10510802,-0.59358525,0.2032384,0.18520623,0.75633943
23.977605916667017,1762753319.9017758,-0.2595361,1.2430152,-0.105008066,-0.5817501,0.20635056,0.18199173,0.7654184
23.995185083333126,1762753319.9193552,-0.25893176,1.2595742,-0.10468382,-0.5687268,0.20920496,0.17837246,0.7752203
24.01269824999963,1762753319.9368682,-0.25782865,1.2769722,-0.10404086,-0.55485994,0.21162122,0.17444518,0.78543985
24.02993937500014,1762753319.9541094,-0.25622427,1.294858,-0.10306829,-0.5403934,0.21342984,0.17033373,0.79587
24.047465874999943,1762753319.9716358,-0.25407723,1.3136688,-0.10172169,-0.5249212,0.21463114,0.16590759,0.80676264
24.065343708332875,1762753319.9895136,-0.25138646,1.3333341,-0.099968195,-0.50827414,0.21522112,0.16116342,0.81814647
24.08283300000039,1762753320.007003,-0.2482471,1.3528647,-0.097804844,-0.49081028,0.21540481,0.15629746,0.8296247
24.10026050000033,1762753320.0244305,-0.24467681,1.3723664,-0.09521943,-0.47183362,0.2153068,0.15121044,0.8415173
24.131052916666704,1762753320.055223,-0.23756237,1.4061878,-0.08984774,-0.4343344,0.21424906,0.14158088,0.86336887
24.148650291666854,1762753320.0728204,-0.2330517,1.4248273,-0.08635938,-0.41070268,0.21287303,0.13562505,0.876136
24.165207375000136,1762753320.0893774,-0.22846957,1.4417108,-0.082782686,-0.38697502,0.21073031,0.1293755,0.88831586
24.191443333333154,1762753320.1156135,-0.22070526,1.4667323,-0.076718576,-0.34758902,0.2052237,0.11856375,0.9071978
24.20948045833302,1762753320.1336505,-0.21496202,1.4825392,-0.07221419,-0.31965035,0.2001172,0.11073941,0.9195181
24.22681295833354,1762753320.1509829,-0.2091184,1.496547,-0.06754695,-0.29308763,0.19417922,0.1030978,0.9304649
24.24439533333316,1762753320.1685653,-0.20285244,1.5094568,-0.062429845,-0.26742148,0.18693481,0.09529474,0.94045734
24.262102083333048,1762753320.1862721,-0.19621353,1.5210713,-0.05690372,-0.24371079,0.17842866,0.087905414,0.94923174
24.279598791667013,1762753320.2037687,-0.18940227,1.5311633,-0.051126778,-0.22274947,0.1690699,0.08149917,0.95663786
24.2970255416667,1762753320.2211955,-0.18246056,1.5398657,-0.04519099,-0.20438,0.15907487,0.076045044,0.9628817
24.314451291666956,1762753320.2386212,-0.17544983,1.5472848,-0.039128423,-0.18856749,0.14850494,0.07127772,0.96814674
24.331792250000035,1762753320.2559624,-0.16846274,1.5535016,-0.03298527,-0.17548126,0.13735215,0.06695188,0.9725524
24.356597041666646,1762753320.280767,-0.15854105,1.5605772,-0.024179101,-0.16087545,0.120153725,0.061279144,0.97771525
24.373985625000387,1762753320.2981555,-0.15176305,1.5644873,-0.01831985,-0.15340862,0.10719335,0.05751312,0.9806465
24.39139091666675,1762753320.3155608,-0.14519575,1.5677311,-0.012768632,-0.14774339,0.09350901,0.053602345,0.98313516
24.410616458333607,1762753320.3347864,-0.13820906,1.5707083,-0.006896496,-0.14294054,0.07779457,0.049040016,0.98544973
24.42805220833361,1762753320.3522222,-0.13214383,1.5729815,-0.0018472075,-0.13917926,0.06321498,0.044851642,0.9872291
24.445510958333216,1762753320.369681,-0.12633914,1.574916,0.002938503,-0.13590424,0.048472993,0.04052997,0.9887051
24.46289866666666,1762753320.3870687,-0.12093195,1.5765756,0.0074091554,-0.13278104,0.033652637,0.03594742,0.98992145
24.48042279166657,1762753320.4045928,-0.11579317,1.5779395,0.011625409,-0.12982827,0.018780896,0.03163347,0.9908538
24.49920787500014,1762753320.423378,-0.11048375,1.5789683,0.015937924,-0.12698829,0.0030629572,0.027294457,0.99152386
24.51579112499985,1762753320.4399612,-0.105929896,1.5795255,0.019639552,-0.1251085,-0.010494271,0.023712464,0.9918042
24.540910624999924,1762753320.4650807,-0.0991664,1.5797668,0.025209833,-0.124110445,-0.030457236,0.018854145,0.9916216
24.559775333333164,1762753320.4839454,-0.09413361,1.5795128,0.0294339,-0.12511928,-0.045328103,0.015187441,0.9909894
24.57718866666619,1762753320.5013587,-0.08960483,1.5790647,0.033188038,-0.12702243,-0.05923931,0.011466133,0.9900629
24.59368474999974,1762753320.5178547,-0.085395694,1.5785298,0.03661412,-0.12914723,-0.0727362,0.007550372,0.9889254
24.611370083332986,1762753320.53554,-0.08086103,1.5778903,0.040270448,-0.13139054,-0.08762322,0.0029883974,0.98744607
24.62873649999983,1762753320.5529065,-0.07640656,1.5772774,0.043827962,-0.13321829,-0.10254908,-0.0015713497,0.98576576
24.64617350000026,1762753320.5703435,-0.07197441,1.5767307,0.04734856,-0.13441889,-0.11754095,-0.0057986374,0.98391163
24.662958124999932,1762753320.5871282,-0.06775447,1.5763835,0.050601237,-0.13485253,-0.13163354,-0.009306257,0.9820391
24.680761083332982,1762753320.604931,-0.06336654,1.5762547,0.05392028,-0.1344779,-0.14599365,-0.012612325,0.9800217
24.698637999999846,1762753320.622808,-0.059122384,1.5763189,0.05717188,-0.13319826,-0.15966748,-0.015743004,0.97801673
24.72422858333357,1762753320.6483986,-0.053394467,1.5766027,0.061659813,-0.13022496,-0.17757277,-0.020223634,0.9752438
24.74480079166642,1762753320.6689708,-0.049119905,1.5768467,0.06512928,-0.12746301,-0.19037223,-0.023777265,0.9731116
24.763821249999637,1762753320.6879914,-0.045426313,1.5770389,0.06822532,-0.12493017,-0.20093781,-0.02688006,0.9712332
24.78125266666666,1762753320.7054226,-0.042508423,1.5772299,0.07066494,-0.12276865,-0.20962371,-0.029439209,0.9695974
24.79873950000001,1762753320.7229095,-0.039997652,1.5774193,0.072758794,-0.12087998,-0.21740505,-0.031704146,0.9680485
24.830238541666404,1762753320.7544086,-0.035808794,1.5776287,0.07643837,-0.118115276,-0.22928827,-0.035167363,0.9655252
24.848067666666793,1762753320.7722378,-0.033605687,1.5777333,0.07840198,-0.11661269,-0.23485596,-0.036653694,0.96431357
24.865456333332986,1762753320.7896264,-0.03155864,1.5778843,0.08019447,-0.11495117,-0.23949935,-0.037683226,0.9633308
24.891041875000155,1762753320.815212,-0.028736746,1.5783061,0.08256351,-0.112035476,-0.24520797,-0.038717527,0.96219647
24.91020912499971,1762753320.8343792,-0.026723526,1.578739,0.08416009,-0.10950877,-0.24880351,-0.039307605,0.9615402
24.92774291666683,1762753320.851913,-0.024955705,1.5791874,0.085509956,-0.10709862,-0.25152948,-0.039542116,0.96109265
24.945183499999985,1762753320.8693535,-0.023300407,1.5796698,0.08674394,-0.10467523,-0.2535682,-0.03947072,0.9608269
24.962589291666518,1762753320.8867593,-0.02177435,1.5801829,0.087857,-0.10218145,-0.25487247,-0.039355222,0.960755
24.980259833333548,1762753320.90443,-0.020369178,1.5807322,0.08870782,-0.09950361,-0.2554608,-0.03928669,0.9608826
24.998557625000103,1762753320.9227276,-0.019065164,1.5813444,0.08932853,-0.09655832,-0.25525707,-0.03923389,0.96123934
25.01515495833337,1762753320.939325,-0.01799728,1.5819173,0.08980811,-0.093830355,-0.25433457,-0.039206818,0.961755
25.032601583333417,1762753320.9567716,-0.017005563,1.5825129,0.09023255,-0.09107548,-0.25258663,-0.039132074,0.9624832
25.0598804166666,1762753320.9840505,-0.015740864,1.5834496,0.09070021,-0.08695861,-0.24810968,-0.0386489,0.9640467
25.077287750000323,1762753321.0014577,-0.015201782,1.5841318,0.09083127,-0.08421195,-0.2439456,-0.038037945,0.9653766
25.095520249999936,1762753321.0196903,-0.014884368,1.5849401,0.09080756,-0.08107669,-0.23833193,-0.037197128,0.9670785
25.112939333333088,1762753321.0371094,-0.0147701055,1.5857432,0.09064543,-0.07792706,-0.23173884,-0.036390677,0.96896863
25.130359833333387,1762753321.05453,-0.014857434,1.5865302,0.0903793,-0.0748324,-0.22393784,-0.035527293,0.9710766
25.148040458333526,1762753321.0722106,-0.015175288,1.5873004,0.09003388,-0.07191555,-0.2146326,-0.034205433,0.97344285
25.165489916666957,1762753321.08966,-0.015749946,1.5880697,0.08962166,-0.069052,-0.20396504,-0.0323721,0.9760031
25.199148083333057,1762753321.1233182,-0.018061697,1.5898412,0.08857316,-0.062628955,-0.1790928,-0.028038088,0.9814363
25.2230695833332,1762753321.1472397,-0.020379668,1.5911952,0.087787084,-0.05734872,-0.15801157,-0.025177525,0.9854489
25.24123154166682,1762753321.1654015,-0.022469452,1.5921922,0.0872873,-0.05302094,-0.14041744,-0.023595933,0.9883901
25.26111095833312,1762753321.185281,-0.025040349,1.5932012,0.0869429,-0.04830411,-0.11983802,-0.02206662,0.9913721
25.27857262500038,1762753321.2027426,-0.02751848,1.5940746,0.08680343,-0.0442216,-0.10064141,-0.020333845,0.9937315
25.29525137499968,1762753321.2194214,-0.030015625,1.5949252,0.08684307,-0.040210143,-0.08143964,-0.018262705,0.9956994
25.312825041666656,1762753321.236995,-0.03271347,1.5957913,0.08713453,-0.035860613,-0.060532205,-0.015838312,0.9973961
25.330320416666837,1762753321.2544904,-0.03543758,1.5965892,0.08770411,-0.0316796,-0.039376847,-0.013426101,0.99863183
25.348066666666455,1762753321.2722366,-0.03820326,1.5973029,0.08856988,-0.027720718,-0.01787351,-0.011170244,0.99939346
25.366961249999804,1762753321.2911313,-0.04111356,1.5979445,0.08980309,-0.023908988,0.004894295,-0.008876901,0.99966276
25.394477416666632,1762753321.3186474,-0.04539703,1.5988182,0.09178203,-0.019240137,0.038136292,-0.0050534606,0.9990745
25.411900791666994,1762753321.3360708,-0.0481015,1.5993334,0.09329021,-0.0165311,0.05958898,-0.0023175625,0.9980834
25.42930887500006,1762753321.353479,-0.050772537,1.5997926,0.09504717,-0.013845407,0.081302315,0.00034430425,0.9965933
25.44669254166638,1762753321.3708625,-0.053360358,1.6001722,0.09702784,-0.011330194,0.10291336,0.0027404723,0.994622
25.46410720833319,1762753321.3882773,-0.05587253,1.6004635,0.09913826,-0.008978257,0.12419782,0.004984047,0.99220437
25.494173333333492,1762753321.4183433,-0.05994518,1.6007023,0.10314584,-0.005444502,0.15997571,0.00872718,0.98706734
25.51168570833306,1762753321.4358556,-0.062130947,1.6006761,0.10572828,-0.0037216372,0.18018341,0.0106564425,0.98356825
25.529106875000252,1762753321.4532769,-0.064145714,1.6005365,0.10844791,-0.0023218968,0.19970113,0.012458609,0.9797749
25.546587333333264,1762753321.4707572,-0.06597931,1.6002766,0.111299925,-0.0013850187,0.21854848,0.014338976,0.97571975
25.56515112499983,1762753321.4893212,-0.067703746,1.5998654,0.114440456,-0.00094568095,0.23754446,0.016466735,0.97123665
25.59535070833317,1762753321.5195208,-0.070024855,1.5991706,0.119714126,-0.0010245543,0.2658063,0.020240093,0.96381336
25.612884333333568,1762753321.5370543,-0.071081385,1.5987012,0.1228466,-0.0011845441,0.28082275,0.022498176,0.9594952
25.630170041667043,1762753321.5543401,-0.07193593,1.5981942,0.12599331,-0.0012617871,0.29483563,0.024573587,0.95523113
25.647547041666257,1762753321.571717,-0.07257362,1.597632,0.12921894,-0.0013699345,0.30810264,0.026512798,0.95098263
25.665112624999892,1762753321.5892828,-0.073058695,1.5970047,0.13242912,-0.0016567928,0.32026872,0.02830617,0.9469024
25.682520958333043,1762753321.606691,-0.073295474,1.5964191,0.13553989,-0.0019203176,0.33077896,0.029764773,0.94323677
25.69936833333304,1762753321.6235383,-0.073193684,1.5959903,0.13851011,-0.0015220103,0.33933428,0.03074644,0.940162
25.726436250000006,1762753321.6506062,-0.07237442,1.5956342,0.1431272,0.0009889303,0.34988788,0.031839848,0.93624985
25.744732291666878,1762753321.6689024,-0.071355656,1.5954819,0.14618635,0.0032177307,0.35497606,0.032560278,0.9343027
25.76215295833299,1762753321.686323,-0.07003163,1.5953057,0.14909053,0.0050100787,0.3583283,0.03320196,0.9329916
25.779586041666334,1762753321.703756,-0.0684582,1.595279,0.15173411,0.006620953,0.3603381,0.03361179,0.9321925
25.79707683333345,1762753321.721247,-0.06667522,1.5954059,0.1541674,0.008595165,0.36114773,0.033808406,0.93185586
25.814527041666224,1762753321.738697,-0.06469545,1.5955887,0.15654242,0.011106303,0.36093393,0.03370882,0.9319158
25.83259579166679,1762753321.7567658,-0.062488407,1.5958261,0.15895033,0.014094741,0.3598506,0.03325777,0.93231046
25.865621458333408,1762753321.7897916,-0.05816388,1.5962968,0.16322803,0.019944027,0.3562919,0.03188719,0.9336175
25.894143374999658,1762753321.8183134,-0.054332618,1.5966836,0.16672593,0.024603775,0.35204908,0.030445682,0.9351626
25.911553041666593,1762753321.8357232,-0.05196075,1.596862,0.1687721,0.027125888,0.34896305,0.029617779,0.9362755
25.929163833333405,1762753321.853334,-0.049548537,1.5970098,0.17075431,0.02957038,0.34550643,0.028842745,0.9375068
25.946537041666488,1762753321.870707,-0.047179416,1.5971441,0.17260838,0.031960573,0.34181038,0.028220352,0.9388012
25.96496825000031,1762753321.8891382,-0.044685546,1.5972767,0.1744485,0.03435396,0.3375574,0.027759314,0.94026816
25.99668716666656,1762753321.9208572,-0.04086086,1.5976228,0.17715394,0.037780732,0.32904905,0.02727417,0.9431625
26.01351054166662,1762753321.9376805,-0.038854685,1.5977691,0.1783697,0.03920094,0.3238014,0.027084341,0.94492453
26.03168637500039,1762753321.9558563,-0.036639314,1.5978792,0.17951721,0.040374115,0.31750944,0.026732905,0.94701797
26.056397499999548,1762753321.9805675,-0.033576135,1.5980141,0.18077673,0.04164524,0.30807805,0.025853962,0.95009744
26.07415366666646,1762753321.9983237,-0.031448238,1.5980351,0.18136561,0.042503767,0.3007756,0.025085347,0.9524171
26.093816999999945,1762753322.017987,-0.029123155,1.5979915,0.18171741,0.04331575,0.29224655,0.024099518,0.95505756
26.111224708332884,1762753322.0353947,-0.026996875,1.5979443,0.18184625,0.04376226,0.2842369,0.022974111,0.95747924
26.12807566666652,1762753322.0522456,-0.024879381,1.5978849,0.18179846,0.04376934,0.27600557,0.021621848,0.95991546
26.145518083333627,1762753322.069688,-0.022630824,1.59782,0.18157798,0.043328594,0.2668581,0.020055722,0.9625524
26.163335500000358,1762753322.0875056,-0.02028294,1.5977597,0.18116641,0.04256667,0.25685263,0.018329406,0.9653387
26.1808262083332,1762753322.1049962,-0.017992117,1.5977453,0.18052065,0.041562986,0.24627315,0.016625354,0.9681662
26.198320666666405,1762753322.1224906,-0.015718244,1.597735,0.1796571,0.04035243,0.23495907,0.0150607955,0.97105056
26.215723583332874,1762753322.1398935,-0.01341822,1.5976956,0.17866933,0.03890182,0.2230798,0.013666268,0.9739278
26.23301258333322,1762753322.1571827,-0.0111113265,1.597652,0.17757356,0.037340313,0.21068616,0.012422184,0.97676134
26.263406875000328,1762753322.187577,-0.007031277,1.5975782,0.17538238,0.034621432,0.1877752,0.010425222,0.9815463
26.280842916666188,1762753322.205013,-0.0047805957,1.5974671,0.1739369,0.03303068,0.17431344,0.009322127,0.98409194
26.2984655416667,1762753322.2226355,-0.0026295483,1.5972912,0.17238116,0.031244785,0.16103065,0.008193013,0.9864207
26.324625083333558,1762753322.248795,0.00031597415,1.5969971,0.1700471,0.028235517,0.14298311,0.0062805885,0.9893024
26.343730499999765,1762753322.2679005,0.002217047,1.5967585,0.16831398,0.025848394,0.13134396,0.004575858,0.99098927
26.36120475000007,1762753322.2853749,0.0037670285,1.5965384,0.16669226,0.023665547,0.12179241,0.0028616444,0.99226934
26.378381458333024,1762753322.3025515,0.0050497353,1.5963972,0.16500723,0.021618346,0.11326581,0.0012649099,0.9933287
26.395003041666314,1762753322.319173,0.006084683,1.5963134,0.16330534,0.019725636,0.1057734,-5.278074e-05,0.99419457
26.412403874999654,1762753322.3365738,0.007029953,1.5962182,0.1615141,0.017681008,0.09874313,-0.0011260319,0.99495524
26.42984191666619,1762753322.354012,0.00782726,1.5961009,0.1597184,0.015516158,0.092584535,-0.0019100549,0.9955821
26.447306000000026,1762753322.371476,0.008465752,1.5959412,0.15792596,0.013145388,0.087339185,-0.0025267901,0.9960887
26.46496454166663,1762753322.3891346,0.0089092655,1.5957211,0.15607685,0.010451448,0.08292009,-0.0030489601,0.99649674
26.48235029166699,1762753322.4065204,0.009170796,1.5954549,0.15423924,0.0075319363,0.07932344,-0.0034722493,0.9968144
26.49973716666682,1762753322.4239073,0.009322904,1.5951686,0.1524471,0.0045872694,0.076333575,-0.0038061652,0.99706453
26.541539374999957,1762753322.4657094,0.009364612,1.5945274,0.14835668,-0.0019811173,0.07081155,-0.003931727,0.99748
26.56141254166687,1762753322.4855826,0.009275474,1.5942389,0.14654398,-0.005082736,0.06864886,-0.0036520874,0.9976213
26.578818458333444,1762753322.5029886,0.009091675,1.594017,0.14494109,-0.007962612,0.06691805,-0.0033264917,0.99772114
26.59631779166648,1762753322.5204878,0.008826107,1.5937874,0.14335382,-0.011046133,0.065308526,-0.003055642,0.99779934
26.613928958333418,1762753322.538099,0.008539997,1.5935055,0.14187038,-0.014274654,0.06383206,-0.0028520261,0.9978545
26.631752666666216,1762753322.5559227,0.008234106,1.5931919,0.14047492,-0.017459964,0.06250902,-0.0026267993,0.99788827
26.656397499999912,1762753322.5805676,0.0077844337,1.5927386,0.1386987,-0.02157759,0.06107009,-0.002131958,0.9978979
26.673841249999896,1762753322.5980113,0.0073674493,1.5924029,0.13753337,-0.02449159,0.060306106,-0.001795341,0.9978778
26.69449704166618,1762753322.6186671,0.0067916885,1.5919287,0.13625956,-0.028082412,0.059656173,-0.0014626075,0.9978228
26.711893333333137,1762753322.6360633,0.0063029453,1.5913945,0.13528943,-0.031363107,0.059320033,-0.0012143658,0.99774545
26.729264041666283,1762753322.653434,0.0058140233,1.5907513,0.13439536,-0.035000924,0.059182834,-0.000843027,0.997633
26.746805458333256,1762753322.6709754,0.00531704,1.5900651,0.1335187,-0.03867244,0.05922182,-0.00030135066,0.9974954
26.764935874999537,1762753322.689106,0.004796567,1.58936,0.13259321,-0.042142343,0.059461128,0.00038943373,0.9973406
26.784150874999796,1762753322.7083209,0.00417576,1.5886499,0.13161314,-0.04580428,0.059971217,0.0012926892,0.99714786
26.80163254166655,1762753322.7258027,0.0035798848,1.5879718,0.13073862,-0.049403712,0.060630333,0.0021440182,0.99693465
26.82571683333299,1762753322.7498868,0.0028296385,1.5869399,0.12950061,-0.054519206,0.06179536,0.00323526,0.9965934
26.84391233333372,1762753322.7680824,0.0023228999,1.5861452,0.12850624,-0.05829227,0.06278392,0.0039274804,0.9963156
26.86114925000038,1762753322.7853193,0.0018767815,1.5854609,0.12749685,-0.0618796,0.063733205,0.0044470937,0.99603677
26.87863704166648,1762753322.802807,0.0014781505,1.5848844,0.12636101,-0.06543759,0.06473976,0.005066451,0.9957414
26.896117666666214,1762753322.8202877,0.0011521503,1.5844653,0.1250596,-0.06858867,0.06580047,0.0059459507,0.99545497
26.913659374999952,1762753322.8378294,0.0008973107,1.584212,0.12354827,-0.07113072,0.06684849,0.006832812,0.995201
26.931609874999594,1762753322.85578,0.00070468086,1.5840766,0.12178801,-0.07321408,0.06775107,0.007479484,0.99498415
26.948989916666505,1762753322.87316,0.000588725,1.584023,0.11989205,-0.07506894,0.06841159,0.007862521,0.9947978
26.965309083333523,1762753322.8894792,0.00055552274,1.584026,0.11793804,-0.07669726,0.06887541,0.0082849115,0.99463814
26.99301000000014,1762753322.91718,0.0004953245,1.5841556,0.11417585,-0.07912567,0.06933353,0.009200502,0.9944081
27.010436791666507,1762753322.9346068,0.00051234907,1.5842702,0.1115685,-0.080550924,0.06933989,0.00950269,0.99429035
27.028311375000158,1762753322.9524815,0.0005887548,1.584441,0.10869127,-0.081705175,0.06912281,0.009485064,0.99421144
27.04588650000005,1762753322.9700565,0.00072565174,1.5846802,0.1056506,-0.082449,0.06879395,0.009400662,0.99417365
27.06596991666629,1762753322.99014,0.0009658287,1.5849513,0.101975694,-0.083271585,0.06827377,0.009271758,0.9941421
27.089196791666836,1762753323.0133667,0.0013169497,1.5851098,0.097597,-0.08516505,0.06714514,0.008610003,0.9940645
27.10656304166696,1762753323.030733,0.0016304031,1.5851943,0.09417915,-0.08695635,0.065811686,0.0076075066,0.9940068
27.125276875000054,1762753323.0494468,0.0020012483,1.5853758,0.090272546,-0.08839948,0.06390546,0.0060912385,0.9940143
27.144515875000252,1762753323.068686,0.0024268727,1.5856222,0.08604377,-0.089171685,0.06161239,0.004441128,0.9940989
27.16214733333345,1762753323.0863173,0.0028953578,1.585822,0.08213275,-0.090071276,0.059361164,0.0032989595,0.9941592
27.179643041666168,1762753323.1038132,0.0033817068,1.5859739,0.078193486,-0.091450036,0.0569167,0.0023615104,0.99417895
27.1970632499997,1762753323.1212332,0.0038924243,1.5861706,0.0742346,-0.092594795,0.05421195,0.0012297108,0.9942262
27.226613124999858,1762753323.150783,0.0048459345,1.586838,0.06755089,-0.09251004,0.049131464,-0.0015448721,0.9944977
27.24440508333373,1762753323.168575,0.0054191574,1.5874267,0.06351459,-0.09135902,0.045837905,-0.0037340217,0.99475545
27.261890041666447,1762753323.18606,0.005957648,1.5880134,0.059602976,-0.0897424,0.042476725,-0.0060789105,0.99504024
27.27930645833294,1762753323.2034764,0.006468492,1.5884953,0.055824947,-0.08825179,0.039128717,-0.008239526,0.9952953
27.296043041666962,1762753323.2202132,0.006936811,1.588803,0.052332044,-0.087521076,0.036044106,-0.009845877,0.9954617
27.313522583332997,1762753323.2376926,0.007407993,1.588941,0.04886675,-0.08768215,0.033067502,-0.010933804,0.9955395
27.332347708333145,1762753323.2565176,0.007894106,1.588899,0.045323133,-0.088408485,0.030109385,-0.011740633,0.99555993
27.360621708333383,1762753323.2847917,0.008544162,1.588625,0.04030329,-0.08990602,0.025771959,-0.013433219,0.99552613
27.3780608750003,1762753323.3022308,0.008882269,1.5884072,0.037302017,-0.09084473,0.022997988,-0.014961112,0.99548703
27.394629624999652,1762753323.3187997,0.009165071,1.5881654,0.034543812,-0.09181461,0.020307625,-0.016467404,0.9954328
27.411830250000094,1762753323.3360002,0.009419806,1.5878471,0.031871796,-0.09305718,0.017535806,-0.017779792,0.99534756
27.428857666666772,1762753323.3530276,0.009634527,1.5874645,0.029438967,-0.094651856,0.014921401,-0.018603988,0.9952247
27.446415791666368,1762753323.370586,0.009815045,1.5870343,0.027151346,-0.09640023,0.012372462,-0.01902865,0.99508387
27.463938750000125,1762753323.3881087,0.009947926,1.5866071,0.025068521,-0.09790957,0.0099652,-0.01930664,0.99495816
27.493350041666417,1762753323.41752,0.010062824,1.5858762,0.022230918,-0.10000771,0.0061386786,-0.019829681,0.9947701
27.51077562499995,1762753323.4349456,0.010083653,1.5854555,0.020851612,-0.10108163,0.0041204453,-0.019976385,0.994669
27.52815333333365,1762753323.4523234,0.010077268,1.5850737,0.019677222,-0.10198045,0.0023620585,-0.019970167,0.99458313
27.545624083333678,1762753323.469794,0.010042298,1.5847389,0.018709654,-0.10272349,0.0008349534,-0.019954566,0.99450946
27.563064875000236,1762753323.4872348,0.009964484,1.5844578,0.017973775,-0.103315756,-0.0005121299,-0.020133795,0.99444467
27.58076166666706,1762753323.5049317,0.009832147,1.5842923,0.017401587,-0.10360978,-0.0016417964,-0.020512076,0.99440515
27.599087416666407,1762753323.5232575,0.009649719,1.5842379,0.016986782,-0.10352471,-0.0024039003,-0.020770127,0.9944071
27.628101250000327,1762753323.5522714,0.009288627,1.5842683,0.016772384,-0.10273649,-0.0026912678,-0.020879945,0.9944858
27.645484791666604,1762753323.5696547,0.009048909,1.5843236,0.016920984,-0.1020321,-0.002621562,-0.021166252,0.99455243
27.662864958333557,1762753323.587035,0.008837476,1.5843675,0.0173558,-0.101468004,-0.002520171,-0.02148073,0.9946037
27.68022366666628,1762753323.6043937,0.0086675435,1.584358,0.01806885,-0.10124607,-0.0023344778,-0.021555735,0.99462515
27.697360333333563,1762753323.6215303,0.008528796,1.58426,0.019000698,-0.10132131,-0.0020693538,-0.021455618,0.9946202
27.721671125000285,1762753323.6458411,0.008381493,1.5840423,0.020693064,-0.10164637,-0.0016657753,-0.02135515,0.99459
27.739077791666205,1762753323.6632478,0.008316174,1.5838655,0.022135258,-0.10185222,-0.0013482485,-0.021354172,0.9945694
27.759919041666762,1762753323.684089,0.008281986,1.5836519,0.024088215,-0.101989865,-0.00081785006,-0.02133594,0.9945563
27.777273958333353,1762753323.701444,0.008355337,1.5834526,0.025929028,-0.10213094,-0.0002417062,-0.021361513,0.9945416
27.794712666666783,1762753323.7188828,0.008515194,1.5832224,0.027972043,-0.10222475,0.00042001187,-0.021525893,0.9945283
27.812165250000362,1762753323.7363353,0.008683245,1.5829923,0.030196857,-0.10228918,0.0010590928,-0.02185828,0.994514
27.82895129166627,1762753323.7531214,0.0088616265,1.5828043,0.03248776,-0.10222646,0.0014678445,-0.022480015,0.99450606
27.846438124999622,1762753323.7706082,0.009080592,1.5826863,0.03498168,-0.10187094,0.001480377,-0.023411985,0.994521
27.86314929166656,1762753323.7873194,0.009328723,1.582652,0.03742981,-0.10107663,0.0009716364,-0.024398874,0.99457896
27.88071299999956,1762753323.804883,0.009653233,1.5826913,0.04008192,-0.099933185,9.275008e-05,-0.02508184,0.99467796
27.89902758333301,1762753323.8231976,0.010049383,1.5827593,0.042927675,-0.09860977,-0.0011058182,-0.025150439,0.99480766
27.92659837500014,1762753323.8507683,0.010704942,1.5827657,0.047343016,-0.097070895,-0.0036883324,-0.025053957,0.9949553
27.94402745833304,1762753323.8681974,0.011140518,1.582766,0.05014497,-0.09612842,-0.005727278,-0.025000071,0.9950385
27.96184174999962,1762753323.8860118,0.011577462,1.5828202,0.052943517,-0.094652236,-0.0079875495,-0.0250724,0.99516255
27.979337333333206,1762753323.9035072,0.0119904755,1.5829041,0.055751454,-0.09291376,-0.010159251,-0.025005408,0.9953083
27.99681587499981,1762753323.920986,0.0123906685,1.5829362,0.058644067,-0.091228366,-0.012081314,-0.024694081,0.9954505
28.01430154166701,1762753323.9384716,0.012752786,1.5828717,0.061509192,-0.09012256,-0.013584979,-0.02417231,0.9955446
28.032607999999527,1762753323.956778,0.013062738,1.5827911,0.06442994,-0.08926816,-0.014835367,-0.023959937,0.9956089
28.049659791666272,1762753323.9738297,0.013278703,1.5828303,0.06698417,-0.087947324,-0.015850496,-0.024336964,0.9957017
28.066933125000105,1762753323.9911032,0.013418302,1.5830057,0.069416285,-0.08582602,-0.01667102,-0.025062483,0.99585533
28.097011291666604,1762753324.0211813,0.013450126,1.5834931,0.07328742,-0.08159425,-0.016954979,-0.025857741,0.9961859
28.12285679166689,1762753324.0470269,0.013204433,1.5839566,0.07626009,-0.07846551,-0.016075017,-0.02660165,0.9964322
28.140303791667066,1762753324.0644739,0.012897447,1.5843308,0.07803762,-0.07640283,-0.015230563,-0.027482172,0.99658185
28.157552499999838,1762753324.0817225,0.012499094,1.5848234,0.0795362,-0.07384669,-0.014261574,-0.028465291,0.99676126
28.176561749999564,1762753324.1007318,0.01197809,1.585518,0.080929816,-0.07055497,-0.0131083615,-0.029699512,0.9969795
28.19327183333371,1762753324.117442,0.011458526,1.5861995,0.08196979,-0.0676558,-0.012090594,-0.030733874,0.9971619
28.210856583333225,1762753324.1350267,0.010835308,1.5869396,0.082890026,-0.0649695,-0.011036035,-0.031530157,0.9973279
28.227371208333352,1762753324.1515412,0.01017946,1.5876448,0.08360827,-0.06265755,-0.010057383,-0.031975172,0.99747205
28.24492087500039,1762753324.169091,0.009406865,1.5884074,0.08421636,-0.06027113,-0.009056843,-0.03229026,0.9976185
28.263394999999946,1762753324.187565,0.008516665,1.5892121,0.08468987,-0.057770394,-0.008075546,-0.03252655,0.9977672
28.286562250000316,1762753324.2107322,0.0073428825,1.5902318,0.08508617,-0.05462648,-0.0068604066,-0.032473724,0.997955
28.30401233333305,1762753324.2281823,0.0064143017,1.5909934,0.085243106,-0.052326787,-0.0059176274,-0.032167643,0.99809426
28.329829041666926,1762753324.253999,0.004965762,1.592031,0.085277155,-0.049471986,-0.0044798865,-0.0316588,0.9982636
28.347359499999584,1762753324.2715294,0.0039281645,1.5926585,0.08518999,-0.047902633,-0.0034522067,-0.031276774,0.9983562
28.366665958333215,1762753324.2908359,0.0027281493,1.5932916,0.08500785,-0.046404857,-0.0021536688,-0.030723723,0.99844784
28.391647083332828,1762753324.315817,0.0011448711,1.5939252,0.0846228,-0.04487361,-0.00010452495,-0.029607035,0.9985538
28.409954749999997,1762753324.3341248,-3.1515956e-05,1.5942931,0.08427286,-0.043987647,0.0015981473,-0.02861408,0.9986209
28.427216041666725,1762753324.351386,-0.0011479482,1.5945736,0.08392739,-0.043356705,0.0032596195,-0.027623441,0.99867237
28.44470949999959,1762753324.3688796,-0.0022710536,1.5947682,0.08358736,-0.04306096,0.0049173087,-0.026606519,0.998706
28.462158291667038,1762753324.3863282,-0.0033714771,1.5948703,0.08326596,-0.04308145,0.0064914986,-0.025571492,0.99872315
28.479832833333603,1762753324.404003,-0.0044772252,1.5948803,0.0829826,-0.04332503,0.007980841,-0.024446364,0.99873
28.49728845833306,1762753324.4214585,-0.0055421665,1.594804,0.08272904,-0.043769978,0.009333098,-0.02322554,0.998728
28.514722750000146,1762753324.4388928,-0.006560281,1.5946627,0.08246809,-0.04437936,0.01053331,-0.021944797,0.99871814
28.532986500000334,1762753324.4571564,-0.0075713075,1.5944587,0.08216961,-0.045103587,0.0115972385,-0.020604644,0.99870247
28.558880374999717,1762753324.4830503,-0.008899582,1.5940481,0.08173298,-0.046493933,0.012782755,-0.018750552,0.99866074
28.577321499999925,1762753324.5014915,-0.009773833,1.5936784,0.081470065,-0.04791055,0.01339845,-0.01749331,0.9986086
28.60413241666629,1762753324.5283024,-0.0109453425,1.5930761,0.081133485,-0.050397046,0.014037223,-0.015800951,0.9985056
28.624303916666577,1762753324.5484738,-0.011760038,1.5925903,0.08084827,-0.052366335,0.014383054,-0.014613886,0.99841744
28.64374141666667,1762753324.5679114,-0.012492319,1.5921416,0.08051427,-0.054285206,0.014712407,-0.013479912,0.99832606
28.66047408333361,1762753324.584644,-0.013084401,1.5917848,0.08015477,-0.055900104,0.01505863,-0.012493185,0.99824464
28.677354249999553,1762753324.6015244,-0.013684459,1.591497,0.079738915,-0.057458192,0.015507065,-0.011496383,0.99816126
28.694861416666754,1762753324.6190314,-0.014288589,1.5912657,0.07923746,-0.05896665,0.016072154,-0.010457489,0.9980758
28.712447041666564,1762753324.636617,-0.014845883,1.5910788,0.07864036,-0.0603941,0.016690066,-0.009502899,0.99798983
28.729960624999876,1762753324.6541307,-0.015352902,1.5909233,0.07796394,-0.061807368,0.017300753,-0.008722315,0.9979
28.747415208333223,1762753324.6715853,-0.015803477,1.590762,0.07720821,-0.0632479,0.017870184,-0.008128182,0.99780476
28.765032083333608,1762753324.689202,-0.01621405,1.5905657,0.07639921,-0.06485749,0.018403338,-0.007567272,0.9976961
28.784211874999528,1762753324.708382,-0.01670309,1.5902753,0.07555496,-0.06701913,0.019003347,-0.0068499125,0.9975472
28.80125491666695,1762753324.725425,-0.01715193,1.5898907,0.07485175,-0.06951411,0.01960898,-0.006078948,0.9973697
28.828747999999905,1762753324.752918,-0.017792277,1.5889103,0.07373059,-0.074622005,0.02094275,-0.004392643,0.9969823
28.847294250000232,1762753324.7714643,-0.018196054,1.5880028,0.072900295,-0.078562915,0.022234049,-0.0029236611,0.9966569
28.86498116666644,1762753324.7891512,-0.018590644,1.587043,0.07192707,-0.08240873,0.02380091,-0.0013006696,0.9963135
28.882400958333164,1762753324.806571,-0.019064434,1.5861032,0.070681214,-0.085705824,0.025483787,1.6609144e-07,0.99599457
28.89980899999955,1762753324.823979,-0.019640557,1.5851862,0.06909686,-0.08834564,0.027076084,0.0005895853,0.99572164
28.923782291666612,1762753324.8479524,-0.02054876,1.5837477,0.06646925,-0.092354074,0.028983401,0.0007273332,0.9953041
28.94128829166675,1762753324.8654583,-0.021262689,1.582399,0.06434299,-0.09648994,0.03035753,0.0010730592,0.9948703
28.960015541666507,1762753324.8841856,-0.022032768,1.5805817,0.06197405,-0.10249724,0.032014675,0.0021326423,0.99421567
28.977420500000335,1762753324.9015906,-0.022779668,1.57852,0.059772123,-0.10989318,0.033793673,0.0037734313,0.99336153
28.994787708333206,1762753324.9189577,-0.023523025,1.5761534,0.057665884,-0.11920853,0.035685115,0.0056896154,0.99221146
29.011424874999648,1762753324.9355948,-0.024171634,1.5737121,0.055739295,-0.12933846,0.03756689,0.0074153184,0.9908609
29.028432500000235,1762753324.9526026,-0.024770133,1.5711621,0.053843617,-0.14005555,0.039519057,0.008951214,0.9893142
29.046117374999994,1762753324.9702873,-0.025311418,1.5685036,0.051948845,-0.15114866,0.041567557,0.010286113,0.9875831
29.06353129166655,1762753324.9877014,-0.025797278,1.5659697,0.050231814,-0.16209109,0.043504037,0.011417496,0.98575026
29.081047708333244,1762753325.0052178,-0.026230678,1.563524,0.048674762,-0.17301407,0.04525031,0.012330051,0.9838021
29.098357708333424,1762753325.0225277,-0.026564062,1.5612344,0.047254503,-0.18312153,0.04667275,0.012956996,0.9818963
29.115704166666546,1762753325.039874,-0.026804067,1.5591863,0.0458892,-0.19189319,0.04777597,0.013502553,0.9801592
29.13281408333296,1762753325.0569842,-0.026957348,1.5574579,0.044570565,-0.19900167,0.0485223,0.013969064,0.9786975
29.151774291666698,1762753325.0759444,-0.027041912,1.5558679,0.043175638,-0.20537329,0.048939858,0.014393341,0.97735333
29.16923558333292,1762753325.0934055,-0.027053513,1.5546527,0.041994214,-0.21012102,0.049006436,0.014825829,0.9763338
29.187798375000057,1762753325.1119683,-0.027124956,1.5535029,0.040822983,-0.21413901,0.04887121,0.015375795,0.9754587
29.204428291666773,1762753325.1285982,-0.027232794,1.5525976,0.03985446,-0.2169788,0.048635013,0.01587256,0.9748348
29.224079916666597,1762753325.1482499,-0.027312523,1.5517062,0.038855445,-0.2196834,0.04821191,0.016309753,0.9742427
29.241531208333072,1762753325.1657012,-0.02734986,1.5510375,0.038104415,-0.22168705,0.047717635,0.016508982,0.9738097
29.25921074999951,1762753325.1833808,-0.027360454,1.5504571,0.037457645,-0.22349283,0.04713562,0.016488845,0.9734255
29.27664366666704,1762753325.2008138,-0.027329957,1.5500083,0.036951058,-0.22499332,0.04654683,0.016366847,0.97311026
29.294052666666175,1762753325.2182226,-0.027285067,1.5496656,0.03651803,-0.22609295,0.04600204,0.016180051,0.97288436
29.311597625000104,1762753325.2357676,-0.027255034,1.5493875,0.036105745,-0.22694264,0.045478344,0.015864113,0.9727164
29.329028291666873,1762753325.2531984,-0.02723833,1.5491585,0.035747223,-0.22773358,0.044955984,0.015444206,0.9725625
29.346458125000026,1762753325.2706282,-0.027233891,1.5489842,0.0354352,-0.22854103,0.04450072,0.015070188,0.97239995
29.36367804166639,1762753325.287848,-0.027242227,1.5488843,0.035134844,-0.2291974,0.044205964,0.014846546,0.97226226
29.381054041666175,1762753325.305224,-0.027299754,1.5488262,0.034882307,-0.22951166,0.04408138,0.014676672,0.9721964
29.39858762499989,1762753325.3227577,-0.027394012,1.5487856,0.034669936,-0.22956018,0.044076093,0.014417566,0.97218907
29.41607908333299,1762753325.340249,-0.027488641,1.5487462,0.034445822,-0.22953133,0.044132177,0.014111799,0.9721978
29.433525166666186,1762753325.357695,-0.027567757,1.5486807,0.034246378,-0.22960131,0.044242267,0.013831643,0.9721803
29.472278333333634,1762753325.3964484,-0.027693138,1.5484284,0.033966243,-0.2302647,0.044301484,0.012994966,0.97203225
29.490557208333485,1762753325.4147272,-0.027735658,1.5483146,0.033920884,-0.2305166,0.044133652,0.012521921,0.9719864
29.508047708332924,1762753325.4322178,-0.027765684,1.5482256,0.03388709,-0.23055358,0.043878794,0.012168761,0.9719936
29.525697625000248,1762753325.4498677,-0.02779273,1.5481479,0.033827424,-0.2304662,0.043538816,0.011934664,0.97203255
29.54423137499998,1762753325.4684014,-0.027818983,1.5480672,0.033778302,-0.2304504,0.043006167,0.011699958,0.9720629
29.56128916666694,1762753325.485459,-0.027840927,1.5479913,0.03377956,-0.23064442,0.042343482,0.011534955,0.9720479
29.579047458333662,1762753325.5032175,-0.027759008,1.5479312,0.033876,-0.23087262,0.04165623,0.0115944445,0.9720228
29.596431416666746,1762753325.5206015,-0.027643189,1.5479642,0.033961535,-0.2306096,0.04111628,0.011856433,0.97210497
29.614184708333596,1762753325.5383546,-0.027602343,1.5481353,0.033899,-0.22957231,0.040745046,0.012055129,0.97236365
29.631859500000246,1762753325.5560296,-0.02763433,1.5484104,0.033699214,-0.22806194,0.040556043,0.012148861,0.97272575
29.64903895833322,1762753325.573209,-0.027708808,1.5487071,0.033441473,-0.2266146,0.040546026,0.012305902,0.9730624
29.666081958333052,1762753325.590252,-0.02780047,1.5489879,0.033222318,-0.2254662,0.04063064,0.012574996,0.97332215
29.69619370833334,1762753325.6203637,-0.02799773,1.5493598,0.03296172,-0.22435978,0.040829595,0.013070601,0.97356296
29.71375375000025,1762753325.6379237,-0.02814737,1.5495139,0.0328238,-0.22404446,0.040964067,0.013306756,0.97362673
29.731729083333448,1762753325.655899,-0.028328024,1.5496438,0.032657146,-0.22371821,0.04115023,0.013520005,0.9736909
29.749433041666634,1762753325.673603,-0.028530708,1.5497377,0.03247785,-0.22339614,0.04135741,0.013732953,0.97375315
29.76683583333306,1762753325.691006,-0.028744161,1.5497916,0.032312334,-0.22320029,0.041555595,0.014030607,0.97378534
29.793004708333683,1762753325.7171748,-0.028937919,1.5498266,0.032290094,-0.22311948,0.041948356,0.014941788,0.97377354
29.810422749999816,1762753325.7345927,-0.02904804,1.5498587,0.032299817,-0.22303285,0.042306524,0.015767934,0.9737648
29.826739708333662,1762753325.7509098,-0.02916572,1.5499077,0.032271218,-0.22284895,0.042685967,0.016569965,0.97377706
29.844258583333612,1762753325.7684286,-0.029300153,1.5499825,0.03220564,-0.2225604,0.04312344,0.01732042,0.9738107
29.861702833332856,1762753325.785873,-0.029398568,1.550066,0.03213173,-0.22219278,0.043556906,0.017893225,0.973865
29.879223666666803,1762753325.8033936,-0.029468581,1.5501578,0.0320701,-0.22186571,0.043954954,0.018226834,0.97391546
29.89670233333345,1762753325.8208723,-0.029548459,1.5502759,0.032013655,-0.22156425,0.044264134,0.018381504,0.9739672
29.914042583332957,1762753325.8382125,-0.029634027,1.5504333,0.03193783,-0.22114028,0.04453201,0.01849137,0.97404927
29.93156745833312,1762753325.8557374,-0.029725775,1.5506328,0.031834304,-0.22051652,0.044775836,0.018581562,0.9741778
29.948947291666627,1762753325.8731172,-0.029822098,1.5508488,0.031725157,-0.21980515,0.044990838,0.018616691,0.9743279
29.966376291666165,1762753325.8905463,-0.029928705,1.5510699,0.031640362,-0.21922128,0.04515037,0.018574871,0.9744529
29.994150541666386,1762753325.9183207,-0.030041158,1.5514396,0.031710684,-0.21849096,0.045285687,0.01844889,0.9746131
30.011601666667048,1762753325.9357717,-0.030116811,1.5517294,0.031737745,-0.21774754,0.04542923,0.018576348,0.9747703
30.028488500000094,1762753325.9526584,-0.030210108,1.5520569,0.03169614,-0.21673466,0.0456488,0.018774984,0.97498196
30.045999833333553,1762753325.9701698,-0.030329285,1.552419,0.031607144,-0.21558924,0.04585048,0.018909616,0.97522384
30.07245633333332,1762753325.9966264,-0.030550463,1.5529535,0.03144013,-0.21402448,0.046037663,0.018889783,0.97555995
30.091170499999862,1762753326.0153406,-0.030725472,1.5532931,0.031323373,-0.21309595,0.04616294,0.018895192,0.9757572
30.109429208333495,1762753326.0335991,-0.030915098,1.55359,0.031200755,-0.21227805,0.04639377,0.019014537,0.97592217
30.126494208333497,1762753326.0506642,-0.031124331,1.5538458,0.031068325,-0.21155842,0.04673642,0.019181225,0.97605884
30.14452166666706,1762753326.0686917,-0.03136434,1.554083,0.030919546,-0.21090563,0.047257394,0.019354377,0.9761716
30.161387125000147,1762753326.0855572,-0.0315959,1.5542672,0.030791879,-0.21052936,0.04786641,0.019560216,0.97621906
30.178859291666413,1762753326.1030293,-0.03173764,1.5544112,0.03065157,-0.21036851,0.04856547,0.019712826,0.97621614
30.196265583333116,1762753326.1204357,-0.03177873,1.5545229,0.030494273,-0.21033086,0.04920847,0.01970539,0.9761922
30.213774875000126,1762753326.137945,-0.03183566,1.5546286,0.030323863,-0.21027185,0.04968837,0.019511964,0.9761845
30.23033845833288,1762753326.1545086,-0.031899247,1.554732,0.030142318,-0.21015868,0.05001368,0.019269234,0.97619706
30.247852874999808,1762753326.1720228,-0.03196888,1.5548446,0.029923255,-0.20999214,0.05031676,0.019121556,0.9762202
30.26521324999976,1762753326.1893833,-0.03201277,1.5549291,0.029708672,-0.20980869,0.050594714,0.019098127,0.97624576
30.303232833332913,1762753326.227403,-0.032071248,1.5550157,0.029281955,-0.20985131,0.0509794,0.019090781,0.9762167
30.32507383333359,1762753326.2492437,-0.03209158,1.55502,0.02908063,-0.21020015,0.0510612,0.019090407,0.9761374
30.34376233333296,1762753326.2679324,-0.03210673,1.5550323,0.02891339,-0.21044488,0.050996926,0.018920965,0.9760914
30.360579166666867,1762753326.2847493,-0.03212384,1.5550734,0.028748333,-0.21052213,0.050851367,0.018620906,0.97608805
30.377963708333482,1762753326.3021338,-0.03210738,1.555104,0.028614055,-0.21045874,0.05068832,0.018304236,0.9761162
30.39550166666686,1762753326.3196716,-0.032067243,1.5551248,0.028510207,-0.21026812,0.05053762,0.018078275,0.9761693
30.413029208333683,1762753326.3371992,-0.032035038,1.5551679,0.028407276,-0.21006075,0.0503807,0.017903643,0.97622526
30.430435000000216,1762753326.354605,-0.03201168,1.5552162,0.02832359,-0.20988859,0.050206006,0.017717259,0.97627467
30.44838620833343,1762753326.3725562,-0.031996205,1.5552709,0.028256059,-0.20975538,0.050035838,0.017475387,0.9763164
30.466037750000396,1762753326.3902078,-0.031983785,1.5553277,0.028208792,-0.20959854,0.049884457,0.01724225,0.976362
30.49800470833361,1762753326.4221747,-0.03196487,1.5554459,0.028151333,-0.20917878,0.04967373,0.016865501,0.97646934
30.515424416666974,1762753326.4395945,-0.031957194,1.5555342,0.028115869,-0.20881364,0.049598437,0.016715046,0.9765539
30.53292545833301,1762753326.4570954,-0.03194852,1.5556339,0.028090179,-0.20841706,0.049535982,0.016589321,0.9766439
30.552175583333337,1762753326.4763455,-0.031941015,1.5557345,0.028097803,-0.20810163,0.04943717,0.016395142,0.9767195
30.569611458333384,1762753326.4937816,-0.03194068,1.5558144,0.028141076,-0.20793419,0.049321454,0.016186804,0.97676444
30.593375249999553,1762753326.5175452,-0.031906858,1.5559736,0.028188169,-0.20765357,0.049168214,0.01595628,0.97683567
30.61075137500029,1762753326.5349214,-0.03188109,1.5561175,0.028197045,-0.20728768,0.0490917,0.01577084,0.97692025
30.628093499999522,1762753326.5522635,-0.03187325,1.5562576,0.028201997,-0.20686403,0.049030244,0.015596299,0.9770159
30.645758208333064,1762753326.5699282,-0.031874362,1.5563743,0.028225828,-0.20649068,0.04899635,0.015472922,0.9770985
30.663477000000057,1762753326.587647,-0.03188303,1.5564561,0.028288424,-0.20628026,0.04896731,0.015394988,0.9771457
30.680901749999975,1762753326.6050718,-0.03189525,1.5565062,0.028396964,-0.20622003,0.048958484,0.015342727,0.9771597
30.698180333332857,1762753326.6223505,-0.031912398,1.5565372,0.02854746,-0.20621769,0.049017705,0.015345413,0.9771571
30.715595624999878,1762753326.6397657,-0.031938247,1.5565648,0.028723717,-0.20621346,0.049214415,0.015423976,0.9771469
30.733011083333622,1762753326.657181,-0.03197149,1.5565954,0.028910274,-0.20615257,0.04954432,0.015482686,0.97714216
30.750269833333732,1762753326.67444,-0.03201077,1.5566392,0.029087663,-0.20603573,0.049935736,0.0154325375,0.97714764
30.76734637499976,1762753326.6915164,-0.03205327,1.5566965,0.029246211,-0.20581663,0.050317883,0.015219209,0.9771776
30.795499083333198,1762753326.719669,-0.032168094,1.556839,0.029428536,-0.20533633,0.050964423,0.0147337075,0.97725254
30.812894041666368,1762753326.7370641,-0.03224879,1.5569192,0.02953298,-0.20508946,0.051413503,0.014443038,0.9772852
30.83038358333306,1762753326.7545536,-0.032325286,1.5569661,0.02966612,-0.20499651,0.05187456,0.014168905,0.9772843
30.848673249999592,1762753326.7728434,-0.032401532,1.5569649,0.029848516,-0.20504576,0.052293006,0.013834149,0.97725654
30.866082749999805,1762753326.7902527,-0.032443505,1.5569316,0.030035788,-0.20516634,0.052650318,0.013492462,0.9772168
30.89039754166697,1762753326.8145676,-0.03248927,1.5568589,0.030294955,-0.20516947,0.053128418,0.013063339,0.9771961
30.909838624999793,1762753326.8340087,-0.032542463,1.5567927,0.030509282,-0.205021,0.0534923,0.012790688,0.977211
30.92785249999997,1762753326.8520224,-0.03260073,1.5567317,0.030728638,-0.20490605,0.053817563,0.012596819,0.9772198
30.94518908333339,1762753326.869359,-0.032661136,1.5566833,0.030966396,-0.2048578,0.054095704,0.012454358,0.97721636
30.962650041666166,1762753326.88682,-0.032726668,1.5566673,0.03121829,-0.20479855,0.054353148,0.012359828,0.9772157
30.980564583333035,1762753326.9047346,-0.032806557,1.5567515,0.031473566,-0.20460512,0.05461957,0.01230486,0.97724205
30.998295125000368,1762753326.922465,-0.03288459,1.5569316,0.031695962,-0.20427069,0.054910157,0.012250026,0.9772964
31.01566025000011,1762753326.9398303,-0.03295555,1.5571426,0.031885803,-0.20391701,0.055149082,0.012113537,0.9773585
31.033054958333196,1762753326.957225,-0.033013605,1.5573677,0.0320518,-0.20358776,0.055350795,0.011923671,0.97741807
31.062247750000097,1762753326.9864178,-0.033083353,1.5577598,0.032228045,-0.20297496,0.055616874,0.011518309,0.9775353
31.079534541666362,1762753327.0037045,-0.033115767,1.5579698,0.032280266,-0.20260747,0.055642728,0.011123019,0.97761464
31.09694533333368,1762753327.0211153,-0.03314472,1.5581306,0.032320738,-0.20243289,0.055517066,0.010575405,0.97766405
31.116251458332954,1762753327.0404215,-0.033161636,1.5582213,0.03236603,-0.20248604,0.055251867,0.00999236,0.9776742
31.13384216666691,1762753327.0580122,-0.033164535,1.5582263,0.03241401,-0.2026858,0.054929186,0.0096382825,0.9776545
31.161164208333503,1762753327.0853343,-0.033149138,1.5581014,0.032523036,-0.20336604,0.054237697,0.009211847,0.977556
31.178650750000088,1762753327.1028209,-0.033073775,1.5579327,0.032597244,-0.20401753,0.053692568,0.009007334,0.9774522
31.19610883333371,1762753327.1202788,-0.032960657,1.5577184,0.032676987,-0.20478618,0.05315207,0.008899331,0.977322
31.21379158333366,1762753327.1379616,-0.03286299,1.5574923,0.032796025,-0.20557031,0.052633237,0.008879978,0.9771856
31.237416791666874,1762753327.1615868,-0.03274969,1.5572174,0.032990336,-0.20649265,0.05202693,0.008972132,0.97702277
31.258237375000135,1762753327.1824074,-0.032654207,1.5570323,0.033180945,-0.20704868,0.051522166,0.009071314,0.9769309
31.27651220833286,1762753327.2006822,-0.03257491,1.556934,0.03342276,-0.20738986,0.051023923,0.009091321,0.97688454
31.29393387500022,1762753327.218104,-0.03248314,1.5568956,0.033704102,-0.20762593,0.05040917,0.009150176,0.9768657
31.311415458333613,1762753327.2355855,-0.03234656,1.5568923,0.03397727,-0.20769325,0.04963601,0.009268651,0.9768899
31.32848337500036,1762753327.2526534,-0.03218153,1.5569205,0.034226716,-0.20758678,0.048735637,0.0093316585,0.97695726
31.346788208333237,1762753327.2709582,-0.031980846,1.5569695,0.034474622,-0.2073722,0.0476632,0.009250719,0.9770565
31.367885874999956,1762753327.2920558,-0.03172604,1.5570167,0.03474772,-0.20711763,0.04638124,0.00902801,0.9771743
31.39141541666686,1762753327.3155854,-0.031418055,1.5570611,0.035155833,-0.2069803,0.04499647,0.008615449,0.97727185
31.409948041666212,1762753327.3341181,-0.031173544,1.5570873,0.035520244,-0.20698893,0.043913182,0.008135664,0.9773234
31.427839375000076,1762753327.3520093,-0.030947186,1.557095,0.03585571,-0.20708282,0.042878907,0.0075893654,0.9773538
31.445204916666626,1762753327.369375,-0.03074459,1.5570781,0.036165774,-0.20721576,0.04191042,0.0070615183,0.97737163
31.462765416667025,1762753327.3869355,-0.030562207,1.5570351,0.036464453,-0.20734105,0.04098849,0.006583342,0.9773875
31.48024066666676,1762753327.4044106,-0.030415818,1.5569603,0.036762476,-0.20747912,0.04016128,0.0061646686,0.9773953
31.498066750000362,1762753327.4222367,-0.030303461,1.5568516,0.037077796,-0.20768252,0.039392017,0.0058516706,0.97738534
31.52788645833334,1762753327.4520564,-0.03016492,1.5566152,0.03761071,-0.20823261,0.038308002,0.0055983686,0.9773128
31.545349250000072,1762753327.4695194,-0.030111715,1.5564625,0.037917137,-0.20858797,0.03787484,0.0055997665,0.9772539
31.562858083333595,1762753327.4870281,-0.030081168,1.5563134,0.03822738,-0.2089268,0.03758875,0.005725517,0.97719187
31.58160024999961,1762753327.5057702,-0.030086128,1.5561714,0.038598053,-0.20921664,0.03744641,0.005915453,0.97713417
31.599694958333203,1762753327.523865,-0.030123627,1.5560725,0.038971793,-0.20938459,0.03739044,0.006072964,0.97709936
31.62705937499959,1762753327.5512295,-0.03019767,1.5560284,0.039470248,-0.20929424,0.037433185,0.0062482175,0.977116
31.644466249999823,1762753327.5686362,-0.030249355,1.5560625,0.039748322,-0.20900866,0.037520178,0.006406625,0.97717273
31.661916458333508,1762753327.5860865,-0.030330852,1.5561478,0.040029287,-0.2086385,0.037628595,0.0065813228,0.9772465
31.679370083333197,1762753327.6035402,-0.030431345,1.5562586,0.040314853,-0.20820217,0.037695833,0.006720381,0.97733605
31.696820958332864,1762753327.620991,-0.030527271,1.5563712,0.040595412,-0.20777255,0.03773633,0.0068712058,0.97742486
31.71427545833285,1762753327.6384454,-0.030622318,1.5564808,0.040872097,-0.2073623,0.037808515,0.0070855855,0.97750765
31.731844208333314,1762753327.6560142,-0.030730687,1.5565897,0.041144907,-0.20693153,0.037963185,0.0073963627,0.9775906
31.749300624999705,1762753327.6734707,-0.03085889,1.5566933,0.041407943,-0.20648788,0.03825179,0.007842152,0.9776697
31.76670179166649,1762753327.6908717,-0.031010611,1.5567915,0.041664414,-0.20603777,0.038732987,0.008348292,0.97774154
31.795713541666373,1762753327.7198834,-0.03138345,1.5570122,0.042188577,-0.20514657,0.03995873,0.009074347,0.97787315
31.81308650000028,1762753327.7372565,-0.03165556,1.5571713,0.04250949,-0.20454428,0.0409277,0.00932151,0.9779569
31.830044666666254,1762753327.7542148,-0.0319352,1.557337,0.042814374,-0.20391186,0.04199794,0.009584772,0.97804105
31.84735712499969,1762753327.771527,-0.032219328,1.557512,0.043111265,-0.20320946,0.04319754,0.009994335,0.9781309
31.865131666666457,1762753327.7893016,-0.032509945,1.5576857,0.043415725,-0.20243609,0.044484228,0.010544173,0.9782278
31.882603416666825,1762753327.8067734,-0.03279141,1.5578414,0.043702297,-0.2016852,0.045768596,0.0111244945,0.9783172
31.900018666666256,1762753327.8241887,-0.033068214,1.5579764,0.043957543,-0.20097108,0.04707478,0.011750504,0.97839487
31.929779791666988,1762753327.8539498,-0.033525806,1.5581397,0.044309366,-0.1999894,0.04944731,0.013055607,0.97846246
31.947414458333697,1762753327.8715844,-0.033787977,1.5582098,0.044461083,-0.1995434,0.050926913,0.01383081,0.978467
31.964784833333397,1762753327.8889549,-0.03403249,1.5582628,0.04457342,-0.19910523,0.05237843,0.014444373,0.97847074
31.986529249999876,1762753327.9106994,-0.03435892,1.5583023,0.044642508,-0.19862457,0.054175317,0.015036598,0.9784617
32.00393845833332,1762753327.9281085,-0.034611054,1.558309,0.044662118,-0.1983304,0.055568878,0.01536582,0.9784381
32.02833974999976,1762753327.9525099,-0.03490756,1.5582938,0.04466646,-0.198096,0.057456184,0.015807364,0.9783695
32.04744070833294,1762753327.9716108,-0.035091642,1.5582662,0.044657003,-0.19797227,0.05882704,0.016128434,0.97830784
32.06478216666619,1762753327.9889522,-0.035221428,1.5582315,0.0446558,-0.19784494,0.059975725,0.016358633,0.97826
32.083695624999564,1762753328.0078657,-0.035317454,1.5581954,0.044655137,-0.19761868,0.061132107,0.016539147,0.9782312
32.10069391666639,1762753328.024864,-0.035370134,1.55818,0.044641376,-0.19731951,0.062036436,0.016668815,0.9782324
32.126992291666284,1762753328.0511622,-0.035383668,1.5581871,0.044603597,-0.1967333,0.0631607,0.01677094,0.9782768
32.144404958333325,1762753328.068575,-0.035347827,1.5582132,0.04456359,-0.19631161,0.06374198,0.01680074,0.9783233
32.1629575416664,1762753328.0871274,-0.035270672,1.5582657,0.044510238,-0.1958665,0.064209476,0.016842825,0.9783812
32.18032483333354,1762753328.1044948,-0.035153396,1.5583516,0.044418693,-0.19543083,0.06452998,0.016879816,0.9784466
32.19792629166659,1762753328.1220963,-0.035038237,1.5584313,0.044331245,-0.19492692,0.064734325,0.01683105,0.97853446
32.21521750000011,1762753328.1393876,-0.034923807,1.558506,0.04423189,-0.19439448,0.06481595,0.016739102,0.97863656
32.23265724999965,1762753328.1568272,-0.034786783,1.5585705,0.04410404,-0.19392662,0.06479135,0.016584933,0.9787336
32.257845416666896,1762753328.1820154,-0.034556575,1.5586236,0.043892324,-0.19340894,0.06460195,0.01633955,0.97885275
32.27573579166619,1762753328.1999059,-0.03436704,1.5586346,0.043730617,-0.19317845,0.06437023,0.01611971,0.9789171
32.29303770833303,1762753328.2172077,-0.03417521,1.5586301,0.043567955,-0.19306453,0.06411169,0.015886256,0.9789604
32.31053820833313,1762753328.2347083,-0.033979267,1.5586138,0.043404162,-0.19299814,0.0638732,0.015646556,0.97899294
32.32852216666652,1762753328.2526922,-0.0337798,1.5585833,0.043245137,-0.19299589,0.06366437,0.015362929,0.9790115
32.346407291666765,1762753328.2705772,-0.033582803,1.5585444,0.043106668,-0.19305591,0.06349816,0.015044451,0.97901535
32.36507779166641,1762753328.2892478,-0.033377945,1.5585089,0.042989254,-0.1930703,0.063353315,0.014630228,0.9790282
32.388622999999825,1762753328.312793,-0.033129964,1.5584903,0.042930137,-0.19290547,0.06324223,0.014117583,0.97907543
32.406084125000234,1762753328.330254,-0.032947302,1.5585049,0.042936563,-0.19263512,0.0632126,0.013764406,0.9791356
32.42481283333291,1762753328.3489828,-0.03274163,1.5585424,0.042973995,-0.1922466,0.06317622,0.013355147,0.9792199
32.443562041667064,1762753328.367732,-0.032522682,1.5585904,0.043055825,-0.1918432,0.06307361,0.012871836,0.9793121
32.462335999999596,1762753328.386506,-0.032282688,1.5586513,0.0431934,-0.19152214,0.06288648,0.012453744,0.9793924
32.479824416666816,1762753328.4039943,-0.032043625,1.5587376,0.043364417,-0.19125015,0.06265331,0.012172687,0.97946405
32.49864516666639,1762753328.422815,-0.031775795,1.558875,0.04357618,-0.19083065,0.062286705,0.011852248,0.97957313
32.53127570833294,1762753328.4554458,-0.031295836,1.5591973,0.043971896,-0.18973728,0.061410934,0.010989965,0.9798509
32.54881641666634,1762753328.4729865,-0.031040058,1.5593793,0.04420507,-0.18908638,0.060899153,0.010431203,0.9800147
32.56629258333305,1762753328.4904625,-0.030795075,1.5595344,0.044462264,-0.1884696,0.060402628,0.009898059,0.9801698
32.591622458333404,1762753328.5157924,-0.030429333,1.5596998,0.04487878,-0.18783772,0.059825677,0.00932024,0.98033214
32.609190999999555,1762753328.533361,-0.030183017,1.5597615,0.045211375,-0.18762685,0.059538573,0.009025246,0.98039275
32.62652312499995,1762753328.550693,-0.029951595,1.5597836,0.04558009,-0.18754022,0.05928774,0.008697719,0.98042744
32.643965333333654,1762753328.5681353,-0.029726945,1.5597824,0.045989096,-0.18750834,0.059070904,0.008379503,0.98044944
32.6611710833331,1762753328.5853412,-0.029511636,1.5597738,0.046423845,-0.18743913,0.05890026,0.008111091,0.9804752
32.678700749999734,1762753328.6028707,-0.029294772,1.5597641,0.04689031,-0.1872457,0.058750525,0.007882137,0.980523
32.696133708333036,1762753328.6203036,-0.029076867,1.5597545,0.0473783,-0.18695201,0.05867329,0.0077293534,0.98058486
32.713968166666746,1762753328.6381383,-0.028851524,1.5597359,0.047918975,-0.18669766,0.058650885,0.007599813,0.98063564
32.73139170833292,1762753328.6555617,-0.02862419,1.5597179,0.04849147,-0.18657207,0.058606613,0.0074481573,0.98066336
32.74877037500028,1762753328.6729405,-0.028386535,1.5597163,0.04908334,-0.18639743,0.058530856,0.007273532,0.9807024
32.765945125000144,1762753328.6901152,-0.028144456,1.5597469,0.04966438,-0.18607314,0.058421914,0.0069805607,0.9807726
32.79007512499993,1762753328.714245,-0.027777001,1.5598272,0.050439417,-0.18526876,0.058232803,0.006526658,0.98093927
32.80744070833316,1762753328.7316108,-0.027500771,1.5598898,0.050988913,-0.18468443,0.05801762,0.006228843,0.98106414
32.82603158333313,1762753328.7502017,-0.027195133,1.5599462,0.051582873,-0.1841802,0.057720724,0.005973516,0.98117805
32.84344004166633,1762753328.76761,-0.026903583,1.5599935,0.05212922,-0.18377315,0.05736748,0.0057354416,0.9812765
32.86176249999971,1762753328.7859325,-0.026600547,1.5600377,0.052681386,-0.18336076,0.0568807,0.0054143565,0.9813838
32.87924916666634,1762753328.803419,-0.026318103,1.5600672,0.053183615,-0.18303077,0.056341875,0.005028016,0.9814785
32.89702708333334,1762753328.821197,-0.026048465,1.560071,0.05366426,-0.18282473,0.05576028,0.004592768,0.98155224
32.91450774999976,1762753328.838678,-0.025805397,1.5600384,0.05409973,-0.18271828,0.055217285,0.0041621695,0.9816047
32.93191575000037,1762753328.8560858,-0.02558094,1.5599582,0.054505996,-0.18272482,0.054667544,0.0037923423,0.98163575
32.94968704166695,1762753328.873857,-0.025350079,1.5598122,0.054914832,-0.18299054,0.05403855,0.0035426656,0.981622
32.96710720833289,1762753328.8912773,-0.025119908,1.5596113,0.05532509,-0.18351619,0.053291447,0.0034063398,0.9815652
32.988754750000226,1762753328.9129248,-0.024832405,1.5593295,0.05585301,-0.18435499,0.052249122,0.0032864085,0.98146445
33.00609133333364,1762753328.9302614,-0.024601966,1.5590934,0.05627972,-0.18505087,0.05137391,0.0032209952,0.9813799
33.023552541666504,1762753328.9477227,-0.024368152,1.5588261,0.056709766,-0.18581809,0.050464265,0.0030956962,0.98128253
33.0410425,1762753328.9652126,-0.024135545,1.5585198,0.057163715,-0.18675116,0.049489897,0.0028143013,0.9811559
33.05872666666619,1762753328.9828966,-0.023900643,1.5581794,0.057656705,-0.18789196,0.048404604,0.0024133788,0.98099333
33.076476625000396,1762753329.0006466,-0.023663491,1.5578083,0.058187664,-0.1890745,0.047249034,0.0020091797,0.9808233
33.09407958333304,1762753329.0182495,-0.023422234,1.5574136,0.058740437,-0.19018559,0.046149135,0.0017145965,0.9806614
33.1115175833329,1762753329.0356877,-0.023177443,1.5570133,0.05931049,-0.19116913,0.045111913,0.0015020171,0.98051876
33.12896508333324,1762753329.0531352,-0.022926487,1.5566294,0.05989176,-0.19202825,0.044168368,0.0013527835,0.980394
33.14634829166698,1762753329.0705183,-0.022674194,1.5562689,0.060479812,-0.1927553,0.04329611,0.0011428561,0.98029053
33.16450116666692,1762753329.0886712,-0.022415996,1.5559182,0.06110829,-0.19344702,0.04244599,0.00082568586,0.9801918
33.18185862500013,1762753329.1060286,-0.022188887,1.5556096,0.06170571,-0.19412228,0.04164966,0.00046973364,0.9800927
33.199217958333065,1762753329.123388,-0.021975227,1.5553436,0.062283397,-0.19472197,0.04085142,0.00012084246,0.9800074
33.22278537500006,1762753329.1469555,-0.021679595,1.5550709,0.06304604,-0.19518673,0.039707962,-0.00040480393,0.9799619
33.24014570833333,1762753329.1643157,-0.021454213,1.5549253,0.063598506,-0.19536476,0.038796846,-0.0007872499,0.97996265
33.25749204166641,1762753329.181662,-0.02121196,1.5548176,0.06415802,-0.19551696,0.03784774,-0.0010946537,0.97996914
33.275632791666794,1762753329.1998029,-0.020941852,1.5547429,0.064752154,-0.19557098,0.03682596,-0.0012978949,0.97999704
33.2930024999996,1762753329.2171726,-0.020677648,1.5547118,0.06531447,-0.19545338,0.035836633,-0.0014879977,0.9800569
33.3104161250003,1762753329.2345862,-0.02041307,1.5547016,0.06585938,-0.19509959,0.03490744,-0.0017594161,0.9801605
33.328483083333595,1762753329.2526531,-0.020123975,1.5547096,0.06639223,-0.1946992,0.034256805,-0.0019330044,0.9802627
33.345978958333035,1762753329.270149,-0.019819006,1.5547416,0.06688774,-0.19446686,0.033887815,-0.0021464783,0.9803212
33.36470633333283,1762753329.2888763,-0.01946661,1.554806,0.06741898,-0.19443263,0.033509005,-0.0028196073,0.9803393
33.382012666666924,1762753329.3061826,-0.01914184,1.5548947,0.06790994,-0.19442233,0.03310127,-0.0036870458,0.9803523
33.39943741666684,1762753329.3236074,-0.018808706,1.5550284,0.06838091,-0.19424821,0.03258652,-0.00459772,0.98040026
33.41668954166653,1762753329.3408597,-0.018443584,1.5552205,0.06881738,-0.19383478,0.031860232,-0.0053885207,0.9805019
33.43413195833364,1762753329.3583019,-0.018042892,1.5554554,0.06923932,-0.19321235,0.030850722,-0.0060217744,0.98065335
33.45425620833339,1762753329.3784263,-0.017556883,1.5557487,0.06972945,-0.1923687,0.02941497,-0.006551951,0.98085994
33.47164274999977,1762753329.3958127,-0.017144723,1.5560306,0.07016962,-0.19167806,0.028074827,-0.006830241,0.9810325
33.48930362499959,1762753329.4134736,-0.016752763,1.5563588,0.07061352,-0.19087158,0.026699645,-0.007031035,0.9812267
33.50562266666657,1762753329.4297926,-0.01644282,1.5567192,0.07100308,-0.18989468,0.025398241,-0.0071925153,0.98144954
33.52305870833334,1762753329.4472287,-0.016162835,1.5571631,0.071392775,-0.18855046,0.02392022,-0.007454265,0.9817439
33.54056333333301,1762753329.4647334,-0.015924744,1.557654,0.07177389,-0.18691605,0.022422308,-0.007626434,0.98209035
33.55842562500038,1762753329.4825957,-0.01572536,1.5582074,0.07217085,-0.18505672,0.021054452,-0.00739175,0.98247445
33.57572095833348,1762753329.499891,-0.015574075,1.5588112,0.0725646,-0.18304992,0.019980019,-0.006786805,0.98287714
33.5930942916666,1762753329.5172644,-0.015466161,1.5595057,0.07295865,-0.18062374,0.01918065,-0.0059553892,0.9833472
33.610510208332926,1762753329.5346801,-0.015400238,1.5603194,0.07333326,-0.17766878,0.018575683,-0.005237028,0.9839011
33.62813987499976,1762753329.55231,-0.015374702,1.5612828,0.073689096,-0.17409556,0.017956626,-0.0049771117,0.98455244
33.64556362500025,1762753329.5697336,-0.015373279,1.5623348,0.07404422,-0.17014925,0.017339123,-0.0050912425,0.9852526
33.66499216666671,1762753329.589162,-0.01539207,1.5635598,0.07451005,-0.16551986,0.016714511,-0.005162528,0.98605126
33.682567458333324,1762753329.6067374,-0.015408968,1.5646932,0.07503028,-0.16103934,0.016278716,-0.00489213,0.9868016
33.7000045416662,1762753329.6241746,-0.015416972,1.5658966,0.07560806,-0.15614197,0.016050203,-0.0042284005,0.98759514
33.716771958333084,1762753329.6409419,-0.0154296355,1.5671635,0.076198034,-0.15100019,0.015924715,-0.0035751737,0.98839897
33.734153541666274,1762753329.6583235,-0.015448193,1.5685625,0.076849505,-0.14527442,0.015808135,-0.0032288176,0.98925984
33.756232958333385,1762753329.680403,-0.015467023,1.5704268,0.07775336,-0.13758205,0.01565025,-0.0030436926,0.99036205
33.77618908333352,1762753329.700359,-0.015493661,1.5721636,0.07868314,-0.13034736,0.0155772185,-0.0028807423,0.9913418
33.79363275000014,1762753329.7178028,-0.015525207,1.5736992,0.07958865,-0.12399017,0.0155883785,-0.0027118267,0.99215734
33.81105229166678,1762753329.7352223,-0.015543091,1.5752381,0.08053599,-0.11764764,0.01566529,-0.0025124305,0.9929287
33.835681999999906,1762753329.759852,-0.015558332,1.5774258,0.08191484,-0.1085188,0.015762705,-0.0025235622,0.9939663
33.85457058333304,1762753329.7787406,-0.01555939,1.5791087,0.08298379,-0.101239175,0.015762717,-0.0028420796,0.9947332
33.871879583332884,1762753329.7960496,-0.015522473,1.5806499,0.08401132,-0.09444097,0.015738143,-0.0030380688,0.99540144
33.88920708333353,1762753329.8133771,-0.015456289,1.5821855,0.085092306,-0.08760765,0.015645308,-0.0031707827,0.9960272
33.905898833333595,1762753329.8300688,-0.015388638,1.5836585,0.086156785,-0.08098584,0.015435687,-0.0033794763,0.99658996
33.92318991666616,1762753329.84736,-0.015316695,1.5851767,0.087283015,-0.074062206,0.015059588,-0.0036476257,0.99713326
33.940532708333194,1762753329.8647027,-0.015244936,1.5867008,0.08843135,-0.067021616,0.014546131,-0.0038255602,0.99763817
33.95827899999949,1762753329.882449,-0.015173592,1.5882916,0.08960909,-0.059583753,0.0139216855,-0.0038835185,0.9981187
33.97560854166659,1762753329.8997786,-0.015087672,1.589873,0.090706944,-0.05194376,0.013168097,-0.0040049846,0.9985551
33.99301812500016,1762753329.9171882,-0.014996968,1.5914818,0.09177345,-0.044035286,0.012243397,-0.004283726,0.9989458
34.01033779166664,1762753329.9345078,-0.014928065,1.5930554,0.09283954,-0.03606053,0.011200611,-0.004645708,0.99927604
34.027799083332866,1762753329.9519691,-0.014878631,1.59455,0.09393114,-0.028203964,0.010148539,-0.0049070064,0.99953866
34.04522912500033,1762753329.9693992,-0.0148406895,1.5959021,0.09505891,-0.02089991,0.009193239,-0.004882347,0.99972737
34.06325162499979,1762753329.9874218,-0.014800847,1.5971286,0.09626323,-0.014236751,0.008252511,-0.0046289708,0.9998539
34.080702250000286,1762753330.0048723,-0.014730357,1.5980884,0.097427785,-0.008662142,0.0072810245,-0.0042981994,0.99992675
34.0980601250003,1762753330.0222301,-0.014637207,1.5988684,0.09856277,-0.0038915484,0.006179236,-0.0039970344,0.9999653
34.115840208332884,1762753330.0400102,-0.014539746,1.5995787,0.09969913,0.00042772503,0.0048505976,-0.0038186156,0.99998087
34.1331413333337,1762753330.0573113,-0.014437564,1.6002176,0.10076642,0.0041787936,0.003390496,-0.003648679,0.99997884
34.15639595833363,1762753330.080566,-0.014256974,1.6010419,0.1020922,0.008733187,0.0013435687,-0.0028963343,0.9999568
34.175583333333634,1762753330.0997534,-0.014053454,1.601738,0.10304647,0.012191824,-0.00028461192,-0.001751215,0.99992406
34.19291224999961,1762753330.1170824,-0.013788827,1.6023569,0.10377741,0.015225257,-0.0018096475,-0.00045025843,0.99988234
34.21038145833336,1762753330.1345515,-0.013426565,1.6029025,0.10436535,0.018416887,-0.003699749,0.0008161955,0.9998232
34.22772774999976,1762753330.1518977,-0.012975723,1.6032958,0.10480976,0.021069469,-0.0061176233,0.0017410945,0.9997578
34.245378333333065,1762753330.1695483,-0.012408011,1.6034917,0.10513687,0.02246468,-0.00914606,0.0024452899,0.9997028
34.263078833333566,1762753330.187249,-0.011722617,1.603538,0.105326176,0.022391256,-0.012627231,0.0031163262,0.9996647
34.2808312916668,1762753330.2050014,-0.010955974,1.6035413,0.10528648,0.021515757,-0.016505651,0.0035842005,0.99962586
34.29824587500025,1762753330.222416,-0.010147676,1.6035227,0.10499883,0.020462453,-0.020741267,0.0032957182,0.99957
34.314958583333464,1762753330.2391286,-0.009302594,1.6034043,0.104536295,0.018939566,-0.025203137,0.002488298,0.99949986
34.332342291666464,1762753330.2565124,-0.008323267,1.6030587,0.10388951,0.016408188,-0.030130452,0.0017234671,0.9994098
34.350466374999996,1762753330.2746365,-0.0071901307,1.6023734,0.10304165,0.012525377,-0.03545656,0.0011915237,0.999292
34.36876395833315,1762753330.292934,-0.0059315115,1.6013107,0.10198319,0.007173021,-0.041197266,0.00039245913,0.9991252
34.38678029166658,1762753330.3109503,-0.004674524,1.5999902,0.100664616,0.0005757028,-0.047528464,-0.0015613654,0.9988685
34.404140083333004,1762753330.32831,-0.0034328129,1.5985652,0.099043414,-0.006686687,-0.054097798,-0.004156502,0.9985046
34.42310399999951,1762753330.347274,-0.0019554943,1.5968564,0.0968253,-0.015413768,-0.061311547,-0.007164804,0.997974
34.44043462500031,1762753330.3646047,-0.0004944926,1.5950356,0.09439259,-0.024394028,-0.06759979,-0.009719376,0.9973669
34.45837395833314,1762753330.382544,0.0011396334,1.5927589,0.091493726,-0.035689816,-0.0738779,-0.012283939,0.99655277
34.47588524999992,1762753330.4000552,0.0028045103,1.5902404,0.08826715,-0.048590362,-0.079982236,-0.015203891,0.9954952
34.49325983333347,1762753330.41743,0.0045263246,1.5875344,0.08459818,-0.062167156,-0.08639487,-0.019224072,0.9941336
34.510780083332975,1762753330.43495,0.0063941926,1.5845139,0.08041036,-0.07596999,-0.09348552,-0.024599018,0.9924132
34.5289250416663,1762753330.453095,0.008501557,1.5808744,0.07570951,-0.09127223,-0.10146662,-0.030710172,0.990167
34.546454958333015,1762753330.470625,0.010728069,1.5766943,0.07106286,-0.10845792,-0.109537445,-0.03611608,0.98738754
34.56484991666639,1762753330.4890199,0.013265401,1.571591,0.06628901,-0.12967995,-0.118251465,-0.040721532,0.98363686
34.59024858333305,1762753330.5144186,0.017086335,1.5636168,0.059936106,-0.16205688,-0.13149329,-0.047014043,0.97685045
34.60820420833352,1762753330.5323741,0.019938268,1.5575294,0.055600822,-0.18530141,-0.14220387,-0.05232149,0.97092944
34.6256985,1762753330.5498686,0.022793442,1.551304,0.051554322,-0.20788646,-0.1534421,-0.057737935,0.9643159
34.64387229166641,1762753330.5680423,0.0257984,1.5446533,0.047626425,-0.23101032,-0.16521621,-0.06281708,0.9567611
34.661353874999804,1762753330.5855238,0.028711567,1.5383885,0.04410554,-0.25203198,-0.176126,-0.0667234,0.94921416
34.67896079166621,1762753330.6031308,0.03169564,1.5324425,0.040956926,-0.27078432,-0.18676496,-0.069984995,0.941752
34.696359583333106,1762753330.6205297,0.03463077,1.5269551,0.038178563,-0.28703943,-0.19737147,-0.073461354,0.93448186
34.71285854166672,1762753330.6370285,0.037301797,1.5221119,0.0357747,-0.30128878,-0.20775518,-0.07719982,0.9274174
34.730737166666586,1762753330.6549072,0.0400422,1.5173743,0.03343439,-0.315538,-0.21919008,-0.08114863,0.9196773
34.74797208333348,1762753330.672142,0.042526975,1.5134454,0.03126674,-0.32719493,-0.23005587,-0.08450711,0.9126206
34.765552666666736,1762753330.6897228,0.044872317,1.5100952,0.029000813,-0.3365488,-0.24064438,-0.087351255,0.9061981
34.787988208333445,1762753330.7121582,0.04726615,1.5066795,0.025841951,-0.345821,-0.25296614,-0.09018864,0.89904505
34.80539262499951,1762753330.7295628,0.048719443,1.5044847,0.023356557,-0.35188484,-0.26129708,-0.091814,0.8941315
34.8229097083331,1762753330.7470796,0.049917214,1.5025091,0.0209288,-0.35733798,-0.26844016,-0.09296271,0.8897232
34.8404330000003,1762753330.764603,0.050850254,1.500671,0.018584967,-0.3623755,-0.27422723,-0.09363308,0.88584214
34.86051529166616,1762753330.7846854,0.051582724,1.4986323,0.016032988,-0.36799172,-0.2791491,-0.09398324,0.8819439
34.87793466666699,1762753330.8021047,0.051864598,1.4969778,0.014005077,-0.3730046,-0.2820538,-0.094183154,0.8788873
34.899155083333426,1762753330.8233252,0.051847737,1.4950234,0.011772156,-0.37942025,-0.2841026,-0.09442433,0.87544847
34.92534450000039,1762753330.8495145,0.051616408,1.4925239,0.009236336,-0.38750008,-0.2850643,-0.09475447,0.87155247
34.944561874999636,1762753330.868732,0.05143932,1.4906572,0.0074791433,-0.3931253,-0.28519636,-0.09484989,0.8689759
34.97015499999998,1762753330.894325,0.051301688,1.4881511,0.0052811503,-0.40031,-0.28496242,-0.09460091,0.8657939
34.99255887500021,1762753330.916729,0.051106557,1.4859986,0.003428155,-0.4064823,-0.28460807,-0.09385724,0.8631113
35.0106137916664,1762753330.9347837,0.050951764,1.4842895,0.0020673275,-0.4113676,-0.28436753,-0.092977285,0.8609687
35.0288532083332,1762753330.9530232,0.0508798,1.4825684,0.0008913756,-0.41613775,-0.28427428,-0.09189098,0.858821
35.046235416666605,1762753330.9704053,0.05087659,1.4809507,-3.33667e-05,-0.42054057,-0.28435335,-0.090650074,0.8567797
35.06367112499993,1762753330.9878411,0.050900973,1.4793547,-0.0006951749,-0.4248251,-0.2845841,-0.08925636,0.85473317
35.08135091666645,1762753331.0055208,0.050939288,1.4777904,-0.0011197925,-0.4290802,-0.2849221,-0.08782124,0.8526412
35.09876391666694,1762753331.022934,0.0509928,1.4763436,-0.0013860464,-0.43316883,-0.2852946,-0.08652043,0.8505798
35.12651949999963,1762753331.0506895,0.05109717,1.4743078,-0.0015654564,-0.43913805,-0.2859443,-0.08477014,0.84747136
35.14396120833317,1762753331.0681312,0.051184483,1.4732329,-0.0015708804,-0.44224474,-0.28627306,-0.08382672,0.8458371
35.16168687499976,1762753331.085857,0.051296797,1.4723182,-0.0015088916,-0.44467112,-0.28654128,-0.08303102,0.8445517
35.179098624999824,1762753331.1032686,0.051422495,1.471601,-0.0012526512,-0.44634497,-0.28682002,-0.082473,0.8436283
35.19657220833324,1762753331.1207423,0.051588025,1.4710615,-0.00078105927,-0.44753444,-0.2872107,-0.08220794,0.84289074
35.21431720833334,1762753331.1384873,0.051858373,1.4706695,-0.00028012993,-0.44835648,-0.28784287,-0.08222551,0.8422363
35.232484708333686,1762753331.1566548,0.05227884,1.4703866,0.00022094847,-0.44872275,-0.288795,-0.08255277,0.8416831
35.25871016666679,1762753331.1828802,0.053146202,1.4700792,0.0008922219,-0.44860622,-0.29083553,-0.083743736,0.8409246
35.27720441666679,1762753331.2013745,0.053924568,1.469848,0.0014957786,-0.44844222,-0.29265088,-0.08498645,0.84025735
35.29763987499973,1762753331.2218099,0.054935146,1.4695029,0.0022550821,-0.44847003,-0.29515812,-0.086642765,0.83919567
35.31504916666654,1762753331.2392192,0.055918075,1.4690896,0.0028688312,-0.44871122,-0.29771742,-0.08808911,0.83801126
35.332463624999946,1762753331.2566338,0.05698011,1.4685578,0.003447473,-0.4492557,-0.30057737,-0.08945702,0.8365525
35.359433958333284,1762753331.283604,0.05868919,1.4675173,0.004273951,-0.45079786,-0.3052774,-0.091354676,0.8338113
35.377666416666216,1762753331.3018365,0.059730727,1.4666556,0.004969704,-0.45210525,-0.30841315,-0.09247807,0.8318233
35.39839849999953,1762753331.3225684,0.060751192,1.4655921,0.005848819,-0.45372674,-0.3117798,-0.093794055,0.8295349
35.41594712499955,1762753331.3401172,0.06151449,1.4646968,0.0064673424,-0.4551037,-0.31427553,-0.09494208,0.82770616
35.43348262499967,1762753331.3576527,0.062164284,1.4638574,0.0069568157,-0.45630744,-0.316405,-0.09611035,0.82609576
35.46000220833321,1762753331.3841722,0.062904365,1.4627821,0.0074812113,-0.4576564,-0.3191348,-0.09807079,0.8240666
35.47752166666669,1762753331.4016917,0.0632596,1.4622791,0.007814402,-0.4583646,-0.32042706,-0.0992544,0.82302916
35.49462662499991,1762753331.4187965,0.06351412,1.4619476,0.008109391,-0.45885405,-0.32132056,-0.10027088,0.8222845
35.51222245833287,1762753331.4363925,0.06368865,1.4617468,0.0082695605,-0.45900565,-0.32207882,-0.10131624,0.82177496
35.529777291666505,1762753331.4539473,0.063801855,1.4616841,0.008287961,-0.45878527,-0.32263452,-0.10226536,0.82156247
35.54740637499981,1762753331.4715765,0.063859,1.4617369,0.008173573,-0.45824343,-0.32294,-0.103141166,0.8216353
35.56490104166642,1762753331.4890711,0.063861474,1.4618793,0.007941484,-0.45738903,-0.32302222,-0.10398445,0.8219727
35.582313583333416,1762753331.5064836,0.063868836,1.4620836,0.0078164935,-0.4562623,-0.3230954,-0.10487163,0.8224573
35.59974925000006,1762753331.5239193,0.06390314,1.4623389,0.007816672,-0.45503277,-0.3233075,-0.105787285,0.8229377
35.62770133333288,1762753331.5518713,0.06394641,1.462792,0.007749492,-0.4533369,-0.3238514,-0.10720726,0.8234759
35.64523841666687,1762753331.5694084,0.06396613,1.463054,0.007678747,-0.45256227,-0.32421163,-0.108022735,0.8236537
35.66291329166688,1762753331.5870833,0.06404279,1.4632623,0.007739842,-0.45200774,-0.3245751,-0.10876178,0.8237177
35.68052816666659,1762753331.6046982,0.064170144,1.4634216,0.007873714,-0.4516115,-0.32507047,-0.10943117,0.8236511
35.69834016666664,1762753331.6225102,0.06431817,1.4635512,0.007958961,-0.451312,-0.32585108,-0.11011924,0.82341504
35.72902499999964,1762753331.653195,0.06465084,1.4637096,0.008019865,-0.451102,-0.32792765,-0.11132242,0.8225435
35.74611883333364,1762753331.6702888,0.06491631,1.4637722,0.007999897,-0.45104063,-0.32948735,-0.111885354,0.8218771
35.767943708333405,1762753331.6921136,0.06536102,1.4638296,0.007910728,-0.45093906,-0.33197078,-0.11248502,0.8208511
35.79784229166671,1762753331.7220123,0.066239364,1.4637438,0.008159036,-0.45099097,-0.33577916,-0.11314999,0.8191805
35.8290247916666,1762753331.7531948,0.06719901,1.463499,0.008402896,-0.45148155,-0.33949026,-0.11361196,0.81731457
35.84657104166672,1762753331.770741,0.06770133,1.4633197,0.008409971,-0.4519139,-0.34135884,-0.11388744,0.8162583
35.86509120833307,1762753331.7892613,0.0681896,1.4631042,0.008318365,-0.4524441,-0.34314615,-0.114226125,0.8151671
35.89351054166673,1762753331.8176806,0.068934776,1.4627107,0.0082117915,-0.45344228,-0.345588,-0.11489613,0.8134851
35.91106633333311,1762753331.8352363,0.0693838,1.4624367,0.008058185,-0.45409378,-0.34697562,-0.11529044,0.81247455
35.928534166666395,1762753331.8527043,0.069817245,1.4621516,0.007799983,-0.45469105,-0.3482571,-0.115646005,0.8115412
35.94622212499962,1762753331.870392,0.070231915,1.4618572,0.007431686,-0.4552529,-0.34941962,-0.11597881,0.81067854
35.96364795833324,1762753331.8878179,0.0705981,1.4615608,0.0069759428,-0.45576963,-0.3503089,-0.11628447,0.80996025
35.981312249999974,1762753331.9054823,0.07094184,1.4612775,0.0066817403,-0.45631695,-0.3508003,-0.1165413,0.8094023
35.99827012500009,1762753331.92244,0.071241945,1.4610084,0.006542027,-0.4568641,-0.35089624,-0.11688283,0.80900276
36.01564695833349,1762753331.939817,0.07147665,1.4607031,0.0062763095,-0.45739722,-0.3506886,-0.11748851,0.8087038
36.03302895833349,1762753331.9571989,0.07163263,1.4603727,0.005898416,-0.45794696,-0.3501842,-0.11832229,0.8084897
36.06366208333293,1762753331.987832,0.07173277,1.4597534,0.005023253,-0.45898038,-0.3486913,-0.12034699,0.80824995
36.08116212499954,1762753332.0053322,0.07170927,1.459439,0.004550457,-0.4596841,-0.34742647,-0.12135619,0.8082438
36.098613125000156,1762753332.022783,0.07165646,1.4591513,0.004106581,-0.46039325,-0.34599605,-0.12214816,0.80833447
36.117900166666914,1762753332.0420702,0.0715816,1.4588305,0.0035737692,-0.46123645,-0.34439585,-0.12286589,0.8084284
36.13528220833359,1762753332.0594523,0.07149361,1.4585285,0.0030663013,-0.4620471,-0.34299144,-0.12346362,0.80847144
36.16169954166617,1762753332.0858696,0.07128864,1.4580425,0.0022331476,-0.46335122,-0.3407673,-0.1243725,0.8085263
36.17933662500036,1762753332.1035066,0.071082704,1.4577116,0.0016093254,-0.46422666,-0.3390101,-0.1249162,0.808679
36.19634116666657,1762753332.1205113,0.0708116,1.4573599,0.001052022,-0.46503627,-0.33693925,-0.1253177,0.8090171
36.213777500000106,1762753332.1379476,0.07042177,1.456986,0.00051021576,-0.4657651,-0.33431834,-0.12563519,0.80963564
36.2320442500004,1762753332.1562142,0.069840185,1.4566354,-0.00020217896,-0.46645492,-0.33079806,-0.1259027,0.81064236
36.26119258333347,1762753332.1853626,0.06829738,1.4561634,-0.0017937422,-0.4676951,-0.32181278,-0.126515,0.81344444
36.27871425000012,1762753332.2028842,0.06678215,1.4559441,-0.0031014145,-0.46825406,-0.3132973,-0.12752926,0.8162838
36.29697162499997,1762753332.2211416,0.06462994,1.455745,-0.0047728894,-0.46842113,-0.30186614,-0.12954295,0.820169
36.3143825833331,1762753332.2385526,0.062113363,1.4555742,-0.0066069365,-0.46833625,-0.28913015,-0.13207793,0.8243909
36.332295333333605,1762753332.2564654,0.059219684,1.4554499,-0.008605843,-0.46820402,-0.27488545,-0.13465431,0.82890964
36.35200425000039,1762753332.2761743,0.05584009,1.4553975,-0.010838151,-0.46805346,-0.25859436,-0.13688125,0.8338576
36.392680416666735,1762753332.3168504,0.048513085,1.4555106,-0.015173674,-0.46823415,-0.22495505,-0.13878581,0.8431432
36.410055541666225,1762753332.3342257,0.045155875,1.4556093,-0.016771441,-0.46887076,-0.21083331,-0.13827813,0.84651566
36.42746524999984,1762753332.3516352,0.041579816,1.4557467,-0.01822126,-0.4698273,-0.19647329,-0.13680612,0.8496733
36.44494408333321,1762753332.3691142,0.037788946,1.4559499,-0.01965779,-0.4708146,-0.1813475,-0.13440105,0.8528676
36.462406999999985,1762753332.3865771,0.03368458,1.4562322,-0.02113909,-0.47159892,-0.16501513,-0.13136426,0.8562172
36.48027204166647,1762753332.404442,0.029041396,1.4565979,-0.022626568,-0.47216162,-0.14634512,-0.12777531,0.85983723
36.49800933333336,1762753332.4221795,0.023844559,1.4570649,-0.024104118,-0.47248605,-0.12532254,-0.123850726,0.8635463
36.52548300000035,1762753332.449653,0.014558837,1.4580683,-0.026437521,-0.47214144,-0.08801105,-0.11757926,0.8692018
36.54378387500037,1762753332.467954,0.007685239,1.4589349,-0.02790994,-0.47116998,-0.060772,-0.11341714,0.8726066
36.56137733333344,1762753332.4855473,0.0007183328,1.4598998,-0.029157579,-0.46975902,-0.033632647,-0.10943416,0.8753396
36.57938004166681,1762753332.50355,-0.006717538,1.4609984,-0.030125147,-0.46808952,-0.005639054,-0.10538394,0.87735665
36.596733666666296,1762753332.5209036,-0.014003612,1.4621251,-0.030700743,-0.46651697,0.020964468,-0.101339415,0.87843764
36.61407166666686,1762753332.5382416,-0.021192683,1.4632721,-0.03094018,-0.46509174,0.046603564,-0.09698018,0.8786994
36.63363270833361,1762753332.5578027,-0.0290395,1.464549,-0.030847495,-0.46362153,0.07385771,-0.09152551,0.87819314
36.659434458333635,1762753332.5836046,-0.038756616,1.4661453,-0.030270875,-0.46183196,0.10644481,-0.08329233,0.87660885
36.67690754166688,1762753332.6010776,-0.04471551,1.46714,-0.02963531,-0.4607734,0.1260736,-0.07714977,0.87512356
36.69361733333335,1762753332.6177874,-0.04993092,1.467992,-0.028884595,-0.45988455,0.14301015,-0.07093729,0.87351143
36.711321208333175,1762753332.6354911,-0.055077985,1.4687793,-0.027999759,-0.4590564,0.15918659,-0.063921385,0.87168854
36.728713499999685,1762753332.6528835,-0.05976825,1.4694417,-0.027083104,-0.4582649,0.17348707,-0.05668543,0.86987484
36.74623637500008,1762753332.6704063,-0.06414646,1.4700027,-0.026150703,-0.45747843,0.1863315,-0.049461313,0.86807126
36.764976374999605,1762753332.6891463,-0.06845831,1.470495,-0.025167113,-0.4567958,0.19836843,-0.042126384,0.86614835
36.793578333333244,1762753332.7177484,-0.07422472,1.471045,-0.02355588,-0.45593262,0.21393868,-0.031477228,0.8633452
36.81098962499982,1762753332.7351596,-0.07730595,1.4713106,-0.022606503,-0.4554102,0.22203803,-0.025295665,0.8617777
36.82868683333345,1762753332.7528567,-0.080124535,1.4715594,-0.021711636,-0.4548936,0.22913665,-0.019375885,0.8603446
36.84763691666649,1762753332.771807,-0.0828124,1.4718165,-0.020864844,-0.45419598,0.23558722,-0.01343388,0.85908335
36.86467300000004,1762753332.788843,-0.08497048,1.472058,-0.020226782,-0.4533338,0.24042223,-0.008474509,0.85826206
36.891426833332844,1762753332.8155968,-0.08811408,1.4725784,-0.019529164,-0.4516863,0.24635264,-0.0013708674,0.85748935
36.910375416666284,1762753332.8345454,-0.0900505,1.4729573,-0.019210517,-0.45051238,0.24944212,0.0034064227,0.8572081
36.928894083333034,1762753332.853064,-0.091663554,1.4732858,-0.019000828,-0.44945872,0.25148618,0.007623692,0.8571368
36.94625670833284,1762753332.8704267,-0.09296051,1.4735829,-0.018897653,-0.44846958,0.25262442,0.011071077,0.8572826
36.964580708333415,1762753332.8887508,-0.0941342,1.4738976,-0.018885732,-0.44734168,0.25331792,0.0143200345,0.85761905
36.99134258333288,1762753332.9155126,-0.09543079,1.4744052,-0.018910706,-0.4457211,0.25372964,0.018413438,0.8582627
37.009771166666724,1762753332.9339411,-0.09612344,1.4746969,-0.018977463,-0.44480643,0.25365558,0.020761965,0.85870546
37.02838141666689,1762753332.9525514,-0.09670579,1.4749396,-0.01909781,-0.44403133,0.25330615,0.02278622,0.8591583
37.04582025000036,1762753332.9699903,-0.09714821,1.4751517,-0.019256473,-0.44329888,0.2527346,0.024410741,0.8596601
37.063429583333345,1762753332.9875996,-0.09748368,1.475374,-0.019444048,-0.44253683,0.25195527,0.025913626,0.8602373
37.0811286666667,1762753333.0052986,-0.09752269,1.4756219,-0.019573748,-0.44182527,0.25098702,0.027358582,0.86084116
37.098521708333465,1762753333.0226917,-0.097310156,1.4759105,-0.01963085,-0.44117555,0.24984998,0.028848257,0.8614562
37.125625624999884,1762753333.0497956,-0.09686911,1.4764638,-0.019754887,-0.4399226,0.24779253,0.03127151,0.862606
37.14363225000034,1762753333.0678022,-0.09654005,1.4769129,-0.019896924,-0.43863875,0.24634159,0.03281503,0.8636174
37.16240316666699,1762753333.0865731,-0.09618969,1.4774256,-0.020082355,-0.4370071,0.24484712,0.03429606,0.86481124
37.17984816666649,1762753333.1040182,-0.095820665,1.4778885,-0.020223022,-0.4354498,0.24347565,0.03560708,0.86593026
37.19825220833354,1762753333.1224222,-0.09542163,1.4783463,-0.020317852,-0.433877,0.24224661,0.03700902,0.867005
37.21578950000003,1762753333.1399596,-0.09509401,1.4787691,-0.020375311,-0.43243608,0.24140291,0.038328007,0.86790246
37.23452558333338,1762753333.1586957,-0.09478842,1.4791896,-0.020403206,-0.43094516,0.24079208,0.039673623,0.86875284
37.262207708333335,1762753333.1863778,-0.094334655,1.4796741,-0.020339137,-0.42927325,0.24006361,0.041657936,0.86968875
37.279654375000064,1762753333.2038243,-0.0939489,1.4798187,-0.020175219,-0.4287836,0.23963223,0.04287233,0.8699902
37.297999416666244,1762753333.2221694,-0.093507305,1.4798328,-0.01990068,-0.42876586,0.23926184,0.043984786,0.8700454
37.33039208333321,1762753333.2545621,-0.09280783,1.4795675,-0.01928711,-0.42977396,0.2389079,0.045604896,0.86956173
37.34785333333366,1762753333.2720234,-0.092450984,1.4792637,-0.018917626,-0.43084267,0.23880793,0.046460595,0.86901486
37.36529858333324,1762753333.2894685,-0.09210179,1.4788456,-0.018530775,-0.4322568,0.23874488,0.04728436,0.8682852
37.395312291666414,1762753333.3194823,-0.09162972,1.4779549,-0.017906314,-0.43504205,0.23852183,0.04832819,0.86689687
37.412869624999985,1762753333.3370397,-0.09146978,1.4773915,-0.017580628,-0.4365985,0.23850454,0.048841987,0.86609
37.42957633333299,1762753333.3537464,-0.09138709,1.4768562,-0.017258704,-0.4379608,0.23872602,0.049379855,0.8653103
37.447482666666474,1762753333.3716526,-0.091352746,1.4763236,-0.016869366,-0.43939433,0.23922324,0.050062787,0.86440647
37.46465641666691,1762753333.3888264,-0.091359824,1.4758874,-0.016471386,-0.44069564,0.23998779,0.050852783,0.8634855
37.49351270833358,1762753333.4176826,-0.091355145,1.475432,-0.015856445,-0.44220862,0.24164358,0.0520098,0.86218035
37.51094112499959,1762753333.435111,-0.091406785,1.4753613,-0.015591091,-0.44251066,0.24270402,0.052395888,0.861704
37.53011454166699,1762753333.4542847,-0.091537975,1.4754559,-0.015416985,-0.44229558,0.24373871,0.05244456,0.8615194
37.547508083333014,1762753333.471678,-0.09170282,1.4756714,-0.015359342,-0.44171384,0.24454835,0.05229142,0.8615977
37.56472745833344,1762753333.4888976,-0.09186207,1.475975,-0.015410602,-0.4408724,0.24535684,0.05217761,0.8618057
37.58212570833348,1762753333.5062957,-0.09201758,1.4763348,-0.01555146,-0.43988246,0.24629134,0.052199826,0.86204356
37.59958783333332,1762753333.523758,-0.09219418,1.4767183,-0.01575852,-0.43878642,0.24734776,0.05235131,0.8622905
37.6169238333332,1762753333.5410938,-0.09238736,1.4770877,-0.016043663,-0.43767673,0.2482927,0.052387632,0.86258066
37.63436337500025,1762753333.5585334,-0.09259382,1.4774206,-0.016391516,-0.43670452,0.24891977,0.05215123,0.86290693
37.65576066666654,1762753333.5799308,-0.092868686,1.4777567,-0.016872585,-0.43589973,0.24955246,0.051904917,0.863146
37.6721457499998,1762753333.5963159,-0.09309804,1.4779569,-0.017277246,-0.43543708,0.25027648,0.052025836,0.8631626
37.69335279166626,1762753333.6175227,-0.09338191,1.4781591,-0.017960608,-0.43491495,0.25139165,0.052325435,0.8630836
37.710758791666194,1762753333.6349287,-0.09361844,1.4782842,-0.018596232,-0.43461365,0.25215948,0.05247255,0.8630024
37.72822287500003,1762753333.6523929,-0.09387633,1.4783752,-0.019229054,-0.43442875,0.25274003,0.052473526,0.8629257
37.74571837500025,1762753333.6698885,-0.094152406,1.4784404,-0.019835472,-0.43436712,0.2532606,0.05249941,0.86280245
37.76477795833307,1762753333.688948,-0.09441538,1.4784906,-0.020423591,-0.43439937,0.25385574,0.05272956,0.8625973
37.782852999999704,1762753333.707023,-0.09462571,1.4785382,-0.020929873,-0.43453753,0.25433692,0.05310923,0.8623626
37.800231999999596,1762753333.724402,-0.094797984,1.4786075,-0.021420658,-0.4347143,0.25458553,0.05365546,0.86216635
37.825953749999826,1762753333.7501237,-0.09499724,1.4787779,-0.022233486,-0.4347101,0.25421336,0.054463405,0.8622276
37.84453337499963,1762753333.7687035,-0.0950881,1.4789591,-0.02291364,-0.43437102,0.25330773,0.05508781,0.8626253
37.86102891666633,1762753333.785199,-0.09512606,1.4791453,-0.02355951,-0.43387955,0.25231832,0.05590295,0.86311
37.87859866666622,1762753333.8027687,-0.09515901,1.4793628,-0.024254262,-0.43320963,0.25136966,0.056970015,0.86365336
37.896188749999965,1762753333.8203588,-0.09521823,1.4796065,-0.024957895,-0.4324304,0.2507638,0.058083106,0.86414576
37.91383829166625,1762753333.8380084,-0.09532647,1.4798737,-0.025654376,-0.43159372,0.25057054,0.059096973,0.86455125
37.93189341666675,1762753333.8560634,-0.09550841,1.4801613,-0.026331425,-0.4307915,0.25075,0.05993921,0.8648413
37.96137979166633,1762753333.8855498,-0.09592745,1.4806509,-0.027358055,-0.42966825,0.251866,0.06105583,0.8649977
37.978885416666344,1762753333.9030554,-0.09622644,1.4809493,-0.02793771,-0.4290503,0.25310618,0.06165948,0.8648996
37.99552866666636,1762753333.9196987,-0.09654406,1.4812381,-0.02848059,-0.42844492,0.2546542,0.062145326,0.86471045
38.013059041666565,1762753333.9372292,-0.0969015,1.4815481,-0.029057313,-0.4277662,0.25653577,0.06245484,0.864468
38.03139483333325,1762753333.9555647,-0.097249106,1.4818865,-0.029675841,-0.42707697,0.2585375,0.06254241,0.8642061
38.04884091666645,1762753333.973011,-0.09749508,1.4822353,-0.030290484,-0.42646277,0.26021567,0.062438466,0.8640132
38.06626008333296,1762753333.99043,-0.09761389,1.4826251,-0.030963188,-0.42584157,0.2614696,0.062220424,0.86395675
38.09226783333361,1762753334.0164378,-0.0974727,1.483303,-0.03217137,-0.42463583,0.2621646,0.06172558,0.864375
38.11012054166622,1762753334.0342906,-0.09708856,1.4838617,-0.033216417,-0.42356282,0.26147017,0.061249293,0.8651453
38.127959083332826,1762753334.052129,-0.09642824,1.4844924,-0.034482706,-0.4222063,0.25956163,0.060766883,0.86641616
38.14589970833367,1762753334.0700698,-0.09546312,1.4851848,-0.036024798,-0.4205037,0.25623834,0.06033729,0.86826146
38.163327375000335,1762753334.0874975,-0.09421441,1.4858668,-0.037818193,-0.41851577,0.2515571,0.060014732,0.87061
38.180816791666984,1762753334.104987,-0.09265457,1.4865373,-0.039877832,-0.4163103,0.24531804,0.059696667,0.873465
38.19821258333286,1762753334.1223826,-0.09080755,1.487176,-0.042117905,-0.4141469,0.2375656,0.059398726,0.87665087
38.215724208333086,1762753334.1398942,-0.08865587,1.4877512,-0.04450769,-0.41216284,0.22823648,0.059166618,0.8800734
38.23318083333288,1762753334.1573508,-0.086238265,1.488235,-0.04698515,-0.41053197,0.21750961,0.05900728,0.883556
38.259670749999714,1762753334.1838408,-0.08214833,1.48878,-0.0508399,-0.40869838,0.19909841,0.05882627,0.88874346
38.27732974999981,1762753334.2014997,-0.07923463,1.4890753,-0.053418994,-0.40783215,0.18594739,0.058541585,0.89200306
38.29737345833291,1762753334.2215436,-0.07584547,1.4893448,-0.056308694,-0.40711886,0.17068559,0.05797073,0.89541054
38.31475741666691,1762753334.2389274,-0.0728902,1.4894844,-0.05875314,-0.40681064,0.15743399,0.057291277,0.8980186
38.33235637500002,1762753334.2565265,-0.06991814,1.4895523,-0.061164916,-0.40677497,0.1441257,0.05644314,0.90032
38.34969812500003,1762753334.273868,-0.06703278,1.4895573,-0.06349481,-0.40690294,0.13115339,0.055455152,0.90230453
38.367428124999606,1762753334.291598,-0.06412741,1.4894934,-0.06584911,-0.40712723,0.11809574,0.054276332,0.9040768
38.39670854166707,1762753334.3208785,-0.059451733,1.4892098,-0.069605574,-0.4080567,0.097260036,0.05206484,0.9062668
38.41414641666688,1762753334.3383164,-0.056737587,1.4889172,-0.0717327,-0.4090148,0.08527683,0.05058245,0.90712523
38.431624333333275,1762753334.3557944,-0.054078907,1.4885082,-0.07377684,-0.4102258,0.07346782,0.04883435,0.9077073
38.449198250000336,1762753334.3733683,-0.05147572,1.4879675,-0.07570636,-0.41175905,0.06173693,0.046846874,0.9079914
38.46668745833358,1762753334.3908575,-0.048946947,1.487301,-0.07744932,-0.41379863,0.050178837,0.04471284,0.9078841
38.494603916666165,1762753334.418774,-0.0449872,1.4859941,-0.07976222,-0.41812417,0.03194092,0.041223694,0.9068917
38.51206279166672,1762753334.4362328,-0.042545617,1.4850835,-0.08097577,-0.42100978,0.020795733,0.039219752,0.90596914
38.53170983333348,1762753334.45588,-0.03983426,1.4840215,-0.082153976,-0.4242027,0.008666663,0.037281185,0.90475804
38.559981499999594,1762753334.4841516,-0.03599685,1.4824873,-0.08344148,-0.42887658,-0.007904545,0.035249032,0.9026406
38.5777400416664,1762753334.50191,-0.033549383,1.4815259,-0.084071934,-0.4318564,-0.017843166,0.03437521,0.9011105
38.59695887500038,1762753334.521129,-0.030897677,1.4805366,-0.08465028,-0.43480137,-0.028012456,0.03368984,0.8994599
38.61433508333357,1762753334.538505,-0.02860199,1.4797318,-0.08508819,-0.43702912,-0.0363876,0.033159703,0.89809906
38.63182320833312,1762753334.5559933,-0.026431732,1.4789939,-0.08546263,-0.4388506,-0.043846816,0.032570437,0.8968984
38.661012666666466,1762753334.5851827,-0.0231705,1.4778733,-0.08589674,-0.44139695,-0.053864885,0.031465292,0.89514095
38.67846779166666,1762753334.6026378,-0.021457255,1.4772245,-0.08607417,-0.44277352,-0.05840349,0.030666525,0.89420366
38.69614629166699,1762753334.6203163,-0.01992668,1.4765772,-0.086177714,-0.4441289,-0.061860505,0.029708594,0.89333093
38.71411429166619,1762753334.6382842,-0.018596193,1.475952,-0.086163566,-0.4455047,-0.064275354,0.02854592,0.892513
38.73151770833283,1762753334.6556878,-0.017500065,1.4753718,-0.086063504,-0.446792,-0.0656914,0.027270043,0.89180595
38.749179874999754,1762753334.6733499,-0.016552702,1.4747984,-0.0859043,-0.44800276,-0.06628686,0.025925612,0.8911944
38.76664733333291,1762753334.6908174,-0.015708184,1.47424,-0.08570141,-0.4491473,-0.06610354,0.024612706,0.890669
38.79388779166675,1762753334.7180579,-0.014581755,1.4732898,-0.0852744,-0.45111609,-0.06452104,0.02259856,0.88984305
38.81130200000007,1762753334.735472,-0.014007007,1.4725671,-0.08491505,-0.4526825,-0.062869675,0.021339042,0.8891966
38.829563291667,1762753334.7537334,-0.01349961,1.4716758,-0.084448576,-0.45471197,-0.060767706,0.020025156,0.88833743
38.848064541666645,1762753334.7722344,-0.013068795,1.4706151,-0.08387691,-0.45727384,-0.05837583,0.018741481,0.8872101
38.86560537500009,1762753334.7897754,-0.012723587,1.4694537,-0.08326322,-0.4602423,-0.05593459,0.01760352,0.88585466
38.89075858333308,1762753334.8149285,-0.01212094,1.4675032,-0.082407594,-0.46530858,-0.05225911,0.016109833,0.8834577
38.90986466666618,1762753334.8340347,-0.011680417,1.4658141,-0.081772506,-0.46969032,-0.049392488,0.015192154,0.88131756
38.92815895833337,1762753334.852329,-0.011330165,1.4640437,-0.08117753,-0.47421393,-0.04656014,0.014501054,0.87905806
38.94572900000003,1762753334.869899,-0.011061437,1.4622314,-0.08063108,-0.47880313,-0.04374075,0.013994615,0.8767203
38.96491791666631,1762753334.889088,-0.010845296,1.4601854,-0.080090344,-0.48394784,-0.04056842,0.013626798,0.8740498
38.989242916666626,1762753334.913413,-0.010674991,1.4576225,-0.07959634,-0.49032542,-0.03650703,0.013353237,0.8706721
39.00663362500018,1762753334.9308035,-0.010613769,1.4558359,-0.07939249,-0.4946201,-0.0336328,0.01322014,0.86835766
39.025295333332906,1762753334.9494653,-0.010596027,1.4539665,-0.07928897,-0.49903092,-0.030562721,0.01306338,0.86594653
39.043161208333004,1762753334.9673312,-0.010623646,1.4522481,-0.07929383,-0.5031337,-0.027620206,0.012856425,0.8636714
39.061521833333245,1762753334.9856918,-0.010694635,1.4505748,-0.07942516,-0.507139,-0.024688458,0.012396779,0.86142135
39.07902058333366,1762753335.0031905,-0.010778621,1.4491068,-0.079652846,-0.5106516,-0.022056298,0.011631435,0.859426
39.09687954166657,1762753335.0210495,-0.010863915,1.4477322,-0.080011725,-0.5138711,-0.019539079,0.010595236,0.85757947
39.11420575000011,1762753335.0383759,-0.010950771,1.4464529,-0.0805387,-0.51667726,-0.017234756,0.009436549,0.8559547
39.131430499999624,1762753335.0556004,-0.011034459,1.4452163,-0.08121055,-0.519286,-0.015031621,0.008251163,0.85442847
39.14879266666685,1762753335.0729628,-0.011113179,1.443992,-0.082001574,-0.52179235,-0.012939458,0.0070185377,0.8529455
39.16567183333336,1762753335.0898418,-0.011187243,1.4428445,-0.08283503,-0.5242165,-0.011075836,0.005877282,0.8514927
39.20314637499996,1762753335.1273165,-0.01126647,1.4403232,-0.0849278,-0.5295688,-0.00749461,0.0038018057,0.84822536
39.22051420833304,1762753335.1446843,-0.011242676,1.4391149,-0.08602019,-0.5320935,-0.006214918,0.0030557162,0.8466572
39.237915708333276,1762753335.1620858,-0.011187732,1.4378694,-0.08717793,-0.5347603,-0.005268977,0.0024473413,0.8449838
39.257127500000024,1762753335.1812975,-0.01109793,1.4364388,-0.08852917,-0.53788805,-0.0045281057,0.0019740015,0.84300184
39.27452054166679,1762753335.1986907,-0.010996846,1.4351178,-0.08975715,-0.54074794,-0.0039764573,0.0017909546,0.84117335
39.29318008333303,1762753335.21735,-0.010869198,1.4336709,-0.09108049,-0.54375505,-0.0034514784,0.0018210354,0.8392349
39.31151258333284,1762753335.2356825,-0.010725968,1.4321771,-0.092479706,-0.54667664,-0.003025894,0.0020043713,0.83733594
39.328914041666394,1762753335.253084,-0.010572895,1.4306931,-0.09386635,-0.5495223,-0.0027068919,0.002217585,0.83547175
39.34647233333362,1762753335.2706423,-0.010411873,1.4291348,-0.09529364,-0.5524972,-0.0024974803,0.002444218,0.8335075
39.3648717916667,1762753335.2890418,-0.010248479,1.4274617,-0.09676809,-0.55568993,-0.0023986886,0.0026349556,0.831382
39.38253387500026,1762753335.3067038,-0.01010554,1.4258293,-0.09815932,-0.5588115,-0.002437624,0.0027573227,0.8292866
39.39996916666678,1762753335.324139,-0.009986527,1.4241892,-0.099514544,-0.5618974,-0.0026411118,0.002823012,0.82719785
39.428017208333586,1762753335.3521872,-0.009878081,1.4215053,-0.10160185,-0.5667727,-0.0033431412,0.002866745,0.82386243
39.445460124999954,1762753335.36963,-0.0098869875,1.4198216,-0.102803946,-0.56984764,-0.0039883093,0.0029464478,0.82173544
39.46333033333303,1762753335.3875003,-0.009981327,1.4180913,-0.103940785,-0.5731144,-0.0047368105,0.0032067262,0.8194554
39.48106866666694,1762753335.4052386,-0.010215494,1.41634,-0.10491784,-0.57644427,-0.00558942,0.003682534,0.81710905
39.49845179166641,1762753335.4226217,-0.010604468,1.4146063,-0.1057543,-0.5796774,-0.0065875445,0.004314539,0.814808
39.51583550000032,1762753335.4400055,-0.011144981,1.4128919,-0.106565595,-0.5827495,-0.0076996726,0.0050935773,0.8125994
39.53328412500014,1762753335.4574542,-0.011857435,1.4111912,-0.10736865,-0.585569,-0.008885646,0.0059948633,0.8105517
39.55909249999968,1762753335.4832625,-0.013246615,1.4086553,-0.10851414,-0.58926964,-0.010742082,0.0075703925,0.80782956
39.57662687500033,1762753335.5007968,-0.014431921,1.406868,-0.10922802,-0.5915791,-0.012005219,0.008723957,0.8061104
39.593459791666646,1762753335.5176299,-0.015775882,1.4050729,-0.10984832,-0.59378064,-0.013088325,0.00985494,0.80446017
39.6109296249997,1762753335.5350997,-0.017406752,1.4031132,-0.11042357,-0.5962288,-0.01395384,0.011027845,0.80261755
39.62740670833318,1762753335.5515766,-0.019168882,1.4011619,-0.11090369,-0.5987759,-0.014506287,0.0120631065,0.8006944
39.64473354166694,1762753335.5689034,-0.021249404,1.3989635,-0.11136161,-0.6015142,-0.0148328645,0.0130186295,0.79861826
39.662202541666375,1762753335.5863726,-0.023567034,1.3965534,-0.111808784,-0.6042211,-0.0148968,0.013822071,0.79655755
39.68178483333304,1762753335.605955,-0.026395924,1.3935391,-0.11227375,-0.60715973,-0.014535713,0.014619431,0.79431236
39.699200333333465,1762753335.6233704,-0.02909211,1.3905392,-0.11263782,-0.60965085,-0.013751387,0.015228319,0.7924045
39.73237175000031,1762753335.6565418,-0.03469292,1.3840379,-0.11324257,-0.61440474,-0.011404562,0.015964372,0.7887471
39.7616267083331,1762753335.6857967,-0.04000234,1.3776009,-0.11357629,-0.6193486,-0.008529123,0.016242592,0.7849018
39.7792035416669,1762753335.7033737,-0.043279845,1.3735476,-0.11362384,-0.62277484,-0.0064972774,0.016299939,0.7822044
39.79658708333318,1762753335.720757,-0.046556965,1.3694232,-0.11358631,-0.6263059,-0.004394196,0.016247615,0.77939576
39.81351066666684,1762753335.7376807,-0.049780875,1.3652769,-0.11355883,-0.6296033,-0.0022678382,0.016031843,0.77674806
39.832535166666275,1762753335.7567053,-0.053418025,1.3604937,-0.11359066,-0.6328425,0.00021382599,0.015604859,0.7741233
39.84982187500009,1762753335.7739918,-0.056697547,1.3560712,-0.11369413,-0.6350492,0.0026120415,0.015053243,0.77232057
39.867255125000156,1762753335.7914252,-0.05994588,1.3516074,-0.113880575,-0.63648057,0.005156909,0.014291654,0.7711431
39.89013158333364,1762753335.8143015,-0.06406387,1.3458716,-0.1142242,-0.6374575,0.008474444,0.012942123,0.7703302
39.90766995833292,1762753335.83184,-0.067019224,1.3416256,-0.11446351,-0.63789344,0.010937692,0.011840111,0.7699559
39.928665458332944,1762753335.8528354,-0.070306696,1.3367225,-0.114653595,-0.6383124,0.013893865,0.010745646,0.769577
39.94606229166675,1762753335.8702323,-0.07287699,1.3327512,-0.11473727,-0.63854307,0.016197184,0.010096945,0.76934934
39.96460766666678,1762753335.8887777,-0.07547102,1.3285007,-0.11474682,-0.6383533,0.018433964,0.009618345,0.76946265
39.99050174999957,1762753335.9146717,-0.0788415,1.3224273,-0.114446945,-0.6370587,0.02153876,0.009444656,0.7704564
40.00792233333323,1762753335.9320924,-0.08094595,1.3181823,-0.11412452,-0.6356316,0.023783524,0.009640824,0.77156585
40.025354708333,1762753335.9495246,-0.08290915,1.3137792,-0.11371833,-0.6338312,0.026135135,0.010070309,0.7729641
40.043428916666926,1762753335.967599,-0.08476735,1.3090469,-0.11316107,-0.63167787,0.028702153,0.01071181,0.77462536
40.06126241666698,1762753335.9854324,-0.08640826,1.304232,-0.11241585,-0.6294304,0.03132964,0.011522914,0.77633953
40.079391541667064,1762753336.0035615,-0.08782597,1.2992091,-0.11139524,-0.62724286,0.034007125,0.012534864,0.77797997
40.096827125000345,1762753336.020997,-0.08896847,1.2942687,-0.11014348,-0.62539047,0.03643538,0.0136564495,0.7793412
40.1145425416662,1762753336.0387125,-0.08994328,1.2891508,-0.10862709,-0.6236717,0.03874841,0.014941098,0.7805824
40.13143500000024,1762753336.055605,-0.09070751,1.2841928,-0.10702044,-0.6220361,0.04090988,0.01629089,0.7817494
40.14883216666658,1762753336.073002,-0.091335945,1.2790195,-0.10529757,-0.6201789,0.04318971,0.017843159,0.7830673
40.17214650000005,1762753336.0963166,-0.09192729,1.2719398,-0.10303098,-0.6169574,0.046433706,0.020122336,0.78536785
40.192608250000376,1762753336.1167784,-0.092218116,1.2654712,-0.10113782,-0.6129132,0.04945369,0.022229657,0.78828776
40.210060708333,1762753336.1342306,-0.092331916,1.2596936,-0.09968293,-0.6084389,0.05198889,0.023915699,0.79153484
40.22915333333367,1762753336.1533234,-0.09234129,1.2530692,-0.0983212,-0.6028144,0.054587092,0.025580984,0.79560083
40.24732849999964,1762753336.1714985,-0.09223728,1.2464653,-0.09715325,-0.5973941,0.057081882,0.027216425,0.7994505
40.26476770833324,1762753336.1889377,-0.09203425,1.2398592,-0.09606397,-0.5927256,0.05964042,0.028968064,0.8026707
40.29521191666663,1762753336.219382,-0.09134483,1.2278233,-0.09432459,-0.58605283,0.06448459,0.032364707,0.80705416
40.31272600000011,1762753336.236896,-0.090844385,1.220424,-0.093546696,-0.5826922,0.06744068,0.034349516,0.80916107
40.32922420833347,1762753336.2533941,-0.090360336,1.2130599,-0.09304659,-0.5794458,0.07027907,0.036078915,0.8111731
40.34869600000002,1762753336.272866,-0.08979287,1.203888,-0.092785105,-0.5753726,0.07367666,0.03785143,0.8136864
40.3674300833336,1762753336.2916,-0.08922623,1.1946079,-0.09283513,-0.57135266,0.07693153,0.039221022,0.8161491
40.39407362499969,1762753336.3182437,-0.088287294,1.1808095,-0.09329206,-0.5662424,0.08128366,0.040803816,0.81920546
40.411470958333666,1762753336.335641,-0.08760346,1.1714314,-0.093764134,-0.5636212,0.083844684,0.041682255,0.8207093
40.428946458333485,1762753336.3531165,-0.08688978,1.161718,-0.09439302,-0.56146836,0.08624738,0.042481028,0.82189417
40.44646870833367,1762753336.3706386,-0.0861738,1.1516982,-0.09522623,-0.559488,0.08850394,0.04320271,0.82296646
40.46504900000036,1762753336.389219,-0.08544114,1.1408045,-0.09635782,-0.55738187,0.090709925,0.04379042,0.8241235
40.49665595833358,1762753336.420826,-0.08430022,1.1217887,-0.09882945,-0.5539978,0.09404974,0.044455584,0.82599324
40.51413208333361,1762753336.438302,-0.08370711,1.1110632,-0.10043466,-0.55225855,0.09581523,0.04486031,0.8269326
40.531499083333074,1762753336.4556692,-0.08314801,1.1002289,-0.10222501,-0.5503909,0.097643144,0.045389604,0.82793444
40.54897266666649,1762753336.4731426,-0.08262971,1.0890852,-0.1042586,-0.5479153,0.099400096,0.04585216,0.82934076
40.56637354166651,1762753336.4905436,-0.08216068,1.0777788,-0.10646784,-0.54480225,0.10076604,0.04606025,0.8312131
40.58922004166652,1762753336.51339,-0.081626944,1.0627441,-0.10942311,-0.5404737,0.10174914,0.045969594,0.8339197
40.606647208333015,1762753336.5308173,-0.081185676,1.0512056,-0.11153061,-0.53767467,0.10192042,0.045889437,0.8357107
40.62651141666629,1762753336.5506814,-0.0805805,1.0380218,-0.11373013,-0.5352454,0.10188876,0.04630798,0.83724946
40.64503216666617,1762753336.5692022,-0.07996058,1.0256741,-0.11572773,-0.5331076,0.10206237,0.047329642,0.8385342
40.66249016666643,1762753336.5866601,-0.07938929,1.0139565,-0.11772072,-0.53042257,0.10226272,0.048326384,0.84015405
40.680732374999934,1762753336.6049025,-0.078821756,1.0016776,-0.11993516,-0.5266325,0.102213204,0.048987765,0.8425027
40.69810954166678,1762753336.6222796,-0.0783004,0.98997355,-0.122098625,-0.52251756,0.10185214,0.04931715,0.84508544
40.71551783333325,1762753336.6396878,-0.077777185,0.97821826,-0.124240704,-0.5186036,0.10125017,0.049556617,0.84755105
40.7329405833334,1762753336.6571107,-0.07724622,0.9664183,-0.12630022,-0.5151564,0.1006101,0.049981687,0.84970194
40.761004958333615,1762753336.685175,-0.076420784,0.9472258,-0.12960666,-0.50952405,0.100155026,0.051202364,0.8530724
40.77852133333363,1762753336.7026913,-0.07597561,0.9351992,-0.13171846,-0.5059144,0.09967933,0.051629808,0.855248
40.79639849999967,1762753336.7205684,-0.07554497,0.92290515,-0.13379973,-0.5023819,0.09899036,0.051823076,0.8573959
40.81382083333301,1762753336.7379909,-0.075117156,0.9108939,-0.13567674,-0.49927148,0.09853776,0.052158285,0.85924256
40.83292245833309,1762753336.7570925,-0.07466447,0.8976949,-0.1375376,-0.4963798,0.09804583,0.052421335,0.86095655
40.850298583332915,1762753336.7744687,-0.07428305,0.8856358,-0.13902181,-0.49413273,0.097305566,0.052189,0.8623461
40.86796524999954,1762753336.7921352,-0.073934615,0.873385,-0.14023858,-0.4925571,0.09649027,0.051878978,0.86335725
40.898739500000374,1762753336.8229096,-0.07334972,0.85231143,-0.14156449,-0.49158522,0.09618515,0.052438345,0.8639113
40.92329233333294,1762753336.8474624,-0.07300561,0.8355569,-0.14216678,-0.49161556,0.09756803,0.05370648,0.863661
40.94088291666685,1762753336.865053,-0.07285765,0.8236371,-0.14247191,-0.49190724,0.09882612,0.054348722,0.8633116
40.95828512499975,1762753336.882455,-0.0727824,0.8120538,-0.14267266,-0.4926553,0.10003884,0.05469102,0.8627235
40.976253499999984,1762753336.9004235,-0.07272347,0.80043864,-0.14273405,-0.49360666,0.10129875,0.054859307,0.86202174
40.992612291666774,1762753336.9167824,-0.072723106,0.79020184,-0.14272237,-0.49420685,0.10255395,0.05487805,0.8615281
41.010139291666746,1762753336.9343092,-0.072849736,0.7795824,-0.14273304,-0.4940957,0.10428754,0.05495074,0.86137915
41.02713604166638,1762753336.951306,-0.07307136,0.7696886,-0.14278615,-0.49323946,0.106490485,0.055099994,0.86159074
41.04459537499952,1762753336.9687655,-0.073350765,0.7599782,-0.14281206,-0.49184552,0.10869507,0.054911084,0.8621242
41.06204233333301,1762753336.9862123,-0.07363052,0.7507697,-0.1426928,-0.49056816,0.110398345,0.054291982,0.8626746
41.07966949999991,1762753337.0038395,-0.07391762,0.7420638,-0.14240329,-0.48976672,0.11173527,0.053711627,0.86299413
41.09858925000026,1762753337.0227592,-0.074238285,0.73338056,-0.14194262,-0.48933962,0.11310506,0.053474728,0.8630727
41.11599212500005,1762753337.040162,-0.07455158,0.7259016,-0.14145678,-0.4890109,0.114315845,0.053513177,0.8630971
41.1337539999995,1762753337.057924,-0.07489084,0.71879673,-0.14100486,-0.48860914,0.11551659,0.053740356,0.86315066
41.16406745833319,1762753337.0882375,-0.07546904,0.7081424,-0.14029247,-0.48816875,0.117751025,0.05496915,0.8630205
41.181540416666394,1762753337.1057105,-0.075793415,0.70294017,-0.13992482,-0.48834246,0.11912402,0.05603527,0.8626652
41.19902100000036,1762753337.123191,-0.076118015,0.6984673,-0.13963562,-0.48870802,0.120480165,0.057023637,0.8622049
41.21762262500033,1762753337.1417925,-0.0764581,0.694572,-0.1394164,-0.48913214,0.12195506,0.057948053,0.8616953
41.23504420833342,1762753337.1592143,-0.076769866,0.6917837,-0.1393079,-0.48954698,0.12335836,0.05869612,0.8612092
41.25723887499953,1762753337.181409,-0.07714181,0.68947834,-0.1392901,-0.49009976,0.12507111,0.059434865,0.8605969
41.27460816666644,1762753337.1987782,-0.077424,0.6886834,-0.13939887,-0.49041727,0.12636213,0.06005274,0.8601844
41.29237795833342,1762753337.216548,-0.07766593,0.68880963,-0.1396771,-0.49036792,0.12767036,0.060740516,0.85997105
41.310319666667056,1762753337.2344897,-0.07790601,0.6898458,-0.14012271,-0.4897158,0.12894984,0.061412547,0.860104
41.3267482083329,1762753337.2509181,-0.078151025,0.69157845,-0.14065051,-0.4887012,0.13003647,0.061975088,0.86047703
41.34434549999969,1762753337.2685156,-0.07842642,0.6942785,-0.14129001,-0.48750404,0.13120767,0.06261487,0.8609319
41.36312783333324,1762753337.287298,-0.07873249,0.6981602,-0.142012,-0.4863311,0.13248147,0.06335811,0.86134577
41.380579749999924,1762753337.3047497,-0.07903843,0.7027931,-0.14274335,-0.48547497,0.1336099,0.06393389,0.8616118
41.397844458333566,1762753337.3220146,-0.0793844,0.70844537,-0.14356953,-0.48470172,0.1346354,0.064358525,0.8618559
41.41522041666667,1762753337.3393905,-0.079787314,0.7152914,-0.14453954,-0.48375607,0.13573086,0.06478297,0.8621835
41.43262991666688,1762753337.3567998,-0.08025476,0.7233747,-0.14565235,-0.4824313,0.13696887,0.065247335,0.86269486
41.463649833332965,1762753337.3878198,-0.08120555,0.74080265,-0.14787966,-0.4791491,0.13902709,0.06532205,0.8641879
41.48116312499951,1762753337.405333,-0.081779316,0.75240123,-0.14916247,-0.4770336,0.13979432,0.06469358,0.86528105
41.4987683749996,1762753337.4229383,-0.08233362,0.76527506,-0.15038818,-0.47478908,0.14002433,0.0635378,0.866563
41.526255041666445,1762753337.4504251,-0.08302254,0.7874324,-0.15210599,-0.4706721,0.13956428,0.061498754,0.8690268
41.543838541666446,1762753337.4680085,-0.08334805,0.80285573,-0.15306515,-0.46734965,0.13923828,0.060709707,0.8709256
41.565790166666375,1762753337.4899602,-0.08363826,0.8233633,-0.15407181,-0.46187162,0.1388239,0.060063448,0.8739536
41.59556366666675,1762753337.5197337,-0.08387107,0.85312057,-0.1550473,-0.4519766,0.13791646,0.059342433,0.8793035
41.61300387499978,1762753337.537174,-0.0838854,0.87150687,-0.15534073,-0.4451688,0.13715239,0.05890771,0.8829178
41.6310830416669,1762753337.555253,-0.08378436,0.8912631,-0.15536302,-0.43737566,0.1363329,0.05849459,0.8869579
41.64847020833349,1762753337.5726402,-0.083571404,0.9109254,-0.15509593,-0.42911336,0.13564451,0.05820061,0.8911089
41.665874333333704,1762753337.5900443,-0.08325876,0.9312667,-0.15456337,-0.4202393,0.13515404,0.058025613,0.8954135
41.691327958333204,1762753337.615498,-0.082659245,0.96208036,-0.15327704,-0.40611622,0.13462692,0.057799064,0.90200025
41.709196124999835,1762753337.633366,-0.0821698,0.9843356,-0.15214837,-0.39508715,0.13420135,0.057304166,0.9069798
41.72665799999959,1762753337.6508281,-0.081662245,1.006459,-0.15092283,-0.38358548,0.13390495,0.05684111,0.9119763
41.74416424999981,1762753337.6683342,-0.08113,1.0289073,-0.14949876,-0.37202272,0.13401902,0.056979753,0.9167286
41.76159283333345,1762753337.685763,-0.08057363,1.0514305,-0.14780962,-0.3611529,0.1345982,0.058028314,0.9209151
41.77920087500024,1762753337.7033708,-0.08000156,1.0742563,-0.14586687,-0.35086724,0.1354125,0.059609886,0.92466336
41.79568066666707,1762753337.7198508,-0.07947968,1.0955992,-0.1439569,-0.341684,0.13609986,0.060879413,0.927913
41.812614583333016,1762753337.7367847,-0.07896988,1.1174718,-0.1419642,-0.33252695,0.13669594,0.0616469,0.93109596
41.83002570833287,1762753337.7541957,-0.078483045,1.1399188,-0.13985676,-0.32356542,0.13743038,0.062102407,0.93411016
41.84748366666645,1762753337.7716537,-0.07800198,1.1623954,-0.13763505,-0.31527224,0.13852371,0.062469933,0.9367562
41.8697328749995,1762753337.7939029,-0.07732319,1.1909962,-0.13464288,-0.30572402,0.14011635,0.062702194,0.9396641
41.89370591666648,1762753337.8178759,-0.07630378,1.2217164,-0.13144708,-0.2963161,0.14141579,0.06206013,0.9425216
41.91107395833296,1762753337.835244,-0.0753725,1.2438644,-0.12918264,-0.28977162,0.14180568,0.061078556,0.9445597
41.9290849166664,1762753337.853255,-0.07426649,1.266691,-0.12684488,-0.2831505,0.14151128,0.059702706,0.9466974
41.94650358333365,1762753337.8706737,-0.073043615,1.2885963,-0.124551594,-0.27709687,0.1405752,0.05821619,0.94871855
41.96356037500027,1762753337.8877304,-0.07166026,1.309841,-0.122196384,-0.2717277,0.1389915,0.0567358,0.9505927
41.98146749999978,1762753337.9056375,-0.06993054,1.331878,-0.11962241,-0.26673514,0.13650362,0.055216778,0.95245486
41.999467083333,1762753337.9236372,-0.067922555,1.3537425,-0.11691452,-0.26225764,0.13305911,0.05365003,0.9542735
42.024756916666774,1762753337.948927,-0.06483783,1.383841,-0.11284554,-0.25532553,0.1266802,0.051051788,0.9571597
42.04332541666645,1762753337.9674954,-0.06244175,1.4052334,-0.10969639,-0.2493452,0.121043466,0.048957083,0.95957214
42.06073479166662,1762753337.9849048,-0.060127303,1.4244863,-0.10661042,-0.24339119,0.115193374,0.046866566,0.9619224
42.078338416667066,1762753338.0025084,-0.057715908,1.4429531,-0.103376925,-0.23736015,0.108790256,0.04451079,0.964284
42.09582558333295,1762753338.0199957,-0.05528848,1.4600867,-0.10008043,-0.23151301,0.10189644,0.041513383,0.9665896
42.11323575000006,1762753338.0374057,-0.05288914,1.4757651,-0.096720636,-0.22600318,0.09459787,0.03786617,0.9687827
42.13102749999962,1762753338.0551975,-0.050467387,1.4902403,-0.09320885,-0.22107708,0.08668599,0.033700705,0.97081137
42.148451625000234,1762753338.0726216,-0.048111755,1.5028049,-0.08969749,-0.21718445,0.07841014,0.02946267,0.97253007
42.16585041666622,1762753338.0900204,-0.045757502,1.5137388,-0.08610004,-0.21448377,0.06954297,0.025455745,0.9739161
42.18824004166618,1762753338.11241,-0.042809725,1.5254242,-0.08139789,-0.21223526,0.057074662,0.020738097,0.97533005
42.20529024999996,1762753338.1294603,-0.040630236,1.5326586,-0.07778251,-0.21105869,0.0467094,0.017257849,0.9762042
42.22321149999971,1762753338.1473815,-0.038389742,1.5388848,-0.07400292,-0.20983136,0.034965277,0.013529338,0.97701854
42.24056595833372,1762753338.164736,-0.03624694,1.5436971,-0.070415676,-0.20860945,0.022753961,0.009924197,0.9776839
42.25839795833326,1762753338.182568,-0.03403172,1.5475184,-0.0668183,-0.20773008,0.009412006,0.0065752845,0.97811884
42.27581458333316,1762753338.1999846,-0.03182839,1.5502723,-0.06338894,-0.20759133,-0.0042204508,0.0039760275,0.97819847
42.29324970833295,1762753338.2174196,-0.029625101,1.5522447,-0.06012999,-0.20847629,-0.018337179,0.0018834447,0.9778537
42.310701958333084,1762753338.2348719,-0.027416773,1.5536321,-0.05707133,-0.21001013,-0.032840006,-2.8139186e-05,0.9771475
42.32808691666651,1762753338.2522569,-0.025170228,1.5546279,-0.054236718,-0.21163428,-0.04753358,-0.0020694274,0.97619015
42.345497291667016,1762753338.2696674,-0.022859355,1.555385,-0.05162806,-0.21262826,-0.06254852,-0.0046330467,0.9751182
42.363068416666465,1762753338.2872384,-0.020437011,1.5560144,-0.049220096,-0.21261732,-0.0780527,-0.007902433,0.9739811
42.38075316666618,1762753338.3049233,-0.017870178,1.5565604,-0.046970177,-0.21159396,-0.09396449,-0.011653549,0.97276044
42.39930679166628,1762753338.3234768,-0.0149836615,1.5570507,-0.04469025,-0.21013571,-0.11086842,-0.015539109,0.97124135
42.423718958333666,1762753338.347889,-0.010828723,1.5576571,-0.041697152,-0.20862925,-0.13330002,-0.020333193,0.9686545
42.441169916666695,1762753338.36534,-0.0075824433,1.5582057,-0.039593827,-0.20734712,-0.14949563,-0.023694588,0.9664868
42.45874295833346,1762753338.3829129,-0.0040570647,1.5589259,-0.03752172,-0.20533529,-0.16604497,-0.027166922,0.96412057
42.47631262499999,1762753338.4004827,-0.0003741905,1.5597802,-0.035524964,-0.2026398,-0.18289387,-0.030512419,0.9615383
42.493684833333646,1762753338.4178548,0.0035137907,1.5606703,-0.03352207,-0.19956213,-0.1997556,-0.033294305,0.9587305
42.511282708333056,1762753338.4354527,0.0078004054,1.5615302,-0.031340193,-0.19648755,-0.2168677,-0.035373125,0.9555677
42.53132783333331,1762753338.4554977,0.013061993,1.562375,-0.028657198,-0.19322933,-0.23618338,-0.037152674,0.9515774
42.54870004166696,1762753338.47287,0.017918244,1.5629419,-0.026194036,-0.19031063,-0.25258818,-0.038408786,0.94789547
42.5661157083332,1762753338.4902856,0.023048453,1.5632985,-0.023604691,-0.1872799,-0.26860437,-0.039596952,0.9440392
42.59127416666706,1762753338.5154443,0.03056988,1.5632851,-0.019792724,-0.18313302,-0.29107234,-0.041723035,0.93808234
42.60879608333289,1762753338.5329661,0.035959795,1.562884,-0.017028278,-0.18035752,-0.3062671,-0.043491516,0.9336917
42.626140041666986,1762753338.5503101,0.04144766,1.5622112,-0.014145613,-0.17816964,-0.32072648,-0.04524336,0.9291626
42.64363329166645,1762753338.5678034,0.0470843,1.5613197,-0.011059105,-0.17677699,-0.33464938,-0.04691622,0.92442334
42.66086454166634,1762753338.5850346,0.05271871,1.5603718,-0.007864177,-0.17612195,-0.34783068,-0.048769526,0.9195741
42.67826100000002,1762753338.602431,0.05831142,1.5595615,-0.0046340227,-0.17595659,-0.36066997,-0.05090561,0.91453
42.69576962500014,1762753338.6199396,0.06400419,1.5592082,-0.0015408278,-0.17597349,-0.37321454,-0.05336291,0.9093386
42.71320083333285,1762753338.6373708,0.06997478,1.559451,0.0012726784,-0.17431897,-0.38561514,-0.055886395,0.9043178
42.7310085416666,1762753338.6551785,0.07631342,1.5601486,0.0038909912,-0.16962872,-0.3986764,-0.058750913,0.89935064
42.748346250000395,1762753338.6725163,0.08249811,1.5609946,0.0064055324,-0.16336401,-0.41201782,-0.062413808,0.894236
42.7657559583331,1762753338.689926,0.08851092,1.5618429,0.009080231,-0.15680547,-0.42628884,-0.06710022,0.8883622
42.78973591666636,1762753338.713906,0.09596581,1.5630612,0.012758017,-0.14781794,-0.447584,-0.074259706,0.87880826
42.807127458333525,1762753338.7312975,0.100994,1.5641006,0.015331984,-0.14063,-0.46410415,-0.078730136,0.8709949
42.82493083333338,1762753338.749101,0.10606866,1.5653538,0.01777798,-0.1324571,-0.48164004,-0.081675775,0.8624425
42.84235820833328,1762753338.7665281,0.11105855,1.566705,0.019865334,-0.12379512,-0.4991011,-0.08237202,0.8536906
42.86022204166693,1762753338.784392,0.11619346,1.5680544,0.021657348,-0.11518824,-0.51696837,-0.08144475,0.8442998
42.87777762499991,1762753338.8019476,0.12097452,1.5692061,0.023011863,-0.10846628,-0.5341879,-0.079958856,0.8345567
42.89528037499986,1762753338.8194504,0.12551525,1.570122,0.024006724,-0.104116455,-0.55081934,-0.07873882,0.82435316
42.9127010000002,1762753338.836871,0.13000137,1.5708542,0.024719894,-0.1018405,-0.56672454,-0.078072116,0.81385297
42.930775208333216,1762753338.8549452,0.1346373,1.5715734,0.025166988,-0.101112835,-0.5826308,-0.07810941,0.80263096
42.948354916666176,1762753338.872525,0.1391522,1.5723345,0.025316596,-0.10103532,-0.597695,-0.078811385,0.79141736
42.96571549999953,1762753338.8898854,0.14363888,1.5731689,0.025193274,-0.10080472,-0.6122003,-0.07952141,0.78020865
42.987058458333195,1762753338.9112284,0.14883125,1.5743134,0.024584055,-0.10017718,-0.62934864,-0.07974351,0.7665023
43.004385041666865,1762753338.928555,0.15285915,1.5753015,0.02379024,-0.09949043,-0.64263004,-0.07934314,0.7555349
43.021781583332995,1762753338.9459517,0.15682665,1.5763203,0.022814691,-0.09877333,-0.6554003,-0.0785826,0.74466044
43.038631166666164,1762753338.9628012,0.16056922,1.5773425,0.021725237,-0.097848736,-0.6673202,-0.07752393,0.734234
43.056081166666445,1762753338.980251,0.16433689,1.5784731,0.020473361,-0.09618359,-0.6793605,-0.07622001,0.7234698
43.074062499999854,1762753338.9982326,0.16811313,1.5797329,0.019075703,-0.09328405,-0.691696,-0.07481931,0.71221966
43.090584749999834,1762753339.0147548,0.17135751,1.5809075,0.017668128,-0.089793295,-0.70310444,-0.07350839,0.70155394
43.1087255416669,1762753339.0328956,0.17466643,1.5821491,0.015974814,-0.08572662,-0.71572334,-0.07212064,0.6893401
43.1260253749997,1762753339.0501955,0.17775892,1.5832604,0.014211709,-0.082000226,-0.72781366,-0.07099059,0.6771437
43.14349308333294,1762753339.0676632,0.18085405,1.5842373,0.01222229,-0.078575775,-0.7399707,-0.070190795,0.66433614
43.16116629166663,1762753339.0853362,0.18397939,1.585026,0.009952724,-0.07564693,-0.752105,-0.06956403,0.6509812
43.17880558333309,1762753339.1029756,0.18697025,1.5856394,0.007486403,-0.073237985,-0.76384884,-0.068868585,0.6375173
43.196271374999924,1762753339.1204414,0.18977883,1.585988,0.004797876,-0.0714511,-0.7749655,-0.06821001,0.62423605
43.21375620833351,1762753339.1379263,0.19245383,1.5859565,0.0017750859,-0.07048664,-0.78546643,-0.06789762,0.6111171
43.23114916666691,1762753339.1553192,0.19492078,1.585519,-0.0015634894,-0.07037293,-0.7952166,-0.06805111,0.59837055
43.24920158333316,1762753339.1733716,0.1972524,1.584673,-0.005360788,-0.071078785,-0.8046018,-0.068881944,0.58550745
43.26667345833357,1762753339.1908436,0.19934207,1.5836663,-0.009326339,-0.07241862,-0.81300056,-0.07057445,0.5734152
43.28777875000014,1762753339.2119489,0.20141965,1.582417,-0.0143131735,-0.073935695,-0.82231444,-0.073076665,0.55945724
43.30523670833372,1762753339.2294068,0.2030518,1.5816514,-0.018607926,-0.07506314,-0.82926655,-0.07530665,0.548645
43.32316483333307,1762753339.247335,0.20492008,1.581303,-0.023183655,-0.07597373,-0.83559144,-0.07717884,0.53857076
43.34056420833349,1762753339.2647343,0.20697589,1.581432,-0.027727246,-0.076332554,-0.84086037,-0.07807148,0.53012455
43.358090875000016,1762753339.282261,0.20929545,1.5819519,-0.032369364,-0.07579352,-0.84533393,-0.07797838,0.52305377
43.3756842916664,1762753339.2998543,0.21173592,1.5826912,-0.036979973,-0.07447092,-0.84899926,-0.07717428,0.5173958
43.393005625000114,1762753339.3171756,0.21420583,1.5833802,-0.041469038,-0.07312796,-0.8517546,-0.07604082,0.5132098
43.4104199166668,1762753339.33459,0.21677941,1.5838153,-0.045983195,-0.0724144,-0.85362726,-0.07493908,0.5103535
43.42795750000005,1762753339.3521276,0.2194288,1.5839452,-0.050498128,-0.07265439,-0.8546255,-0.07426858,0.5087444
43.44604883333341,1762753339.3702188,0.2221893,1.5837976,-0.055069685,-0.07370251,-0.854909,-0.07427367,0.5081162
43.46412791666626,1762753339.388298,0.22494386,1.5834724,-0.05949427,-0.07526848,-0.8546234,-0.07498297,0.508263
43.48109349999959,1762753339.4052634,0.2269318,1.5830909,-0.06341094,-0.0769831,-0.85391796,-0.07619323,0.50901115
43.49851737500012,1762753339.4226873,0.22847413,1.5827029,-0.06718081,-0.07887668,-0.852773,-0.07755267,0.51043355
43.52114799999981,1762753339.445318,0.23054047,1.5823463,-0.07180993,-0.08158619,-0.8507136,-0.079157725,0.51319045
43.53853287499987,1762753339.462703,0.23211505,1.5822494,-0.07511395,-0.0835503,-0.8487816,-0.07993482,0.51594543
43.55609679166628,1762753339.4802668,0.23361526,1.5823281,-0.07818931,-0.08513741,-0.84666026,-0.080158845,0.5191268
43.57373262500005,1762753339.4979026,0.23488784,1.5825946,-0.08095443,-0.08637165,-0.8444507,-0.08022896,0.52250016
43.591200541666694,1762753339.5153706,0.23588678,1.5829711,-0.08338071,-0.087099284,-0.8423493,-0.08039859,0.52573526
43.60903591666647,1762753339.533206,0.23669784,1.5833943,-0.08557093,-0.087322704,-0.8404353,-0.08086124,0.52868205
43.63871416666643,1762753339.562884,0.23769365,1.5841764,-0.0886063,-0.08703028,-0.83781683,-0.08180306,0.532726
43.65607199999977,1762753339.580242,0.23814513,1.5846275,-0.090090275,-0.086679995,-0.83650815,-0.08229214,0.53476053
43.67350541666656,1762753339.5976753,0.23852463,1.5850052,-0.091412194,-0.08634024,-0.8352876,-0.082780674,0.5366446
43.690872500000296,1762753339.6150424,0.23861967,1.5853877,-0.092628494,-0.08610522,-0.83406806,-0.08331146,0.53849363
43.708710124999925,1762753339.6328802,0.23850486,1.5857491,-0.09377367,-0.086094655,-0.8326895,-0.08383771,0.5405435
43.72606829166671,1762753339.6502383,0.238418,1.58597,-0.09475774,-0.08636723,-0.83112323,-0.08436951,0.542823
43.74346237499958,1762753339.6676323,0.23837194,1.5860634,-0.09563285,-0.08696224,-0.82927305,-0.08502393,0.5454492
43.76205720833332,1762753339.6862273,0.23829435,1.5860205,-0.09643918,-0.08797074,-0.82691455,-0.08590456,0.5487202
43.77951908333307,1762753339.703689,0.23822898,1.5858396,-0.097089894,-0.08929652,-0.824337,-0.08696816,0.55220574
43.797691833333374,1762753339.7218618,0.23821951,1.5854874,-0.09767383,-0.09108001,-0.8212557,-0.08843214,0.55625844
43.82084750000013,1762753339.7450175,0.23825507,1.5848241,-0.098321564,-0.09397607,-0.8166906,-0.090605035,0.5621172
43.83827345833288,1762753339.7624435,0.23828946,1.5842128,-0.09875405,-0.096650675,-0.81271833,-0.092241794,0.5671322
43.85829991666651,1762753339.78247,0.23831296,1.5834445,-0.09920013,-0.10010753,-0.8075578,-0.09393629,0.5735894
43.876148499999545,1762753339.8003185,0.23814902,1.582718,-0.099561036,-0.10327877,-0.80242664,-0.095000036,0.58001727
43.893595208332954,1762753339.8177652,0.23784873,1.5820142,-0.09986769,-0.10640447,-0.7968854,-0.095488295,0.5869701
43.9110919583336,1762753339.835262,0.237534,1.5813421,-0.1001122,-0.10967435,-0.79073524,-0.095506005,0.5946327
43.928502708333326,1762753339.8526728,0.23718299,1.580696,-0.10029757,-0.11310711,-0.78396815,-0.09524218,0.6029343
43.94725550000021,1762753339.8714256,0.2367651,1.5800542,-0.10042232,-0.11671462,-0.7759684,-0.09472895,0.61259884
43.96438725000007,1762753339.8885572,0.23632605,1.5794997,-0.10046397,-0.11964217,-0.76806474,-0.094042525,0.6220276
43.99664187500002,1762753339.920812,0.23533542,1.5784978,-0.10032655,-0.12467022,-0.7516263,-0.092200235,0.64110404
44.02622712500033,1762753339.9503973,0.23429395,1.5776323,-0.09997213,-0.12918161,-0.7347381,-0.09002349,0.6598242
44.04397116666678,1762753339.968141,0.23369554,1.5771456,-0.099660635,-0.1315466,-0.72389036,-0.08825678,0.67148274
44.060790666666435,1762753339.9849608,0.23314118,1.5766519,-0.09930426,-0.13370554,-0.7131357,-0.08641312,0.6827101
44.0781873750002,1762753340.0023575,0.23241375,1.576044,-0.09882794,-0.13605045,-0.70148367,-0.084573284,0.6944483
44.0962751666666,1762753340.020445,0.23151474,1.5753148,-0.09825219,-0.13868384,-0.68884873,-0.08284494,0.706676
44.1136902916669,1762753340.0378604,0.23065874,1.5745898,-0.097694874,-0.1414027,-0.67619807,-0.08127528,0.7184399
44.13199224999971,1762753340.0561624,0.2298123,1.5738629,-0.097147405,-0.14428951,-0.6624332,-0.0796286,0.73076814
44.14978433333363,1762753340.0739543,0.22907524,1.5732358,-0.09668983,-0.14696322,-0.64867425,-0.078018494,0.7426551
44.16724566666653,1762753340.0914156,0.22841813,1.572692,-0.09634936,-0.14936756,-0.63489664,-0.07640717,0.75416017
44.19577620833297,1762753340.1199462,0.22697455,1.5717726,-0.09615761,-0.15302515,-0.6118588,-0.07392643,0.77249414
44.21323550000034,1762753340.1374056,0.22592309,1.5711541,-0.0962674,-0.15532163,-0.5975284,-0.07288042,0.7832774
44.23103558333332,1762753340.1552055,0.22471899,1.5704799,-0.09654892,-0.15768977,-0.5828469,-0.07244585,0.79383564
44.24861454166694,1762753340.1727846,0.22335301,1.569792,-0.09701104,-0.15998198,-0.5683952,-0.07255363,0.80378395
44.2660422083336,1762753340.1902122,0.22178042,1.5691122,-0.09764475,-0.16223894,-0.5541976,-0.07308239,0.8131436
44.29257450000023,1762753340.2167444,0.21891317,1.5682735,-0.098944195,-0.16577922,-0.5331387,-0.07443296,0.8262809
44.30994370833287,1762753340.2341137,0.21663138,1.5677918,-0.099972785,-0.16826235,-0.5199166,-0.07564729,0.83405757
44.3290527500003,1762753340.2532227,0.21371476,1.5673476,-0.101262495,-0.1709982,-0.5060604,-0.07707741,0.841856
44.34673033333365,1762753340.2709002,0.21066734,1.567124,-0.102652915,-0.17304061,-0.4939482,-0.078089535,0.8485129
44.36437508333347,1762753340.2885451,0.20730202,1.5671439,-0.10427362,-0.17439535,-0.48239347,-0.078381866,0.85483277
44.38185712500035,1762753340.3060272,0.20361623,1.5673825,-0.10612953,-0.17519371,-0.47124758,-0.07781676,0.8609167
44.404136416666915,1762753340.3283064,0.19848952,1.5679832,-0.10875432,-0.17546758,-0.4572005,-0.07601825,0.8685621
44.43096283333307,1762753340.3551328,0.19169444,1.5689231,-0.11244409,-0.17472817,-0.4403004,-0.0725284,0.8776932
44.448619833333396,1762753340.3727899,0.18685515,1.569544,-0.11524457,-0.1738477,-0.4290403,-0.069646336,0.88365763
44.46612241666662,1762753340.3902924,0.1817993,1.5701106,-0.11828518,-0.17302354,-0.41765493,-0.06644337,0.8895013
44.491256791666274,1762753340.4154267,0.17412776,1.5708677,-0.122956395,-0.17213422,-0.40083426,-0.06124075,0.8977479
44.50958395833368,1762753340.433754,0.16831318,1.5713882,-0.12663937,-0.17148012,-0.38820535,-0.057125416,0.90367466
44.52698958333349,1762753340.4511597,0.16264328,1.5718355,-0.13035303,-0.170686,-0.375924,-0.053230923,0.9092381
44.54457987499973,1762753340.46875,0.15675654,1.5722183,-0.13427705,-0.16978973,-0.36318105,-0.049508862,0.9147786
44.56343504166671,1762753340.487605,0.15027189,1.5725542,-0.13864136,-0.16870405,-0.34913623,-0.045904465,0.920617
44.58090929166701,1762753340.5050793,0.14417832,1.5728657,-0.14277607,-0.1676187,-0.33570012,-0.042989813,0.92593807
44.605913333332865,1762753340.5300834,0.1353799,1.5734073,-0.1488747,-0.16539185,-0.31570807,-0.039154235,0.93351
44.63752129166642,1762753340.5616913,0.12389213,1.5737958,-0.15675326,-0.16135101,-0.28812253,-0.034014333,0.94328904
44.657699708332984,1762753340.5818698,0.11617875,1.5735832,-0.16150248,-0.15992841,-0.2685364,-0.030669551,0.9494054
44.67624604166667,1762753340.600416,0.10885388,1.5730273,-0.16541713,-0.15944305,-0.24930324,-0.027831944,0.9548043
44.69366683333283,1762753340.617837,0.101847716,1.5722331,-0.1686709,-0.15911761,-0.23053554,-0.025718372,0.95962155
44.711066500000015,1762753340.6352365,0.09484146,1.5713065,-0.17158628,-0.15850131,-0.21146671,-0.024641663,0.9641327
44.72805320833322,1762753340.652223,0.088138394,1.5704501,-0.17416209,-0.15756783,-0.19272026,-0.024338823,0.9682143
44.74577812499956,1762753340.669948,0.081415564,1.569774,-0.17662454,-0.1564813,-0.17311978,-0.024249118,0.972088
44.76316833333294,1762753340.6873384,0.07515185,1.5693858,-0.17885739,-0.15519445,-0.15387489,-0.023853922,0.97553486
44.780920791666176,1762753340.7050908,0.06893986,1.5692385,-0.1808976,-0.15401965,-0.13423108,-0.022839718,0.9786411
44.79887958333347,1762753340.7230496,0.062878534,1.5693611,-0.18272382,-0.15294674,-0.114368774,-0.021019856,0.9813691
44.81681324999954,1762753340.7409832,0.057223067,1.5697862,-0.18436378,-0.15189447,-0.094602406,-0.018518934,0.9836847
44.83433562499977,1762753340.7585056,0.052080326,1.5704299,-0.18575251,-0.15079905,-0.07541078,-0.015708333,0.9855588
44.872019583332985,1762753340.7961895,0.042235177,1.572273,-0.18792063,-0.14765768,-0.03489253,-0.009921305,0.98837304
44.89169158333334,1762753340.8158617,0.037706837,1.5733294,-0.18859005,-0.14540195,-0.014363213,-0.007310341,0.9892414
44.91078374999961,1762753340.8349538,0.0336862,1.5743247,-0.18895699,-0.14289874,0.005175118,-0.0047582765,0.98971236
44.927535416666615,1762753340.8517056,0.030446604,1.5751395,-0.18907297,-0.1405335,0.02202487,-0.0023707037,0.9898281
44.94533450000017,1762753340.8695045,0.026896331,1.5758858,-0.1884914,-0.1380609,0.03963534,0.00038041305,0.9896303
44.96223458333316,1762753340.8864045,0.02401922,1.5764798,-0.1880328,-0.1360501,0.05608907,0.002902645,0.9891087
44.97881462500027,1762753340.9029846,0.021477127,1.5769533,-0.18746102,-0.13450108,0.07196948,0.0052908035,0.98828226
44.99642583333298,1762753340.920596,0.01907488,1.5773655,-0.1867702,-0.13328597,0.08856056,0.0076137935,0.98708355
45.01389229166671,1762753340.9380622,0.016999217,1.577713,-0.18599111,-0.13244772,0.10470551,0.009721164,0.98559624
45.031912999999804,1762753340.956083,0.015191294,1.5780369,-0.18507701,-0.13181233,0.121031314,0.011800306,0.9837874
45.063014541666234,1762753340.9871845,0.012911539,1.5785464,-0.18320839,-0.13091071,0.14826393,0.015216876,0.98012686
45.080521124999905,1762753341.0046911,0.012247987,1.57881,-0.18190002,-0.13044444,0.16294648,0.01701739,0.9778257
45.10079020833291,1762753341.0249603,0.012050855,1.579097,-0.18016046,-0.12980613,0.17929071,0.018887294,0.97501206
45.129201875000035,1762753341.053372,0.0125084,1.5794119,-0.17753261,-0.12871149,0.20103037,0.021376679,0.97085696
45.1466215833334,1762753341.0707915,0.013198036,1.5795176,-0.17580569,-0.12790853,0.21372761,0.022944976,0.9682115
45.16438012500021,1762753341.08855,0.014215954,1.5795394,-0.17395729,-0.12693799,0.22618642,0.02460569,0.9654642
45.190686083333276,1762753341.114856,0.016290875,1.5793649,-0.17104328,-0.12542017,0.2438922,0.02743875,0.9612666
45.20939520833326,1762753341.1335652,0.018163063,1.5790784,-0.16884112,-0.12448954,0.25614923,0.02995202,0.95811945
45.226784958333155,1762753341.150955,0.020176716,1.5787786,-0.16672832,-0.123867996,0.26745072,0.032703295,0.9550169
45.24424216666648,1762753341.1684122,0.022421766,1.5785481,-0.16459817,-0.123185806,0.27877983,0.035627186,0.9517551
45.26186041666642,1762753341.1860304,0.02487356,1.5785178,-0.1625067,-0.12257833,0.29022217,0.038648713,0.948289
45.27960679166699,1762753341.2037768,0.027536307,1.578799,-0.1606391,-0.12169879,0.3015567,0.041473586,0.9447396
45.29793287499979,1762753341.2221029,0.03039996,1.5794829,-0.15902638,-0.11978307,0.31285658,0.043535948,0.9412106
45.32404849999966,1762753341.2482185,0.034471996,1.5809022,-0.1570702,-0.115875095,0.32795858,0.04503293,0.93647647
45.342980166666166,1762753341.2671502,0.037435822,1.5818723,-0.15575004,-0.11338213,0.3380924,0.04555344,0.9331468
45.36049508333326,1762753341.284665,0.040186655,1.5825499,-0.15448523,-0.112003885,0.34674743,0.045776967,0.93012136
45.37803145833368,1762753341.3022015,0.042956546,1.5830218,-0.15317027,-0.11155642,0.35467348,0.045893155,0.92717624
45.39541291666683,1762753341.319583,0.04564384,1.583367,-0.15182608,-0.11163269,0.3618662,0.046073332,0.9243745
45.41295762499976,1762753341.3371277,0.048201367,1.5836729,-0.1504215,-0.11172888,0.36858973,0.046420466,0.9216851
45.43135174999952,1762753341.3555217,0.050683346,1.5839745,-0.14890438,-0.11149178,0.37527853,0.047200993,0.918971
45.46118691666652,1762753341.385357,0.054305263,1.5842474,-0.14620143,-0.11101132,0.38556883,0.049229827,0.91465276
45.47886333333372,1762753341.4030333,0.05621166,1.5842876,-0.14454252,-0.11151937,0.39126116,0.05058763,0.91209596
45.49624637499983,1762753341.4204164,0.05789206,1.5843124,-0.14284348,-0.11235189,0.39665663,0.051932972,0.90958434
45.51392245833358,1762753341.4380925,0.059398405,1.5843488,-0.1408962,-0.113217644,0.4021085,0.05336472,0.90699655
45.53108079166668,1762753341.4552507,0.060678013,1.584384,-0.13878363,-0.11395954,0.407448,0.054817248,0.90443045
45.551941541666565,1762753341.4761117,0.06202912,1.5844404,-0.135925,-0.11478553,0.41401333,0.056617077,0.90122795
45.569318249999924,1762753341.4934883,0.06308814,1.5845261,-0.1333999,-0.11517585,0.419544,0.05816098,0.898518
45.5939042083337,1762753341.5180743,0.06442879,1.5847619,-0.12964696,-0.114968725,0.4274301,0.06031949,0.89467716
45.61134079166641,1762753341.5355108,0.06519918,1.5850011,-0.12688164,-0.11420217,0.43298918,0.06157276,0.89201295
45.628692833332934,1762753341.552863,0.06580678,1.5852588,-0.12410545,-0.11304095,0.4383848,0.06245658,0.8894603
45.6473002916664,1762753341.5714703,0.06627585,1.5855215,-0.12114686,-0.11154798,0.44385037,0.062963106,0.8868989
45.66472795833306,1762753341.588898,0.06653553,1.5857337,-0.11842394,-0.11008519,0.44856378,0.06313026,0.88469565
45.68219562499962,1762753341.6063657,0.06668872,1.5860363,-0.11591548,-0.10855822,0.4528222,0.06302744,0.88272005
45.699649000000136,1762753341.623819,0.06672636,1.5863415,-0.11358702,-0.10704208,0.45658746,0.06269128,0.8809879
45.73010558333317,1762753341.6542757,0.06644709,1.5864183,-0.10953222,-0.10483823,0.46188906,0.06194,0.878539
45.7476083749998,1762753341.6717784,0.06616338,1.5861894,-0.10717273,-0.10412871,0.46402168,0.061471783,0.87753195
45.76528304166641,1762753341.6894531,0.06577585,1.5858063,-0.10489089,-0.10391081,0.46538764,0.06104061,0.87686425
45.79439570833347,1762753341.7185657,0.064876616,1.5852735,-0.1012366,-0.104159564,0.46599868,0.06043697,0.876552
45.81181904166624,1762753341.735989,0.06414209,1.585328,-0.09905703,-0.10482759,0.46540985,0.060297415,0.87679476
45.82921675000034,1762753341.7533867,0.06322246,1.5857804,-0.09692997,-0.10501444,0.4641658,0.05998803,0.8774529
45.847390041666586,1762753341.77156,0.062098056,1.5865983,-0.094760306,-0.10437665,0.46230602,0.059460126,0.87854606
45.86437920833305,1762753341.7885492,0.060971733,1.587481,-0.09274269,-0.102905914,0.46029606,0.059039727,0.8798024
45.8818004583336,1762753341.8059704,0.05982268,1.5883117,-0.09064309,-0.100678876,0.45817146,0.058898658,0.8811774
45.89919091666707,1762753341.823361,0.05871822,1.5889573,-0.08853108,-0.09807586,0.456141,0.05918086,0.8825045
45.92792116666624,1762753341.852091,0.057014514,1.5895948,-0.08507413,-0.09374692,0.45299542,0.060297128,0.8845173
45.94539654166692,1762753341.8695664,0.056038786,1.5898145,-0.08304328,-0.0914318,0.45113245,0.06117563,0.8856508
45.96284487499997,1762753341.8870149,0.055136487,1.5899601,-0.08111179,-0.08959842,0.4491712,0.061972596,0.8867789
45.980428958333505,1762753341.904599,0.054310225,1.590081,-0.07924271,-0.088371426,0.4469799,0.062494952,0.88797176
45.997859125000105,1762753341.9220293,0.05356957,1.5902328,-0.077435434,-0.08776113,0.44451556,0.062643684,0.88925797
46.025310291666756,1762753341.9494803,0.0525962,1.5905877,-0.074688084,-0.087480746,0.43982112,0.061986353,0.89166266
46.043037416666266,1762753341.9672074,0.052120607,1.5908787,-0.07297021,-0.087361954,0.4361234,0.060953364,0.8935597
46.06427158333372,1762753341.9884417,0.05174818,1.5912397,-0.07094687,-0.08707979,0.43095013,0.059425034,0.8961963
46.09332916666699,1762753342.0174992,0.051608305,1.5917524,-0.068360925,-0.08636242,0.42264417,0.057433624,0.9003415
46.11079204166617,1762753342.0349622,0.051654167,1.5921054,-0.0668211,-0.08555716,0.41712204,0.056404762,0.9030547
46.1332430416669,1762753342.057413,0.051753614,1.5926522,-0.06481218,-0.084019735,0.4095933,0.055192713,0.9067126
46.15929841666639,1762753342.0834684,0.05185936,1.5934279,-0.06247419,-0.08171028,0.4003803,0.05384015,0.9111094
46.176719958333706,1762753342.10089,0.051934216,1.5939641,-0.060943484,-0.08010742,0.39395502,0.05295886,0.91409934
46.19409466666639,1762753342.1182647,0.05202254,1.5944692,-0.05942898,-0.07862992,0.38732782,0.05215472,0.91710114
46.21195608333346,1762753342.136126,0.052125107,1.5949574,-0.057860125,-0.077271596,0.38030884,0.051343333,0.9201946
46.23128224999982,1762753342.1554523,0.052242283,1.5954589,-0.05615586,-0.07592842,0.37238923,0.05029917,0.92359686
46.24902999999995,1762753342.1732001,0.052354835,1.5959239,-0.054604292,-0.07473455,0.3645723,0.049021203,0.92687577
46.26648275000025,1762753342.1906528,0.052500367,1.5964143,-0.053139806,-0.07340851,0.35598403,0.04748802,0.93039316
46.29491374999998,1762753342.2190838,0.052971274,1.5973086,-0.051114023,-0.0707057,0.3395907,0.044995446,0.9368321
46.312397791666626,1762753342.2365677,0.053351585,1.5978409,-0.049943984,-0.06894187,0.32836238,0.043775983,0.9410148
46.32983254166629,1762753342.2540026,0.053747345,1.5983112,-0.048747003,-0.067281425,0.31665587,0.04273457,0.9451857
46.34756333333371,1762753342.2717333,0.05415295,1.598703,-0.047476955,-0.06574633,0.3043918,0.041751675,0.94935757
46.36508004166626,1762753342.2892501,0.054612666,1.5989851,-0.046147943,-0.064481206,0.29192868,0.04076154,0.9533931
46.382498124999984,1762753342.306668,0.05510923,1.5991862,-0.04475505,-0.06343644,0.27929747,0.03970411,0.95728385
46.39988283333332,1762753342.3240528,0.05560387,1.5993344,-0.043293238,-0.062570244,0.26649633,0.03859627,0.9610281
46.43973100000039,1762753342.363901,0.05672069,1.5995008,-0.03973174,-0.061158467,0.23692274,0.035895206,0.968937
46.45805454166657,1762753342.3822246,0.05722469,1.5995392,-0.038056552,-0.060545713,0.22321919,0.034400627,0.97227776
46.47571425000024,1762753342.3998842,0.057716034,1.5995756,-0.036449313,-0.059834823,0.20990327,0.032760814,0.97533953
46.49349229166637,1762753342.4176624,0.058225174,1.599544,-0.034955204,-0.058946945,0.19652522,0.031095937,0.97823113
46.51033241666664,1762753342.4345024,0.0587133,1.5994608,-0.033629596,-0.05803407,0.18398932,0.029550344,0.98076844
46.527734375000364,1762753342.4519043,0.059208136,1.5993711,-0.03226452,-0.057093434,0.17123725,0.027930947,0.98317754
46.54521120833306,1762753342.4693813,0.059696857,1.5992384,-0.030922294,-0.05615042,0.15864463,0.02625437,0.9853881
46.562816499999826,1762753342.4869864,0.06014607,1.59897,-0.0296619,-0.05502788,0.14622734,0.024437668,0.987417
46.580426666666426,1762753342.5045967,0.06057681,1.598505,-0.028481722,-0.05380542,0.13406187,0.022407344,0.98925745
46.59782429166626,1762753342.5219944,0.06104031,1.5978501,-0.027351147,-0.052864306,0.122322336,0.020423453,0.9908711
46.615245791666894,1762753342.5394158,0.061568156,1.5970312,-0.026243746,-0.05237106,0.11090179,0.01881224,0.99227226
46.632732125000075,1762753342.5569022,0.062188827,1.5960845,-0.02514196,-0.05248469,0.0998062,0.017619668,0.9934655
46.650082208333515,1762753342.5742521,0.06292972,1.5950824,-0.024031466,-0.053584863,0.08920203,0.016802786,0.9944292
46.667548125000394,1762753342.5917182,0.06383176,1.594087,-0.022873163,-0.055649284,0.078971595,0.016393423,0.9951874
46.697948958333654,1762753342.622119,0.06590814,1.5926363,-0.021120787,-0.060980972,0.06249639,0.016401187,0.9960455
46.727660833333175,1762753342.651831,0.06852135,1.5914698,-0.019327223,-0.06654907,0.048240565,0.016657464,0.99647707
46.745221874999515,1762753342.6693919,0.07034872,1.5909706,-0.018205464,-0.069038026,0.04068427,0.016490357,0.9966477
46.764324833333376,1762753342.688495,0.0725464,1.5907125,-0.017058313,-0.07083588,0.033116277,0.01586119,0.9968119
46.78160779166683,1762753342.705778,0.074727446,1.590677,-0.016103555,-0.07186202,0.026780775,0.014856509,0.9969443
46.79904400000032,1762753342.723214,0.07710889,1.5907216,-0.015208018,-0.07273489,0.020827685,0.01359997,0.9970411
46.83741854166692,1762753342.7615886,0.08298464,1.5906291,-0.013465345,-0.075325936,0.009109593,0.011043989,0.9970562
46.86069537499952,1762753342.7848654,0.086994596,1.5901895,-0.012496715,-0.07777344,0.0028061876,0.010240138,0.9969145
46.87829329166652,1762753342.8024633,0.090323664,1.5896436,-0.011940718,-0.07997287,-0.0016170483,0.009836544,0.9967472
46.8957243750001,1762753342.8198943,0.09382243,1.5889361,-0.011485875,-0.08288337,-0.005691217,0.009499115,0.99649775
46.91333766666685,1762753342.8375077,0.09744012,1.5884115,-0.01106829,-0.08806568,-0.009356038,0.009269993,0.99602765
46.93264741666644,1762753342.8568175,0.10145944,1.5886682,-0.010966659,-0.09364595,-0.012523825,0.009873355,0.9954778
46.95876012499957,1762753342.88293,0.10685794,1.590392,-0.011754799,-0.09598698,-0.015429548,0.0104259085,0.9952084
46.97639362500013,1762753342.9005637,0.11042811,1.5918661,-0.012755394,-0.09464034,-0.016811596,0.010089882,0.9953184
46.99332491666701,1762753342.917495,0.113789156,1.5930669,-0.0137584265,-0.092711054,-0.0179931,0.009334883,0.9954867
47.01077408333367,1762753342.9349442,0.117149666,1.5938104,-0.0145462155,-0.091383554,-0.019272273,0.008298833,0.9955947
47.02802191666706,1762753342.9521918,0.12033953,1.5939782,-0.015020072,-0.091102034,-0.020658065,0.0072296737,0.99560106
47.044759208332835,1762753342.9689293,0.123274595,1.5937012,-0.015272563,-0.09131712,-0.022141855,0.006159434,0.9955566
47.070586249999906,1762753342.9947562,0.12745611,1.5929482,-0.015617788,-0.09104282,-0.024438277,0.0049188766,0.99553496
47.09003779166687,1762753343.0142078,0.1303072,1.5923471,-0.016126752,-0.089970656,-0.025805645,0.005050097,0.9955972
47.1074575833336,1762753343.0316277,0.13264404,1.5918694,-0.01678915,-0.08880909,-0.026563857,0.0061008777,0.99567574
47.1248627916666,1762753343.049033,0.13477841,1.5914851,-0.017549753,-0.08824887,-0.026925532,0.0074762325,0.99570644
47.14302283333291,1762753343.0671928,0.13677752,1.59116,-0.018374741,-0.08885974,-0.02699792,0.008739557,0.99563986
47.16048187500019,1762753343.084652,0.13844717,1.5909487,-0.019180775,-0.090636194,-0.026916234,0.00942252,0.99547565
47.17801299999974,1762753343.102183,0.13988619,1.5908941,-0.020000458,-0.092956915,-0.026821705,0.009438173,0.99526405
47.1953804583336,1762753343.1195505,0.14111121,1.5909952,-0.020820916,-0.094958015,-0.026730493,0.008964264,0.99508196
47.21288429166634,1762753343.1370542,0.14215311,1.5911912,-0.021644652,-0.09610638,-0.02661898,0.008256099,0.9949809
47.23103020833332,1762753343.1552002,0.14303795,1.5914071,-0.02250569,-0.096103534,-0.026429843,0.0076571777,0.99499094
47.248455708333495,1762753343.1726258,0.14371318,1.5915391,-0.02335906,-0.09485078,-0.026151935,0.0074767433,0.9951198
47.27044937499977,1762753343.1946194,0.1443378,1.5915052,-0.024538338,-0.092269234,-0.025576266,0.00763773,0.9953763
47.293171958333005,1762753343.217342,0.14474079,1.5913354,-0.026012128,-0.089437574,-0.024852134,0.007731457,0.9956523
47.310965374999796,1762753343.2351353,0.14492983,1.5910745,-0.027308345,-0.087716915,-0.024377212,0.007578133,0.9958183
47.32981487500001,1762753343.253985,0.1450164,1.5906414,-0.028712105,-0.08739445,-0.024130989,0.0068944907,0.9958576
47.3466127916663,1762753343.2707827,0.14496666,1.5902493,-0.029976118,-0.08901192,-0.024371438,0.005513542,0.9957171
47.365254999999706,1762753343.2894251,0.14476737,1.5900311,-0.031420648,-0.09239151,-0.025328053,0.002971414,0.99539614
47.3928686666668,1762753343.3170388,0.14416231,1.5901546,-0.03368324,-0.09780152,-0.02811307,-0.002242058,0.9948063
47.41024758333333,1762753343.3344176,0.14356256,1.5904557,-0.035078056,-0.101185024,-0.030454151,-0.005509005,0.99438614
47.42894366666678,1762753343.3531137,0.1427069,1.5909135,-0.036506522,-0.103962444,-0.03300843,-0.008025628,0.994001
47.44667825000033,1762753343.3708482,0.14168032,1.5913247,-0.037763476,-0.10573398,-0.035005603,-0.008951483,0.9937378
47.464415124999505,1762753343.388585,0.14045049,1.5915871,-0.038908012,-0.10706495,-0.036231074,-0.008453792,0.9935557
47.48185641666623,1762753343.4060264,0.13903347,1.5917178,-0.04001803,-0.10813709,-0.03652429,-0.006980947,0.99344033
47.501036874999954,1762753343.425207,0.13728309,1.5917451,-0.041262675,-0.10891797,-0.03574848,-0.00466754,0.9933968
47.52255479166706,1762753343.446725,0.1351527,1.591622,-0.04260832,-0.10967291,-0.03363211,-0.0019414893,0.9933967
47.53999770833343,1762753343.4641678,0.13330588,1.5914345,-0.04364084,-0.110523365,-0.031015364,-8.287103e-05,0.9933894
47.55807345833364,1762753343.4822435,0.13129818,1.5912029,-0.044639815,-0.111686826,-0.027539385,0.0013429058,0.9933609
47.575937208333016,1762753343.5001073,0.12925404,1.590989,-0.04556472,-0.11294267,-0.023468321,0.0022256025,0.99332184
47.59334037499957,1762753343.5175104,0.12722872,1.5908303,-0.046413302,-0.11395517,-0.019091928,0.0026342317,0.99329895
47.610724333333565,1762753343.5348945,0.12519021,1.5907376,-0.047206223,-0.11453954,-0.014441888,0.00279013,0.99330986
47.6281864583334,1762753343.5523565,0.1231422,1.5907184,-0.047949918,-0.11450921,-0.009623717,0.0027430407,0.9933717
47.64589270833312,1762753343.5700626,0.12107977,1.5907685,-0.048654318,-0.11364318,-0.004791219,0.0024932818,0.9935069
47.66251199999988,1762753343.586682,0.11917284,1.5908542,-0.04927217,-0.11229325,-0.0004134982,0.0021003776,0.99367285
47.69499562500005,1762753343.6191657,0.11568001,1.5910943,-0.050442636,-0.109454766,0.0074010836,0.001224983,0.9939635
47.711733625000306,1762753343.6359036,0.11394556,1.5914017,-0.051106513,-0.107901804,0.011087156,0.0010160687,0.9940992
47.729267875000005,1762753343.6534379,0.11213857,1.5918812,-0.05189532,-0.106054656,0.014767258,0.0009898938,0.9942502
47.74695204166619,1762753343.671122,0.11031746,1.5924222,-0.05274594,-0.1042264,0.018376512,0.0010538563,0.9943833
47.7643800416663,1762753343.68855,0.10853372,1.5928628,-0.053555775,-0.102902174,0.021872545,0.0011479132,0.99445033
47.79389020833332,1762753343.7180603,0.10559479,1.5930593,-0.05452627,-0.10263601,0.02756566,0.001348524,0.99433607
47.811318916667005,1762753343.735489,0.1039426,1.5927854,-0.05474121,-0.1039289,0.03066217,0.0016402885,0.99411064
47.828815875000146,1762753343.752986,0.1023713,1.5923117,-0.05472814,-0.10586122,0.033512853,0.002168791,0.99381363
47.84560950000014,1762753343.7697794,0.100935765,1.5918152,-0.054598927,-0.107641846,0.03597162,0.002744247,0.993535
47.86311262500021,1762753343.7872827,0.099508315,1.5913879,-0.054442346,-0.108800896,0.038259692,0.0031490915,0.993322
47.894448166666734,1762753343.8186183,0.09718898,1.5909277,-0.054249525,-0.10911451,0.041651793,0.0033261077,0.9931506
47.912010250000094,1762753343.8361802,0.09597691,1.5907236,-0.054128885,-0.10921883,0.043208238,0.0031867544,0.99307305
47.93295083333305,1762753343.8571208,0.09459871,1.5904263,-0.0539459,-0.109903574,0.044736434,0.0029829366,0.99293053
47.96184900000026,1762753343.886019,0.09281423,1.5900996,-0.05374849,-0.110685706,0.046165146,0.002714514,0.992779
47.97932704166669,1762753343.903497,0.09180554,1.5900414,-0.053709753,-0.11048208,0.046634823,0.0025597329,0.99278015
47.999614125000335,1762753343.9237843,0.09071517,1.5900403,-0.0537138,-0.10990636,0.046911117,0.0026051684,0.9928309
48.02479891666644,1762753343.948969,0.08949427,1.5900396,-0.053704925,-0.1092089,0.04711121,0.003278572,0.9928964
48.043067249999694,1762753343.9672372,0.08868822,1.5899884,-0.053644538,-0.10891776,0.04726136,0.004111427,0.99291813
48.07048508333355,1762753343.9946551,0.0875774,1.5898062,-0.05346942,-0.10893058,0.047512252,0.005264361,0.99289936
48.09525183333335,1762753344.0194218,0.08665988,1.5895807,-0.053239226,-0.109101385,0.04786288,0.006096563,0.99285895
48.1124818749995,1762753344.0366518,0.08608372,1.5893943,-0.0530715,-0.10931966,0.0482479,0.0065812217,0.9928132
48.14006837499983,1762753344.0642383,0.085292846,1.5890278,-0.05282265,-0.11006274,0.049101867,0.007288261,0.99268425
48.16080295833308,1762753344.0849729,0.08482138,1.5886991,-0.052675784,-0.11089186,0.04977505,0.007611686,0.99255604
48.17821279166674,1762753344.102383,0.084518746,1.5883821,-0.052631676,-0.11170241,0.050227836,0.0075944075,0.9924425
48.1983952916662,1762753344.1225653,0.08427933,1.5879447,-0.052690692,-0.112860136,0.050519716,0.007434282,0.9922979
48.215858791666506,1762753344.1400287,0.084172696,1.5874717,-0.052834928,-0.114258066,0.050560195,0.007273445,0.992137
48.23333941666624,1762753344.1575093,0.08415785,1.5868958,-0.053070307,-0.1161773,0.0503975,0.0070492574,0.99192405
48.2533892499996,1762753344.1775594,0.0842349,1.5861565,-0.053480446,-0.11875802,0.049963932,0.006427067,0.9916445
48.2702147083337,1762753344.1943848,0.08435618,1.5855333,-0.053968668,-0.1209438,0.049512897,0.00561855,0.9914079
48.29283487500015,1762753344.2170048,0.08455876,1.5847276,-0.054789007,-0.12404182,0.04884539,0.004194795,0.99106514
48.310254458333475,1762753344.2344246,0.084750414,1.5840523,-0.055547662,-0.1268211,0.04826537,0.0029599278,0.99074626
48.32740041666693,1762753344.2515705,0.084977396,1.583301,-0.05641312,-0.12994589,0.047531717,0.0016489589,0.9903798
48.34475833333363,1762753344.2689283,0.085240684,1.5824497,-0.057412453,-0.13332757,0.046548184,0.00015351495,0.98997825
48.36226491666639,1762753344.286435,0.085540585,1.5814635,-0.058515258,-0.13707834,0.04531556,-0.001429165,0.9895221
48.379714083333056,1762753344.303884,0.0859047,1.5802944,-0.059677124,-0.14151871,0.04393017,-0.0029083085,0.9889561
48.39827741666704,1762753344.3224475,0.08636511,1.578814,-0.060932226,-0.14725955,0.04233307,-0.00425121,0.9881824
48.42517612499978,1762753344.3493462,0.08710818,1.5762328,-0.06269394,-0.15748799,0.03960934,-0.006060242,0.9867076
48.44325379166639,1762753344.3674238,0.08764759,1.574224,-0.0638358,-0.1655868,0.0374545,-0.007337639,0.98545647
48.460676083333055,1762753344.3848462,0.088192664,1.572092,-0.064908385,-0.1742288,0.035138667,-0.008499537,0.9840414
48.47848191666617,1762753344.402652,0.08876262,1.569739,-0.06598246,-0.18371002,0.032609954,-0.00950095,0.9823935
48.495906999999534,1762753344.420077,0.08933052,1.5673532,-0.06703657,-0.19312494,0.030107424,-0.01023311,0.9806587
48.513625208332996,1762753344.4377952,0.089890994,1.564919,-0.06815237,-0.20239468,0.027590068,-0.010748154,0.9788563
48.5375627083331,1762753344.4617326,0.09055986,1.5616119,-0.06970251,-0.21442789,0.02408673,-0.011223977,0.97637826
48.5624277500001,1762753344.4865978,0.09116824,1.5581672,-0.07120587,-0.22661994,0.020340417,-0.011482604,0.97370315
48.58007454166636,1762753344.5042446,0.091559015,1.5558034,-0.0721274,-0.23492518,0.017762959,-0.011392983,0.97178435
48.60520925000037,1762753344.5293794,0.0920552,1.5527301,-0.07320559,-0.24575001,0.014418598,-0.010909426,0.9691646
48.62436695833367,1762753344.548537,0.09236001,1.5507215,-0.073888846,-0.252721,0.0121335415,-0.010549111,0.9674056
48.643700416666434,1762753344.5678704,0.09259288,1.548986,-0.07448143,-0.25844562,0.010054316,-0.010346023,0.96591806
48.66118224999991,1762753344.5853522,0.092738494,1.5476073,-0.074919224,-0.26278338,0.008368093,-0.010224197,0.96476436
48.67875866666691,1762753344.6029286,0.092829525,1.5463885,-0.07525552,-0.2666742,0.006811854,-0.010244242,0.9637082
48.69620591666626,1762753344.6203759,0.09284769,1.5453084,-0.07543136,-0.2704127,0.0053704428,-0.01030814,0.9626743
48.71345000000019,1762753344.63762,0.092771664,1.5443566,-0.07543802,-0.2740035,0.0041669654,-0.010238287,0.96166515
48.73116420833321,1762753344.6553342,0.09259033,1.5435804,-0.07537508,-0.2770563,0.003334187,-0.00992058,0.9607967
48.75898975000018,1762753344.6831598,0.09211058,1.5429164,-0.07534154,-0.27914152,0.003136911,-0.0088873515,0.96020377
48.77643587500006,1762753344.7006059,0.091713086,1.5427662,-0.075216934,-0.27924278,0.003708289,-0.008104591,0.9601792
48.79386933333353,1762753344.7180393,0.091269076,1.5427154,-0.07488035,-0.27919087,0.004661995,-0.00738082,0.96019596
48.81138704166642,1762753344.735557,0.090779185,1.5427221,-0.07432765,-0.27912542,0.0057092127,-0.0071354616,0.9602112
48.82882258333302,1762753344.7529926,0.09025904,1.5427868,-0.07359485,-0.27896985,0.0067299833,-0.007411617,0.9602477
48.846603333333405,1762753344.7707734,0.08971429,1.5429138,-0.07273537,-0.2784922,0.007941147,-0.007932151,0.9603729
48.86431983333296,1762753344.7884898,0.08918139,1.543111,-0.07184714,-0.27750003,0.009508089,-0.008473841,0.9606412
48.891487791666805,1762753344.8156579,0.088393964,1.543666,-0.070373535,-0.27503937,0.012243745,-0.009809489,0.96130496
48.90965970833349,1762753344.8338296,0.08790952,1.5441389,-0.0693295,-0.2730928,0.013755275,-0.011362882,0.9618222
48.92702358333372,1762753344.8511937,0.08749908,1.5446254,-0.06827599,-0.27139026,0.014897526,-0.013045386,0.9622657
48.94441883333366,1762753344.868589,0.08714968,1.5451336,-0.067184865,-0.26973414,0.015956037,-0.014329672,0.962696
48.96183195833328,1762753344.886002,0.08685676,1.5456327,-0.06608665,-0.26768592,0.01697819,-0.015125888,0.9632379
48.99147783333319,1762753344.9156477,0.08653117,1.5463189,-0.06409484,-0.26395944,0.01854328,-0.015164152,0.9642363
49.00992645833321,1762753344.9340966,0.08640258,1.5465755,-0.06277574,-0.26189712,0.019521117,-0.0140901115,0.9647955
49.02845887500007,1762753344.9526289,0.086316824,1.5466852,-0.061451025,-0.25987792,0.020680929,-0.012112079,0.965344
49.045871250000346,1762753344.9700413,0.086270496,1.5466542,-0.06025511,-0.2581322,0.021856008,-0.009687633,0.96581376
49.06314933333306,1762753344.9873195,0.08624795,1.5465059,-0.05915565,-0.2567423,0.02294927,-0.007178129,0.96618074
49.080579958333146,1762753345.00475,0.0862799,1.5461863,-0.058155954,-0.25567794,0.023832968,-0.0046948,0.96645683
49.09823183333356,1762753345.0224018,0.08632568,1.5456327,-0.0572899,-0.25479922,0.024400031,-0.0025025385,0.96668285
49.12376733333349,1762753345.0479374,0.0862462,1.5443499,-0.056251634,-0.25485492,0.024882853,0.00010475871,0.9666591
49.14329366666698,1762753345.0674636,0.08612082,1.5428683,-0.055417884,-0.25672165,0.025600374,0.0026949297,0.96614254
49.16151341666682,1762753345.0856833,0.08597337,1.5410786,-0.054463565,-0.26030466,0.026808243,0.0056942524,0.96513754
49.1791849166666,1762753345.103355,0.085789315,1.5390204,-0.053318627,-0.26560533,0.028170286,0.008438907,0.96363324
49.19849029166653,1762753345.1226604,0.08551838,1.5366385,-0.051947482,-0.272521,0.029394759,0.010478575,0.96164364
49.226386541666216,1762753345.1505566,0.08495355,1.5335169,-0.05026079,-0.28113922,0.030254217,0.011041775,0.9591264
49.24442866666686,1762753345.1685987,0.08448738,1.5317916,-0.049498975,-0.28483096,0.030465674,0.010638213,0.95803446
49.261917083333174,1762753345.1860871,0.08400545,1.5302489,-0.0488981,-0.28773436,0.030630136,0.010328969,0.9571646
49.27950262499962,1762753345.2036726,0.08352129,1.5288305,-0.048298657,-0.29051518,0.030903906,0.010538963,0.95631313
49.297487374999946,1762753345.2216573,0.08304469,1.5275897,-0.04767085,-0.29319176,0.031231754,0.011275154,0.9554769
49.322967208333466,1762753345.2471373,0.08239467,1.526258,-0.046895564,-0.2960048,0.031406853,0.012332605,0.9545903
49.34309087499969,1762753345.2672608,0.08190008,1.5255725,-0.046447873,-0.29713932,0.031517304,0.013316707,0.95422095
49.36061254166634,1762753345.2847826,0.08148024,1.5251855,-0.046148665,-0.29762352,0.031719904,0.014276585,0.95404947
49.37811529166629,1762753345.3022852,0.081099406,1.5249231,-0.045853555,-0.29801142,0.031973183,0.015134205,0.95390666
49.395519499999864,1762753345.3196895,0.08075346,1.5247415,-0.045543134,-0.29850075,0.03217752,0.015715593,0.9537374
49.413449083333035,1762753345.337619,0.08040594,1.5246221,-0.04524374,-0.299075,0.032286532,0.016000152,0.953549
49.430985541666814,1762753345.3551555,0.08007656,1.5245616,-0.044971883,-0.29958007,0.032307874,0.016101314,0.95338804
49.44837987499977,1762753345.37255,0.0797637,1.5245432,-0.04472351,-0.2999859,0.03231858,0.016157536,0.9532591
49.46580620833356,1762753345.3899763,0.07946316,1.5245541,-0.044490576,-0.3003013,0.032342374,0.016227417,0.9531578
49.4928423333331,1762753345.4170125,0.0791624,1.5245084,-0.044172943,-0.3005284,0.03245369,0.016384108,0.95307976
49.51027712500036,1762753345.434447,0.07900276,1.5244823,-0.044011176,-0.30048203,0.032555975,0.016460845,0.9530896
49.527186000000256,1762753345.451356,0.07884258,1.5244741,-0.043890715,-0.300377,0.03265579,0.016499316,0.95311856
49.54459504166698,1762753345.468765,0.078677624,1.5244681,-0.043810964,-0.30030406,0.032709956,0.01644534,0.9531407
49.56140345833319,1762753345.4855735,0.07851825,1.5244597,-0.043782532,-0.30033413,0.03263314,0.01624992,0.95313716
49.5789198333332,1762753345.50309,0.07837911,1.524432,-0.043773413,-0.30046758,0.03241886,0.015960231,0.9531073
49.59637275000023,1762753345.5205429,0.078265205,1.524395,-0.043813586,-0.30075338,0.032141343,0.01574737,0.9530301
49.62224475000039,1762753345.5464149,0.07809724,1.5243444,-0.044023395,-0.30156404,0.031575326,0.0155365495,0.9527963
49.639674083333375,1762753345.5638442,0.07799443,1.5242971,-0.04425031,-0.3024505,0.0310446,0.015386302,0.95253515
49.66544204166621,1762753345.589612,0.07786902,1.5241716,-0.04469675,-0.30410233,0.030090159,0.0151226,0.95204395
49.69428291666645,1762753345.618453,0.07783076,1.5238284,-0.045298625,-0.3059904,0.028838484,0.014650576,0.951485
49.71171829166633,1762753345.6358883,0.07783426,1.5235263,-0.04569012,-0.30718994,0.027999502,0.014262068,0.9511293
49.72944474999986,1762753345.6536148,0.077850856,1.5231628,-0.046078146,-0.3085709,0.02706937,0.013799318,0.95071596
49.74684249999973,1762753345.6710124,0.07788509,1.522777,-0.046434212,-0.3100616,0.026091602,0.013269916,0.95026577
49.76480795833322,1762753345.688978,0.0779641,1.5223807,-0.046740413,-0.31169626,0.025009628,0.012651621,0.94976836
49.79252112500035,1762753345.7166913,0.07813567,1.5218931,-0.047145367,-0.3141811,0.023149172,0.01152683,0.9490107
49.810012583333446,1762753345.7341826,0.078252085,1.5217171,-0.047404476,-0.3154886,0.021897841,0.010739863,0.94861585
49.827367875000164,1762753345.7515378,0.078363255,1.5216739,-0.04767412,-0.31639534,0.02063854,0.009974768,0.9483504
49.84477162500025,1762753345.7689416,0.07846102,1.521773,-0.047959924,-0.31681198,0.019402716,0.009252855,0.94824475
49.86166712500017,1762753345.7858372,0.07853359,1.5219948,-0.04824508,-0.31672007,0.018248213,0.008638208,0.9483042
49.87906825000027,1762753345.8032382,0.07863223,1.5223012,-0.048482,-0.31624433,0.017152684,0.008085543,0.9484883
49.89557208333372,1762753345.8197422,0.07875016,1.5226383,-0.048633575,-0.31556785,0.016198546,0.0076374346,0.94873405
49.91326920833308,1762753345.8374393,0.07884705,1.5230483,-0.04877884,-0.31472144,0.015248032,0.0072071175,0.9490343
49.93251337499987,1762753345.8566835,0.078927614,1.5235344,-0.048933454,-0.3136582,0.0143378135,0.0068152207,0.9494032
49.961154583333155,1762753345.8853247,0.07900317,1.524326,-0.04920727,-0.3117291,0.013342273,0.006529242,0.95005494
49.979030208332915,1762753345.9032001,0.07903372,1.524809,-0.049380124,-0.31043673,0.01287554,0.006302526,0.95048594
49.9964619166667,1762753345.920632,0.07904761,1.5252568,-0.049542964,-0.30921796,0.012442142,0.0060044774,0.9508909
50.02268570833348,1762753345.9468558,0.07902826,1.525902,-0.04980308,-0.307638,0.011904994,0.0055984873,0.95141256
50.04057237500001,1762753345.9647424,0.07899049,1.5263214,-0.049985893,-0.30670324,0.011661314,0.005465666,0.9517181
50.0610324583331,1762753345.9852026,0.07891837,1.526794,-0.05020667,-0.3056272,0.011471108,0.005374814,0.952067
50.07851045833286,1762753346.0026805,0.07888734,1.527136,-0.050364263,-0.3046281,0.011395608,0.005297353,0.95238847
50.09611854166633,1762753346.0202885,0.07887321,1.527434,-0.05050087,-0.303544,0.011397582,0.0052621886,0.95273477
50.11359600000014,1762753346.037766,0.07883517,1.5277404,-0.050661147,-0.30248842,0.011539061,0.005298278,0.9530685
50.133556249999856,1762753346.0577264,0.078760795,1.5281022,-0.050860167,-0.3013218,0.011830657,0.0053785723,0.95343393
50.15366274999997,1762753346.0778327,0.0786599,1.5284823,-0.051071584,-0.30020753,0.012296478,0.0054899957,0.95377886
50.17111020833363,1762753346.0952802,0.07856435,1.5288333,-0.051227927,-0.29930454,0.0128401555,0.0056097317,0.9540548
50.19240245833316,1762753346.1165724,0.07843576,1.5292842,-0.051402867,-0.2981864,0.01368474,0.005787056,0.954392
50.20989391666626,1762753346.134064,0.07831539,1.5296804,-0.05156535,-0.29714465,0.01451334,0.0059501436,0.9547036
50.22732454166635,1762753346.1514945,0.0781886,1.5301026,-0.05174137,-0.2959158,0.015416592,0.0060846633,0.95507026
50.24483716666691,1762753346.1690073,0.0780561,1.5305523,-0.051911402,-0.29467282,0.016322352,0.006143312,0.95543903
50.26200499999959,1762753346.186175,0.07792449,1.5310076,-0.052046884,-0.29352185,0.017206071,0.0062263585,0.9557772
50.27949462499964,1762753346.2036645,0.07779565,1.5314866,-0.052162,-0.29237098,0.018146701,0.0063962406,0.9561114
50.29822516666627,1762753346.2223952,0.07770948,1.5320036,-0.05222386,-0.29101142,0.019178627,0.0066053574,0.9565045
50.31460254166632,1762753346.2387726,0.07767148,1.5324866,-0.05223722,-0.28967997,0.020042846,0.006733932,0.95689
50.33214074999978,1762753346.2563107,0.07763786,1.5330662,-0.052235294,-0.28808814,0.0208902,0.006800659,0.95735186
50.360503791666815,1762753346.2846737,0.077598475,1.5341337,-0.052179694,-0.28508583,0.02208385,0.0068241693,0.9582233
50.37795116666621,1762753346.3021212,0.07759781,1.5348487,-0.052099526,-0.28292954,0.02272668,0.006792018,0.9588474
50.39539395833344,1762753346.3195639,0.07761879,1.5356158,-0.051982887,-0.280499,0.023311216,0.006722893,0.95954764
50.41467437499978,1762753346.3388443,0.07764601,1.5365503,-0.051822186,-0.2774949,0.023878401,0.0065823407,0.9604078
50.432102291666524,1762753346.3562722,0.07767355,1.5374624,-0.051651824,-0.27454937,0.024353733,0.006435121,0.96124303
50.44966187499995,1762753346.373832,0.07769814,1.5384315,-0.05144889,-0.27140158,0.024774391,0.0062338184,0.9621271
50.46768345833334,1762753346.3918536,0.0777252,1.5394708,-0.0512079,-0.26804498,0.025172243,0.006005918,0.96305877
50.493774999999914,1762753346.417945,0.0777817,1.5409436,-0.050800312,-0.26287612,0.025687706,0.005667299,0.9644709
50.51118104166653,1762753346.4353511,0.07782176,1.5419296,-0.05051428,-0.25922176,0.025967365,0.005354121,0.96545386
50.52864683333337,1762753346.452817,0.07785438,1.5429262,-0.050222933,-0.25553286,0.026189271,0.0049684774,0.96643287
50.54645033333327,1762753346.4706204,0.077878766,1.5439274,-0.04990703,-0.25191984,0.026408989,0.004626484,0.96737665
50.56421391666663,1762753346.488384,0.077870846,1.5448827,-0.049582172,-0.24848793,0.026677145,0.0043925173,0.9682576
50.5905648333337,1762753346.5147347,0.07782889,1.5462009,-0.049090922,-0.24368453,0.027160628,0.004185442,0.96946514
50.60936491666689,1762753346.533535,0.077810794,1.547074,-0.048722506,-0.24057661,0.027562596,0.0040995954,0.9702301
50.62716362500032,1762753346.5513337,0.07781643,1.5478634,-0.048361607,-0.2378464,0.028010393,0.00415566,0.9708899
50.64451845833355,1762753346.5686884,0.077848524,1.5486194,-0.048016436,-0.23529556,0.028541526,0.0043311375,0.97149503
50.66196000000036,1762753346.58613,0.077906735,1.549378,-0.047695942,-0.23275222,0.02912802,0.0044633765,0.9720895
50.67939120833307,1762753346.6035612,0.07798899,1.5501269,-0.047418356,-0.23015384,0.0296652,0.0044399016,0.9726919
50.697809624999536,1762753346.6219797,0.078097776,1.5509057,-0.047174156,-0.22738923,0.030118313,0.004172823,0.9733291
50.72606112500034,1762753346.6502311,0.07833517,1.552061,-0.04681641,-0.22345334,0.030572355,0.0036033657,0.9742284
50.743842916666836,1762753346.6680129,0.07853755,1.552758,-0.04658085,-0.22122832,0.030727865,0.0033337327,0.97473216
50.76120062500013,1762753346.6853707,0.07877048,1.553418,-0.04637021,-0.21912491,0.030737748,0.003075156,0.9752077
50.778827625000304,1762753346.7029977,0.079029925,1.5540558,-0.046192825,-0.21698247,0.030561369,0.002751,0.9756931
50.79640600000039,1762753346.720576,0.079309896,1.5546467,-0.046041608,-0.21490939,0.030208886,0.002420426,0.9761637
50.82217574999959,1762753346.7463458,0.0797651,1.5554098,-0.045806397,-0.21220212,0.02936522,0.0019229507,0.9767826
50.83958249999978,1762753346.7637525,0.080099836,1.5558668,-0.045628548,-0.21061283,0.028581062,0.0016030502,0.9771503
50.85936504166693,1762753346.783535,0.080501094,1.5563635,-0.045442224,-0.20883532,0.027535342,0.0013110751,0.97756225
50.87676566666687,1762753346.8009357,0.080845095,1.5567747,-0.045315206,-0.20725095,0.026555529,0.0011294561,0.9779267
50.894274125000265,1762753346.8184443,0.08117716,1.5571624,-0.0452348,-0.20574482,0.025565155,0.00094540534,0.97827125
50.91164358333299,1762753346.8358135,0.081512555,1.5575302,-0.045196593,-0.20436867,0.024557596,0.00077451137,0.9785856
50.92910495833348,1762753346.853275,0.08185963,1.5578771,-0.045188356,-0.20313132,0.02354991,0.00057199947,0.9788681
50.94657458333313,1762753346.8707447,0.08220862,1.5581934,-0.045189798,-0.20212522,0.022469599,0.00016527995,0.9791019
50.96404199999961,1762753346.888212,0.082556576,1.5584806,-0.045224726,-0.20130934,0.021273531,-0.00052734703,0.97929657
50.98138720833322,1762753346.9055572,0.08288193,1.5587528,-0.045324672,-0.20049392,0.019948915,-0.0015364132,0.97949064
50.998832708332884,1762753346.9230027,0.08318138,1.5590078,-0.045488834,-0.19963591,0.018603614,-0.002739659,0.9796897
51.02753487500013,1762753346.951705,0.08362343,1.5593231,-0.04579705,-0.19863139,0.016567765,-0.004485728,0.97992396
51.046238583333434,1762753346.9704087,0.08386494,1.5594463,-0.045968473,-0.19824821,0.015388325,-0.005412594,0.9800161
51.0649940000003,1762753346.989164,0.084058985,1.5595267,-0.046083104,-0.19811517,0.014363301,-0.0060682185,0.9800547
51.09173924999959,1762753347.0159092,0.084187955,1.5596801,-0.046173275,-0.19820434,0.013048044,-0.006862071,0.98004985
51.10979108333322,1762753347.033961,0.0841905,1.5598164,-0.046204567,-0.1981342,0.012247367,-0.0074114227,0.9800704
51.127252500000395,1762753347.0514226,0.084132425,1.5599917,-0.04624634,-0.1978069,0.01157929,-0.007914776,0.9801407
51.14482916666657,1762753347.0689993,0.08401683,1.5602221,-0.046306193,-0.19730851,0.011169701,-0.008269933,0.98024297
51.16238333333331,1762753347.0865533,0.08385363,1.5604718,-0.046345532,-0.19676618,0.011256365,-0.00812816,0.98035216
51.18019929166621,1762753347.1043694,0.08364399,1.5607376,-0.04633504,-0.19636382,0.011848278,-0.0076071317,0.98043
51.19829841666706,1762753347.1224685,0.08339402,1.5610272,-0.046260536,-0.19577143,0.012860309,-0.0072006835,0.9805388
51.22541741666646,1762753347.1495874,0.082937084,1.5615367,-0.04595256,-0.19456072,0.014919857,-0.0068802424,0.9807529
51.24359691666632,1762753347.167767,0.08256159,1.5619069,-0.0455696,-0.1934886,0.016271533,-0.007392201,0.98093975
51.26075595833299,1762753347.184926,0.08215925,1.5623326,-0.04508679,-0.19270535,0.017517833,-0.008005459,0.98106766
51.27944520833353,1762753347.2036152,0.08169081,1.56296,-0.044566035,-0.19141234,0.019048488,-0.0081224935,0.98129123
51.298228124999696,1762753347.222398,0.081208356,1.5638256,-0.044170924,-0.18854322,0.020885345,-0.00762084,0.9818132
51.32474495833321,1762753347.248915,0.08054175,1.5652931,-0.04371036,-0.18287791,0.023925547,-0.006346002,0.98282397
51.34453200000007,1762753347.268702,0.0801145,1.566316,-0.043234527,-0.17881925,0.026678028,-0.00488608,0.98350805
51.36201337500006,1762753347.2861834,0.07981282,1.5671118,-0.042650092,-0.17593756,0.029498363,-0.00338462,0.9839534
51.378891083333656,1762753347.303061,0.07957461,1.5678855,-0.04201985,-0.1733131,0.032532196,-0.0020086225,0.98432726
51.39633545833294,1762753347.3205054,0.07937232,1.5688393,-0.041443527,-0.16972087,0.03582248,-0.0010601827,0.98484033
51.413798416666395,1762753347.3379683,0.079215094,1.57002,-0.04101277,-0.16478382,0.038998183,-0.0009972418,0.9855579
51.432706333333044,1762753347.3568764,0.07909165,1.5714288,-0.04061967,-0.15873267,0.04203188,-0.001898881,0.9864247
51.459342666667,1762753347.3835127,0.07899496,1.5733236,-0.039958656,-0.15113929,0.045351103,-0.0034750204,0.98746556
51.47691908333309,1762753347.4010892,0.07888314,1.5745108,-0.03949499,-0.14666176,0.046887465,-0.0043105185,0.9880654
51.494919541666604,1762753347.4190896,0.07871362,1.575761,-0.039058525,-0.1419457,0.04791945,-0.0049302513,0.9887016
51.51471179166674,1762753347.4388819,0.078541726,1.5771941,-0.038593113,-0.13640809,0.04853055,-0.0050682663,0.98945034
51.532356291666474,1762753347.4565263,0.07841285,1.5785185,-0.038168013,-0.13127558,0.048820548,-0.0044912463,0.99013287
51.55968366666639,1762753347.4838536,0.07826167,1.5806519,-0.037423313,-0.123030424,0.049207684,-0.0022729314,0.9911796
51.576378249999834,1762753347.5005484,0.07816583,1.5819787,-0.03696406,-0.11757486,0.04951591,-0.0006980183,0.99182856
51.59374800000023,1762753347.517918,0.07805805,1.5834253,-0.036477804,-0.11131643,0.04997272,0.00080797833,0.9925275
51.6112040416665,1762753347.5353742,0.0779528,1.5849856,-0.035910137,-0.10453885,0.050588205,0.0020828794,0.9932312
51.62860941666622,1762753347.5527794,0.07784141,1.5865966,-0.035253532,-0.09759776,0.051375873,0.0030722285,0.9938942
51.64615708333349,1762753347.570327,0.07771535,1.5882337,-0.034506988,-0.09057618,0.052308805,0.003794032,0.9945076
51.66424304166685,1762753347.588413,0.07757048,1.5899383,-0.033688188,-0.08324948,0.053397126,0.004276547,0.9950879
51.69418458333348,1762753347.6183546,0.07709962,1.5927289,-0.032380044,-0.07107796,0.055371888,0.004802387,0.9959211
51.71212937499968,1762753347.6362994,0.07677548,1.5943062,-0.031601597,-0.06414452,0.05661155,0.005158789,0.9963202
51.72959891666687,1762753347.653769,0.07646182,1.5957894,-0.030828357,-0.057580285,0.057838477,0.005601947,0.9966484
51.74653104166646,1762753347.670701,0.076155014,1.5972252,-0.03006143,-0.05121318,0.059080187,0.006113919,0.99691993
51.76405204166622,1762753347.6882222,0.07584404,1.5986894,-0.02926457,-0.044560667,0.060415275,0.0066408976,0.9971561
51.791189416666384,1762753347.7153594,0.07543406,1.6009905,-0.02794314,-0.03407869,0.062355217,0.007072775,0.99744695
51.80935495833364,1762753347.733525,0.07525414,1.6026843,-0.026976347,-0.026315976,0.063449964,0.007251822,0.99761164
51.82825066666646,1762753347.7524207,0.07514248,1.6046321,-0.025911748,-0.01720263,0.06451104,0.0076496936,0.99773943
51.84619166666653,1762753347.7703617,0.075086705,1.6065993,-0.024831474,-0.0077597075,0.065498136,0.008045134,0.99779016
51.862530041667014,1762753347.7867,0.075075805,1.6084248,-0.023774087,0.0011461265,0.06634528,0.008275483,0.9977617
51.88084266666647,1762753347.8050127,0.075050324,1.6104959,-0.022519171,0.011198458,0.067215234,0.008440584,0.99763995
51.898472500000025,1762753347.8226426,0.07501586,1.6124638,-0.02125991,0.020835893,0.06803754,0.008570078,0.99742836
51.92610762499953,1762753347.8502777,0.07500291,1.6154515,-0.019193769,0.03606252,0.06945907,0.008685998,0.99689496
51.94362466666644,1762753347.8677948,0.07500405,1.6172681,-0.017852545,0.04562242,0.07043985,0.0086596515,0.99643457
51.96053041666619,1762753347.8847005,0.07500905,1.6188824,-0.016558051,0.054352168,0.07141261,0.008555961,0.9959281
51.97804258333326,1762753347.9022126,0.075002015,1.6203346,-0.015282989,0.06248596,0.072393656,0.008386145,0.99538153
51.99561516666654,1762753347.9197853,0.07498269,1.6215414,-0.014080346,0.069497935,0.07335684,0.008123627,0.99484813
52.01275520833315,1762753347.9369252,0.074967414,1.6225004,-0.012960613,0.07537323,0.07427451,0.00785772,0.9943543
52.03145545833286,1762753347.9556255,0.07495801,1.6233559,-0.01181156,0.08090545,0.07523179,0.007621374,0.9938493
52.04895883333302,1762753347.9731288,0.07496034,1.6240395,-0.010792553,0.08556044,0.076080166,0.007473589,0.99339586
52.06607412500034,1762753347.9902442,0.07497134,1.6246358,-0.009840238,0.08973911,0.07687934,0.0073332614,0.99296665
52.09135458333367,1762753348.0155246,0.07487667,1.6256102,-0.008544147,0.09512694,0.07806271,0.0072075874,0.9923735
52.10885683333345,1762753348.033027,0.07477718,1.6262034,-0.0077076615,0.09831279,0.07892885,0.0072196657,0.9919943
52.12625437499992,1762753348.0504243,0.07468543,1.6266576,-0.0069136145,0.1010445,0.0798529,0.0073379143,0.9916449
52.14373741666623,1762753348.0679073,0.074605696,1.626986,-0.0061526895,0.103434704,0.08082668,0.007573361,0.9913178
52.16120799999953,1762753348.085378,0.07454163,1.627202,-0.0054292083,0.10547841,0.08181026,0.007852469,0.99101955
52.17872249999982,1762753348.1028924,0.07440483,1.6272967,-0.0048578503,0.10721161,0.082785904,0.008121814,0.9907503
52.19620275000034,1762753348.1203728,0.07422341,1.627294,-0.004399359,0.108587794,0.0837105,0.008309479,0.9905212
52.21373712500008,1762753348.137907,0.074090146,1.6272212,-0.0039298595,0.10958326,0.084600545,0.008400199,0.9903351
52.231160166666996,1762753348.1553302,0.074014604,1.6270815,-0.003454274,0.11018283,0.085385606,0.00847787,0.9902006
52.25580008333327,1762753348.17997,0.07401356,1.6267897,-0.0027766824,0.11052657,0.086212665,0.008569552,0.99008983
52.27326779166651,1762753348.1974378,0.07408937,1.62655,-0.0022909106,0.11059126,0.08652662,0.008506273,0.99005574
52.29109291666646,1762753348.215263,0.07407303,1.6263347,-0.0019831061,0.110508226,0.086605996,0.008388659,0.9900591
52.30870529166623,1762753348.2328753,0.07399707,1.6261265,-0.0018269301,0.11026983,0.08649431,0.008371013,0.9900956
52.32548816666622,1762753348.249658,0.07400966,1.625891,-0.0016309619,0.10977331,0.08623658,0.008386104,0.9901731
52.3428740833333,1762753348.267044,0.074100055,1.6256044,-0.0013896286,0.10901416,0.08583802,0.008372688,0.9902917
52.36038241666665,1762753348.2845523,0.074251525,1.6252785,-0.0011126399,0.10803926,0.085344784,0.008283451,0.9904419
52.37785787499979,1762753348.302028,0.07440479,1.6249436,-0.0008391619,0.10684928,0.084834605,0.008253007,0.99061507
52.39530945833303,1762753348.3194795,0.074570976,1.6245936,-0.00057035685,0.105530575,0.0843459,0.008315706,0.99079764
52.412826333333214,1762753348.3369963,0.07480741,1.6242195,-0.0002811551,0.10407201,0.08389072,0.008480247,0.99098915
52.43273129166664,1762753348.3569014,0.07517941,1.6237689,7.301569e-05,0.10237639,0.083374634,0.008753267,0.9912069
52.459742458333494,1762753348.3839126,0.075848594,1.6231074,0.00056427123,0.10005263,0.08262569,0.009008398,0.9915046
52.47734824999952,1762753348.4015183,0.07623045,1.6226858,0.0007841587,0.09836062,0.08209397,0.009042025,0.99171776
52.49795754166644,1762753348.4221275,0.07658444,1.6222037,0.000913018,0.09612427,0.08137773,0.008962164,0.9919967
52.522066291666306,1762753348.4462364,0.07714745,1.62156,0.0010506511,0.093160056,0.080357015,0.008725204,0.99236476
52.539508166666565,1762753348.4636781,0.07764151,1.6210444,0.001133871,0.090927504,0.079416804,0.008480656,0.9926496
52.557107124999675,1762753348.4812772,0.078192465,1.6205128,0.0012086034,0.08873547,0.07826185,0.008141355,0.9929425
52.5752888750003,1762753348.4994588,0.07878309,1.6199491,0.0012768507,0.08660406,0.076925285,0.0077606067,0.99323815
52.59262216666684,1762753348.5167923,0.07936304,1.6193937,0.0013290644,0.08470408,0.07555047,0.0074659153,0.99350977
52.61008570833292,1762753348.5342557,0.079958886,1.6188291,0.0013544441,0.08285974,0.07406932,0.007220681,0.9937786
52.62756083333352,1762753348.5517309,0.08055019,1.6182889,0.0013287008,0.08114879,0.07254794,0.006939839,0.994034
52.64505416666634,1762753348.569224,0.081126906,1.6178031,0.0012351811,0.07960641,0.07105193,0.0066497354,0.99426866
52.66297674999987,1762753348.5871468,0.08168834,1.6173685,0.0010693669,0.077989265,0.069583245,0.0063565318,0.9945026
52.681471666666766,1762753348.6056416,0.082168244,1.6169763,0.0008190811,0.07601161,0.0681736,0.0058923904,0.99475616
52.6989133750003,1762753348.6230834,0.082533814,1.6166,0.0005269528,0.073683806,0.0669392,0.005244079,0.9950188
52.72018670833313,1762753348.6443567,0.08294104,1.6160303,0.000119924545,0.070314795,0.06558038,0.0043519023,0.9953573
52.737509791666525,1762753348.6616797,0.08322884,1.6154892,-0.0002747178,0.06734222,0.064580336,0.00359163,0.9956312
52.75495366666655,1762753348.6791236,0.08346618,1.6149589,-0.00075621007,0.06444396,0.06368122,0.0027146754,0.9958837
52.772300166666355,1762753348.6964703,0.083557926,1.6145378,-0.0013144612,0.06185305,0.062944025,0.0017574544,0.996097
52.78980591666641,1762753348.713976,0.083509445,1.6141989,-0.0019461631,0.059446108,0.062462438,0.0008749593,0.996275
52.8075817083336,1762753348.7317517,0.08337099,1.6138223,-0.0026379288,0.0567766,0.062345095,0.00012939454,0.99643844
52.82508345833321,1762753348.7492535,0.08314493,1.6133301,-0.0033436478,0.05352171,0.06258854,-0.0005140842,0.99660313
52.842687833333,1762753348.7668579,0.08283414,1.6126869,-0.0040754555,0.04962434,0.06308753,-0.0012571353,0.9967727
52.86000529166631,1762753348.7841754,0.08245961,1.6119388,-0.0048422874,0.04541894,0.06373826,-0.002198548,0.9969301
52.87747399999989,1762753348.801644,0.08202675,1.6111455,-0.005686283,0.04108074,0.06450749,-0.0031824699,0.9970662
52.895015416666865,1762753348.8191855,0.081524685,1.6103274,-0.0065947236,0.03670447,0.065344974,-0.004073911,0.99717915
52.91246349999983,1762753348.8366334,0.08096144,1.6094611,-0.007540828,0.032050442,0.06622237,-0.0048202956,0.99727833
52.93057554166626,1762753348.8547456,0.08036002,1.608461,-0.008545458,0.02648812,0.06709508,-0.005433016,0.99738014
52.94787829166671,1762753348.8720484,0.07977144,1.6073632,-0.009506404,0.020326963,0.06786157,-0.005894785,0.99747026
52.96528270833369,1762753348.8894527,0.07916596,1.606097,-0.010480404,0.013365076,0.06852229,-0.0062946244,0.99754024
52.98773600000004,1762753348.911906,0.07833976,1.6042774,-0.011832058,0.0034801257,0.06921494,-0.006681393,0.9975733
53.00511120833289,1762753348.9292812,0.077696435,1.6027524,-0.012981361,-0.004609222,0.06960073,-0.0068254434,0.99754095
53.02251608333336,1762753348.946686,0.07707079,1.6011229,-0.014225435,-0.013122967,0.06977627,-0.006871297,0.99745274
53.04013816666702,1762753348.9643083,0.07647072,1.5993179,-0.015590608,-0.022420874,0.06968055,-0.0068002655,0.9972942
53.058304999999564,1762753348.982475,0.07589581,1.5971973,-0.017105162,-0.033060305,0.069253,-0.006611773,0.99702924
53.07650312500027,1762753349.000673,0.07536423,1.5947065,-0.01873207,-0.04508208,0.068548895,-0.006291637,0.9966088
53.09397766666643,1762753349.0181477,0.07473068,1.5919652,-0.020397246,-0.058181666,0.06763977,-0.005765946,0.9959952
53.11141874999976,1762753349.0355887,0.07402857,1.5888066,-0.022078693,-0.07315859,0.06649094,-0.005056893,0.9950886
53.12887049999972,1762753349.0530405,0.07340514,1.5851693,-0.023700422,-0.09001267,0.06503184,-0.0041547054,0.9938065
53.145704333333015,1762753349.0698743,0.072899856,1.5812955,-0.025231004,-0.10746371,0.063290216,-0.0030669444,0.9921878
53.163871083333106,1762753349.088041,0.072463565,1.5768212,-0.026899982,-0.1267793,0.06102316,-0.0017613563,0.99005055
53.18121975000031,1762753349.1053898,0.07207251,1.5723748,-0.028470408,-0.14531222,0.058524862,-0.0005432149,0.9876532
53.198680166666236,1762753349.1228502,0.07173802,1.5678247,-0.029924452,-0.164166,0.05556226,0.00040634474,0.9848666
53.22162858333286,1762753349.1457987,0.07155182,1.5619744,-0.03166921,-0.18807885,0.05075231,0.0008544886,0.98084134
53.23900816666628,1762753349.1631782,0.07160747,1.5579158,-0.03299571,-0.2039132,0.046355717,0.00070933433,0.9778906
53.25665500000014,1762753349.180825,0.07182287,1.5542556,-0.034415495,-0.21734655,0.041388582,0.00053647364,0.97521645
53.275288916666796,1762753349.1994588,0.072186336,1.55087,-0.035935223,-0.22926205,0.035789616,0.0004746537,0.97270644
53.29285212499963,1762753349.2170222,0.07275128,1.5480642,-0.037297554,-0.2390299,0.030379308,0.0005671458,0.9705367
53.31028841666648,1762753349.2344584,0.07346956,1.5456628,-0.0385328,-0.2475189,0.024981847,0.00075584376,0.96856064
53.327767374999894,1762753349.2519374,0.07419274,1.5436695,-0.039693892,-0.2545014,0.019569615,0.0008339387,0.966874
53.34517441666685,1762753349.2693443,0.07490498,1.5420963,-0.040824242,-0.2598156,0.01419752,0.0007181291,0.96555364
53.36282637499971,1762753349.2869964,0.07562199,1.540869,-0.041954517,-0.26377088,0.008821239,0.00043962567,0.9645449
53.38041554166648,1762753349.3045855,0.07632629,1.5399789,-0.04300506,-0.266648,0.0036649676,0.00020383677,0.96378696
53.39782291666688,1762753349.3219929,0.077034876,1.5393474,-0.04397266,-0.2686976,-0.0012035172,0.00012441924,0.9632239
53.415372833333095,1762753349.3395429,0.07778349,1.5388908,-0.044925272,-0.2702176,-0.00593053,0.00013465551,0.962781
53.43283383333346,1762753349.357004,0.07855421,1.5385782,-0.045844197,-0.271375,-0.0104733035,0.00016191743,0.9624167
53.449353583333505,1762753349.3735237,0.0792899,1.5383861,-0.04668642,-0.27216378,-0.01471046,3.9635044e-05,0.9621385
53.46695712499968,1762753349.391127,0.08008569,1.5382725,-0.047575414,-0.27268586,-0.019232087,-0.0002945433,0.9619108
53.48811462499998,1762753349.4122846,0.08093334,1.5382932,-0.048782587,-0.27291998,-0.024698533,-0.0007396653,0.96171933
53.50540504166656,1762753349.429575,0.08160325,1.5383533,-0.049794853,-0.27302343,-0.029117709,-0.0010897061,0.9615661
53.522799458332884,1762753349.4469695,0.082346365,1.5383813,-0.05073327,-0.27321142,-0.033606626,-0.0014628115,0.9613657
53.54001637500005,1762753349.4641864,0.08317184,1.538395,-0.051594615,-0.27349937,-0.038282856,-0.0019248418,0.96110815
53.55894641666691,1762753349.4831164,0.08420196,1.5384208,-0.052499354,-0.2737166,-0.043891966,-0.0026532689,0.9608047
53.57643504166663,1762753349.500605,0.08531623,1.5384836,-0.05322354,-0.2737196,-0.049530923,-0.003555064,0.96052676
53.594143375000385,1762753349.5183134,0.08658794,1.5385717,-0.053875215,-0.27355182,-0.055631302,-0.0046645612,0.96023583
53.61159137499999,1762753349.5357614,0.087946236,1.5386629,-0.054532774,-0.27325204,-0.06205508,-0.0058914595,0.9599207
53.62903883333365,1762753349.5532088,0.089435406,1.5387636,-0.055185378,-0.27286783,-0.06903289,-0.007241295,0.95954424
53.645644541667025,1762753349.5698144,0.090989396,1.5388596,-0.055776723,-0.2725259,-0.07628268,-0.00868223,0.9590804
53.66313816666661,1762753349.5873082,0.09276385,1.5389488,-0.05634123,-0.27225235,-0.08450049,-0.010330946,0.95845276
53.68075945833334,1762753349.6049294,0.09474435,1.5390949,-0.05672414,-0.27196845,-0.09324044,-0.012023883,0.9577029
53.699554958333465,1762753349.623725,0.097036935,1.5393108,-0.056958556,-0.27153066,-0.10306204,-0.013969186,0.95679367
53.721900291666316,1762753349.6460702,0.09987584,1.539539,-0.05719738,-0.27092373,-0.11531529,-0.01638422,0.9555283
53.73921629166671,1762753349.6633863,0.10214596,1.5396852,-0.057329595,-0.27044848,-0.12512429,-0.01826865,0.9543939
53.75671341666657,1762753349.6808834,0.10448496,1.539803,-0.057400703,-0.27000254,-0.13524592,-0.020157589,0.9531007
53.77408329166701,1762753349.6982534,0.10686787,1.5398855,-0.0572939,-0.2696361,-0.14550285,-0.022025904,0.9516513
53.79146116666652,1762753349.7156312,0.109295696,1.5399292,-0.057034325,-0.26941985,-0.15600099,-0.023940327,0.95000184
53.809262166666485,1762753349.7334323,0.11180841,1.539937,-0.056687962,-0.2693094,-0.16709237,-0.02598329,0.9480915
53.82601495833296,1762753349.750185,0.114201814,1.5399307,-0.05629015,-0.26921037,-0.17784868,-0.027987448,0.9461038
53.84347112500018,1762753349.767641,0.116701946,1.5399212,-0.055799652,-0.26905575,-0.1892552,-0.0301262,0.9438665
53.86090458333365,1762753349.7850747,0.11916649,1.5399153,-0.05524063,-0.26886457,-0.2006322,-0.032238442,0.9414984
53.87856033333355,1762753349.8027303,0.121680096,1.5398921,-0.05455119,-0.26854545,-0.21197157,-0.034324195,0.9390278
53.89526241666681,1762753349.8194325,0.1240419,1.5398883,-0.053817272,-0.2679981,-0.22258118,-0.036178067,0.9366567
53.91308349999963,1762753349.8372536,0.12649715,1.5399426,-0.053007174,-0.26710123,-0.23380607,-0.03802783,0.9341015
53.9314472916667,1762753349.8556173,0.1289483,1.540042,-0.052120805,-0.26602143,-0.2453032,-0.039867975,0.93138045
53.95722420833317,1762753349.8813941,0.13222966,1.5402138,-0.050762773,-0.26451173,-0.26123798,-0.042462695,0.92735386
53.97595312500016,1762753349.9001231,0.13449667,1.5403415,-0.049646925,-0.26330796,-0.27250504,-0.044337817,0.92436147
53.99344612499954,1762753349.9176161,0.13651286,1.5404555,-0.04855568,-0.262116,-0.28261173,-0.04610309,0.9215749
54.01089770833369,1762753349.9350677,0.13840063,1.540559,-0.047479916,-0.26093954,-0.29221097,-0.04791431,0.9188186
54.02777729166701,1762753349.9519472,0.1400968,1.5406382,-0.046456277,-0.2599032,-0.30098057,-0.04974654,0.9161803
54.04441349999979,1762753349.9685836,0.14163113,1.540691,-0.04547126,-0.25901306,-0.30906639,-0.051558442,0.9136366
54.06188724999993,1762753349.9860573,0.143087,1.540718,-0.044480085,-0.2581982,-0.3169123,-0.053473476,0.9110658
54.07979729166618,1762753350.0039673,0.14448923,1.5406876,-0.04342652,-0.25744215,-0.3241713,-0.055429284,0.9086056
54.09763720833325,1762753350.0218072,0.1457848,1.5405929,-0.042363882,-0.25681052,-0.33048654,-0.05734576,0.9063876
54.126680416666204,1762753350.0508504,0.1474407,1.540355,-0.040965796,-0.25621298,-0.3385448,-0.060394455,0.9033797
54.14410916666657,1762753350.0682793,0.1481496,1.5401605,-0.040346563,-0.25620383,-0.34187376,-0.062111765,0.9020111
54.16156566666632,1762753350.0857358,0.14862362,1.5399344,-0.039910138,-0.25645688,-0.34399348,-0.063742585,0.901019
54.178991833333384,1762753350.1031618,0.14889047,1.5396959,-0.039594173,-0.2569071,-0.3449379,-0.065282285,0.90041924
54.19643687499956,1762753350.120607,0.14896667,1.5394453,-0.03940463,-0.257547,-0.3447937,-0.066642605,0.900192
54.213917916667015,1762753350.138088,0.14884907,1.5391781,-0.039387286,-0.25831228,-0.34369233,-0.06776838,0.90030986
54.231705541667,1762753350.1558754,0.1485483,1.5388974,-0.039529085,-0.2591207,-0.34168375,-0.068712056,0.9007705
54.26078666666672,1762753350.1849568,0.14764641,1.5384461,-0.04009247,-0.26055473,-0.33640763,-0.06980291,0.90225756
54.278312791666394,1762753350.2024827,0.14689746,1.5381165,-0.04059595,-0.2614405,-0.3318947,-0.0702471,0.9036372
54.294831291666924,1762753350.2190013,0.14607763,1.5377986,-0.04119575,-0.26209334,-0.32679453,-0.07041053,0.9052927
54.31217158333311,1762753350.2363417,0.14509359,1.5375717,-0.042011976,-0.26242787,-0.3207652,-0.07006853,0.9073763
54.32980833333295,1762753350.2539783,0.1439727,1.537459,-0.04300166,-0.26247954,-0.31404474,-0.0691363,0.9097805
54.34670229166659,1762753350.2708724,0.1427449,1.537425,-0.044047285,-0.26259425,-0.30703527,-0.06773084,0.91224235
54.36420395833284,1762753350.288374,0.14129409,1.5374454,-0.045165777,-0.26290667,-0.29911867,-0.06588251,0.914914
54.397614208332925,1762753350.3217843,0.13800453,1.5375854,-0.047592342,-0.26347932,-0.28212717,-0.061426643,0.92043996
54.42448604166657,1762753350.3486562,0.13484582,1.5376582,-0.049890816,-0.2641432,-0.26658863,-0.057067223,0.92514986
54.443064333333496,1762753350.3672345,0.13237631,1.5376167,-0.051608384,-0.26506785,-0.25476667,-0.053724725,0.92841077
54.46251366666638,1762753350.3866837,0.12953857,1.5374897,-0.053489506,-0.2664047,-0.2414366,-0.050025012,0.931791
54.47991499999989,1762753350.404085,0.12685917,1.5373007,-0.055197537,-0.26781863,-0.22871864,-0.046629254,0.93476564
54.497623624999505,1762753350.4217937,0.12399427,1.5370451,-0.056928575,-0.2694436,-0.21500513,-0.043146506,0.93771607
54.5142411249999,1762753350.4384112,0.121113285,1.5367641,-0.05858332,-0.2711354,-0.20149212,-0.03983903,0.94037193
54.532015041666455,1762753350.456185,0.117863536,1.5364465,-0.060384512,-0.27293637,-0.18643159,-0.036060043,0.9431059
54.55804791666651,1762753350.482218,0.11288808,1.5360416,-0.06306803,-0.27508068,-0.16371362,-0.029635377,0.94691616
54.57544616666655,1762753350.4996161,0.10951316,1.535809,-0.064807534,-0.2762827,-0.14841343,-0.024878398,0.949222
54.59444520833313,1762753350.5186152,0.10576873,1.5355365,-0.06660597,-0.27769458,-0.1316401,-0.0193697,0.95141023
54.611880041667064,1762753350.53605,0.10221644,1.535236,-0.06816518,-0.27919015,-0.11612693,-0.014031991,0.95308477
54.629101958333194,1762753350.553272,0.098602414,1.5348759,-0.06960672,-0.28085867,-0.100629754,-0.008509253,0.9544211
54.64663025000027,1762753350.5708003,0.094828546,1.5344231,-0.070955455,-0.2827709,-0.08470422,-0.0027970742,0.95543605
54.68056245833304,1762753350.6047325,0.0873021,1.5332701,-0.07318288,-0.28721675,-0.053620767,0.008102144,0.9563293
54.69793287500033,1762753350.622103,0.08339359,1.5325571,-0.074047685,-0.28974813,-0.037665624,0.013489212,0.9562664
54.717699708333384,1762753350.6418698,0.078926474,1.5316823,-0.074815154,-0.29272178,-0.019512031,0.019501604,0.95579964
54.73505379166636,1762753350.6592238,0.07497618,1.5308753,-0.075384565,-0.29534796,-0.0035716435,0.024699053,0.95506376
54.75564695833327,1762753350.679817,0.070257716,1.5298961,-0.075922966,-0.29833278,0.015401551,0.030841537,0.9538391
54.77305350000006,1762753350.6972234,0.06631101,1.5290134,-0.07622302,-0.3006867,0.03150412,0.03596775,0.95252365
54.790690124999855,1762753350.7148602,0.06233845,1.5280875,-0.07638693,-0.30294555,0.047841985,0.041040868,0.950921
54.80956591666654,1762753350.733736,0.058067985,1.5270983,-0.07642693,-0.30525136,0.06523737,0.04629821,0.94890577
54.82708991666641,1762753350.75126,0.05410413,1.5261877,-0.076342344,-0.30729452,0.08124464,0.05103653,0.94676536
54.84462179166621,1762753350.768792,0.050160766,1.5252948,-0.07614655,-0.30922514,0.09710935,0.055715892,0.94437563
54.862168999999994,1762753350.786339,0.046243448,1.5244262,-0.075847924,-0.3110248,0.112787016,0.060412962,0.94174993
54.88035479166683,1762753350.804525,0.042291537,1.5236719,-0.075356424,-0.31273633,0.12878035,0.06525848,0.93880403
54.906728750000184,1762753350.8308988,0.036747202,1.5226607,-0.07441872,-0.31482306,0.15134253,0.072441086,0.93420243
54.92605462499978,1762753350.8502247,0.032792307,1.5218678,-0.073666975,-0.31608018,0.16712315,0.0779127,0.93064106
54.94380312500016,1762753350.867973,0.029269183,1.521078,-0.07291226,-0.31724352,0.18088752,0.08307967,0.92721844
54.960741375,1762753350.8849113,0.026020689,1.520232,-0.07211356,-0.3185105,0.19335851,0.08818622,0.9237893
54.97832612499951,1762753350.902496,0.022789516,1.5191762,-0.071192265,-0.3200611,0.20560244,0.09371622,0.92005754
54.99572650000027,1762753350.9198966,0.0197427,1.5179847,-0.07020627,-0.32183933,0.21697758,0.09939709,0.9162207
55.01403825000034,1762753350.9382083,0.016707063,1.5166578,-0.069116,-0.32394958,0.228147,0.10547933,0.9120744
55.03276137499961,1762753350.9569314,0.013790786,1.5152621,-0.06796205,-0.32631102,0.23873433,0.11170353,0.90777165
55.0582615000003,1762753350.9824314,0.010117953,1.5133712,-0.06635626,-0.32965732,0.25190464,0.11986734,0.9019434
55.075786708333,1762753350.9999566,0.0077627003,1.5120956,-0.06520009,-0.33200327,0.26016402,0.12518752,0.89800704
55.0925461249999,1762753351.0167162,0.0056232885,1.5109154,-0.064056695,-0.3342448,0.26753154,0.12999047,0.8943209
55.110015666666186,1762753351.0341856,0.0035156384,1.5097833,-0.0628826,-0.33638448,0.27475488,0.1346459,0.8906322
55.12852858333372,1762753351.0526986,0.0013933207,1.5087154,-0.061695028,-0.3382707,0.282019,0.13920535,0.88693863
55.14594512500025,1762753351.070115,-0.000504521,1.5078379,-0.060637046,-0.33968696,0.28853008,0.14315253,0.8836688
55.16411549999975,1762753351.0882854,-0.0024216846,1.5071045,-0.05958146,-0.3409298,0.29494667,0.14684932,0.88045937
55.19369850000021,1762753351.1178684,-0.005342938,1.5062237,-0.057967782,-0.34248865,0.30457187,0.15212284,0.875669
55.21110345833313,1762753351.1352735,-0.0069210306,1.5058392,-0.057121098,-0.3429364,0.309731,0.15480912,0.87320983
55.228222666666625,1762753351.1523926,-0.008372918,1.505552,-0.056381226,-0.3430883,0.31433153,0.15712117,0.8710907
55.24561841666673,1762753351.1697884,-0.00973403,1.5053321,-0.055714738,-0.3431231,0.31846613,0.15925114,0.86918634
55.26524637500006,1762753351.1894164,-0.011125594,1.5051539,-0.055067897,-0.34309426,0.32249174,0.16143182,0.86730915
55.291915208333194,1762753351.2160852,-0.0130854845,1.5048994,-0.05454296,-0.34298924,0.32677588,0.16381888,0.8652972
55.30937770833316,1762753351.2335477,-0.014311467,1.5047623,-0.054377265,-0.34281263,0.32888752,0.16491792,0.8643579
55.32842900000014,1762753351.252599,-0.015504621,1.5046449,-0.054323077,-0.3426446,0.33056444,0.1656946,0.863636
55.345909583333196,1762753351.2700796,-0.016456408,1.5045456,-0.054383166,-0.3426718,0.3314574,0.16611175,0.8632027
55.36413004166661,1762753351.2883,-0.017283663,1.504464,-0.054545164,-0.34296966,0.33167005,0.1663089,0.8629648
55.381544374999976,1762753351.3057144,-0.01792477,1.5043923,-0.054806888,-0.34347805,0.3311967,0.16628417,0.86294913
55.39902666666694,1762753351.3231966,-0.018441468,1.5043135,-0.055190444,-0.34411207,0.33009887,0.16606033,0.86316025
55.43078145833351,1762753351.3549514,-0.01909624,1.5041828,-0.056220412,-0.3453734,0.32656634,0.16494341,0.86421376
55.448176458333364,1762753351.3723464,-0.019299097,1.5041162,-0.056970954,-0.3460947,0.3237687,0.16389099,0.86517745
55.46556037499977,1762753351.3897305,-0.019377023,1.5040382,-0.057843983,-0.34688786,0.3203497,0.16261742,0.86637205
55.49628820833368,1762753351.4204583,-0.018850379,1.5037619,-0.059895158,-0.34864035,0.31276563,0.15992592,0.8689369
55.51386616666696,1762753351.4380362,-0.018278336,1.5035801,-0.06118775,-0.3498895,0.3075479,0.15817802,0.8706155
55.531431291666195,1762753351.4556012,-0.017544173,1.5034145,-0.0625034,-0.3512999,0.3016957,0.1562496,0.8724416
55.563071666666474,1762753351.4872417,-0.015834369,1.5032206,-0.06494224,-0.35393712,0.28977287,0.15222053,0.8761217
55.590843750000204,1762753351.5150137,-0.0138639435,1.5031863,-0.067165315,-0.35598984,0.27806276,0.14798331,0.879803
55.609145624999655,1762753351.5333157,-0.012374863,1.50327,-0.06866485,-0.3571736,0.26973793,0.14477128,0.8824454
55.62863133333303,1762753351.5528014,-0.010655783,1.503474,-0.07028389,-0.35822096,0.26044607,0.14105178,0.8854095
55.64632983333286,1762753351.5705,-0.008988015,1.5037655,-0.07177311,-0.3588847,0.2517711,0.13749072,0.8882057
55.664257208332856,1762753351.5884273,-0.0072097904,1.5041559,-0.073295064,-0.35923827,0.24278256,0.1336352,0.8911488
55.681710333333285,1762753351.6058803,-0.0052071265,1.5045596,-0.07481254,-0.35930386,0.23387757,0.1296879,0.89408225
55.69913633333363,1762753351.6233063,-0.0029530004,1.5049762,-0.07633871,-0.3592184,0.22476761,0.1255205,0.8970431
55.72558300000037,1762753351.649753,0.000590235,1.5056999,-0.07857466,-0.35900846,0.21048397,0.11898551,0.90147203
55.743342416666565,1762753351.6675124,0.0030725773,1.5062207,-0.08000718,-0.3588612,0.20064753,0.11463213,0.9043333
55.76085937500011,1762753351.6850295,0.0056121447,1.5067514,-0.0813546,-0.35874128,0.1907058,0.110305026,0.90706605
55.77824937500009,1762753351.7024193,0.008260749,1.5072626,-0.08260417,-0.3586039,0.1805703,0.105944514,0.90971065
55.794719749999786,1762753351.7188897,0.010876578,1.5077356,-0.08371474,-0.3584158,0.17074329,0.101742044,0.9121586
55.812241249999715,1762753351.7364113,0.0137264235,1.50825,-0.08484344,-0.3581485,0.16009481,0.09718864,0.91468775
55.83222016666696,1762753351.75639,0.017057495,1.5088376,-0.08605407,-0.35774902,0.14772822,0.09189767,0.91746765
55.85710820833356,1762753351.7812781,0.021323428,1.5095606,-0.087427855,-0.35722488,0.13191946,0.085170425,0.9207245
55.875564791666875,1762753351.7997348,0.024720771,1.5100678,-0.08837647,-0.3568566,0.11990225,0.0800737,0.92296535
55.89825787500013,1762753351.822428,0.029105477,1.5106635,-0.08942962,-0.35639837,0.104852766,0.07374364,0.9254988
55.924824458333205,1762753351.8489945,0.034264654,1.5113695,-0.09042949,-0.35573682,0.08692726,0.066351,0.9281662
55.9426918333329,1762753351.8668618,0.037731618,1.5118483,-0.0909667,-0.35517913,0.0747374,0.06137941,0.9297821
55.9598575,1762753351.8840275,0.0410372,1.5123149,-0.091374755,-0.3545873,0.06292002,0.05654641,0.93118817
55.97727658333315,1762753351.9014466,0.044406105,1.5127127,-0.09168125,-0.35389552,0.050910577,0.051724285,0.93246484
55.99467404166626,1762753351.918844,0.0477573,1.513073,-0.09188098,-0.35309115,0.03901658,0.047060464,0.93358964
56.01206499999989,1762753351.936235,0.051035542,1.5134721,-0.09197377,-0.35209793,0.027271708,0.04256241,0.93459713
56.02865829166694,1762753351.9528284,0.0540901,1.5138887,-0.09197347,-0.35097843,0.016241126,0.038398575,0.93545496
56.04547295833345,1762753351.9696429,0.057103973,1.5143406,-0.091887355,-0.3496815,0.005273783,0.0342855,0.93622625
56.06245779166693,1762753351.9866278,0.06006354,1.5148168,-0.091710985,-0.34829667,-0.005596245,0.030165095,0.93688214
56.081942333333245,1762753352.0061123,0.063323095,1.515364,-0.09138007,-0.34667143,-0.017810673,0.025462298,0.9374718
56.09940945833296,1762753352.0235794,0.06613468,1.515844,-0.09098352,-0.34519,-0.02856364,0.021243226,0.9378575
56.1288277499998,1762753352.0529978,0.07068625,1.5166396,-0.09014754,-0.34261957,-0.046236046,0.014219423,0.9382281
56.14662899999985,1762753352.070799,0.0733334,1.5171119,-0.089550555,-0.34105185,-0.05666942,0.010073489,0.93828076
56.164285541666686,1762753352.0884557,0.07593747,1.5175761,-0.08889938,-0.3394665,-0.06688837,0.0060187755,0.9382176
56.181737083333246,1762753352.1059072,0.07847976,1.5180316,-0.08820528,-0.3379172,-0.07685202,0.0020727606,0.93803066
56.19919166666659,1762753352.1233616,0.08094043,1.5184785,-0.08745365,-0.3363399,-0.08672366,-0.0017598285,0.9377374
56.22981466666624,1762753352.1539848,0.08507033,1.5192218,-0.08600206,-0.33363226,-0.10378926,-0.008280222,0.93693584
56.24734145833372,1762753352.1715114,0.08732771,1.5196145,-0.085092664,-0.33220425,-0.113446176,-0.011886439,0.9362847
56.26466220833299,1762753352.1888323,0.08948853,1.5199814,-0.08414912,-0.33086157,-0.122881114,-0.015316365,0.9355193
56.28208158333291,1762753352.2062516,0.09162696,1.5203344,-0.08316344,-0.3295207,-0.13224632,-0.018631434,0.934655
56.29949687499993,1762753352.223667,0.09372787,1.5206854,-0.08216423,-0.32807535,-0.14150725,-0.021860255,0.9337368
56.33030125000005,1762753352.2544713,0.09727876,1.5213157,-0.080420315,-0.32514223,-0.1576974,-0.027346388,0.9320227
56.34777000000031,1762753352.27194,0.099191226,1.5216584,-0.07942937,-0.32344532,-0.16668348,-0.030247543,0.9309591
56.365157749999526,1762753352.2893279,0.10101172,1.5219693,-0.078424454,-0.32188976,-0.17542468,-0.032950513,0.9297997
56.39049691666696,1762753352.314667,0.10356151,1.5223513,-0.07696962,-0.31991842,-0.18771328,-0.036614995,0.92794144
56.40923770833342,1762753352.3334076,0.10534001,1.5226034,-0.07590282,-0.3185837,-0.19645697,-0.03910227,0.92648804
56.42663862500012,1762753352.3508086,0.106909856,1.5228215,-0.07493186,-0.3174111,-0.20423307,-0.04121536,0.9251164
56.44414508333284,1762753352.368315,0.10841545,1.5230268,-0.07398487,-0.3162524,-0.2117372,-0.043222412,0.92373353
56.46156408333354,1762753352.385734,0.10984648,1.5232174,-0.07307947,-0.31512967,-0.2188732,-0.045113407,0.9223625
56.479191999999784,1762753352.403362,0.11133608,1.5233648,-0.07215971,-0.31403667,-0.22579232,-0.047026996,0.92097086
56.495747416666745,1762753352.4199173,0.11274742,1.5234642,-0.071294434,-0.31313947,-0.23200193,-0.04881074,0.9196392
56.51339683333299,1762753352.4375668,0.11415772,1.5235474,-0.07039505,-0.31234387,-0.23828116,-0.050609075,0.9182059
56.530638291666946,1762753352.4548082,0.11544993,1.5236111,-0.06954034,-0.31170675,-0.24405088,-0.052245565,0.91681427
56.547979708333514,1762753352.4721496,0.11666859,1.5236639,-0.06870705,-0.31115586,-0.24955118,-0.053793564,0.9154302
56.56540858333301,1762753352.4895785,0.11783376,1.5237293,-0.0679065,-0.31067732,-0.25480294,-0.05523272,0.9140593
56.593981583333516,1762753352.5181515,0.119633645,1.5238518,-0.066685125,-0.30990076,-0.26289475,-0.057390783,0.91189593
56.6114494166668,1762753352.5356195,0.12068719,1.5239276,-0.066008925,-0.30935857,-0.2675127,-0.058597192,0.91065943
56.62949599999956,1762753352.553666,0.12175925,1.524006,-0.06537175,-0.30875528,-0.2720527,-0.059764475,0.90944254
56.64687583333307,1762753352.5710459,0.12277656,1.5240734,-0.064806044,-0.3082059,-0.27623305,-0.06085509,0.9082957
56.664281166667024,1762753352.5884511,0.123777896,1.5241302,-0.06428008,-0.30777112,-0.28021017,-0.061954264,0.90714985
56.68317308333371,1762753352.6073432,0.12484174,1.5242124,-0.06380499,-0.3073799,-0.28427094,-0.06316037,0.9059351
56.700611416667016,1762753352.6247814,0.12581582,1.524304,-0.06345075,-0.3071116,-0.28779656,-0.064334854,0.9048296
56.72788204166682,1762753352.6520522,0.12734726,1.5244294,-0.06298339,-0.30679572,-0.2928998,-0.06614664,0.90316707
56.74547833333327,1762753352.6696484,0.12833586,1.5244896,-0.062742904,-0.3066917,-0.29595038,-0.06736658,0.90211713
56.76688012500017,1762753352.69105,0.1295306,1.5245516,-0.062527955,-0.30667746,-0.29934338,-0.06887741,0.90088755
56.7914261666665,1762753352.7155962,0.13088143,1.5246261,-0.062389433,-0.30674696,-0.30273515,-0.07058787,0.89959717
56.8090113749995,1762753352.7331815,0.13181324,1.5246828,-0.06235809,-0.30687,-0.30473775,-0.071674176,0.8987928
56.82640358333356,1762753352.7505736,0.13270296,1.5247557,-0.062383484,-0.3069567,-0.30636635,-0.07261051,0.8981342
56.84429591666685,1762753352.768466,0.13358164,1.52485,-0.0624727,-0.30690736,-0.30771515,-0.07348087,0.897619
56.86107300000003,1762753352.785243,0.1343576,1.5249438,-0.06260372,-0.30682474,-0.30867466,-0.074250996,0.89725435
56.879673416666265,1762753352.8038435,0.13518266,1.5249845,-0.06273008,-0.30684897,-0.30935985,-0.07510473,0.896939
56.897335999999996,1762753352.821506,0.13591343,1.5249816,-0.06285143,-0.3069588,-0.3096216,-0.07591381,0.89674294
56.92643245833369,1762753352.8506024,0.13697344,1.524989,-0.06312192,-0.30715495,-0.30925384,-0.077130035,0.89669883
56.9440995833329,1762753352.8682697,0.1375455,1.5250022,-0.06331116,-0.30728123,-0.30865863,-0.0777904,0.8968036
56.96161783333355,1762753352.885788,0.13806427,1.5250202,-0.06351292,-0.3073692,-0.3079196,-0.07841917,0.8969728
56.97931629166669,1762753352.9034863,0.13853166,1.5250392,-0.063713074,-0.30742896,-0.30697754,-0.07903199,0.8972214
56.99753024999973,1762753352.9217002,0.13894911,1.5250596,-0.06391151,-0.30748755,-0.30575535,-0.079618976,0.8975667
57.02492879166675,1762753352.9490988,0.13949274,1.5251018,-0.0642212,-0.30758542,-0.30363873,-0.08039086,0.89818263
57.042645916666515,1762753352.966816,0.13982022,1.5251406,-0.064416885,-0.30758446,-0.30230305,-0.080795705,0.89859706
57.0600565416662,1762753352.9842265,0.14014402,1.52519,-0.064596176,-0.3075738,-0.3011064,-0.08108766,0.89897615
57.07763204166622,1762753353.001802,0.14044723,1.5251919,-0.06475867,-0.30757818,-0.30006483,-0.0813151,0.8993023
57.09831120833314,1762753353.0224812,0.1407912,1.5251554,-0.06491501,-0.3076683,-0.2990544,-0.081525035,0.89958894
57.12472058333333,1762753353.0488906,0.14126408,1.5251175,-0.06504888,-0.3078257,-0.29818416,-0.08186324,0.89979327
57.14250724999965,1762753353.0666773,0.14161895,1.5251004,-0.06509728,-0.3079211,-0.2978614,-0.08208443,0.8998474
57.161455874999774,1762753353.085626,0.14205043,1.5250989,-0.06511903,-0.308028,-0.29776585,-0.08228066,0.8998245
57.178869583332926,1762753353.1030395,0.14249144,1.5251037,-0.065074146,-0.30799082,-0.29796743,-0.08246609,0.8997536
57.19635195833325,1762753353.120522,0.14298145,1.5251087,-0.064979374,-0.30785295,-0.29848942,-0.08272184,0.8996042
57.21398587499971,1762753353.138156,0.14353468,1.5251093,-0.06485851,-0.30766714,-0.29933897,-0.08306553,0.8993538
57.23153266666668,1762753353.1557026,0.14414605,1.525102,-0.06470513,-0.30758083,-0.30048534,-0.0834796,0.8989627
57.26357620833369,1762753353.1877463,0.14544268,1.5250762,-0.06433958,-0.30761185,-0.30327883,-0.08415324,0.89795053
57.281007749999844,1762753353.2051778,0.14623134,1.5250531,-0.064095914,-0.30754843,-0.30526426,-0.08460112,0.8972571
57.298463666666976,1762753353.2226336,0.14708479,1.5250278,-0.06382716,-0.3073385,-0.3075824,-0.085138455,0.8964862
57.32749462500033,1762753353.2516646,0.14867085,1.5249738,-0.06334847,-0.30694243,-0.31208974,-0.08644986,0.89493734
57.34620075000021,1762753353.2703707,0.14978978,1.5249152,-0.062988706,-0.306839,-0.31534636,-0.08748642,0.8937296
57.36390345833297,1762753353.2880735,0.15091234,1.5248501,-0.062605865,-0.30689186,-0.31867594,-0.088599175,0.8924199
57.39062645833292,1762753353.3147964,0.15271631,1.5247474,-0.06183166,-0.30700493,-0.3241868,-0.090526916,0.89019984
57.40948491666677,1762753353.3336549,0.15408266,1.5246806,-0.061209865,-0.30700195,-0.32850233,-0.09217875,0.8884476
57.428381916666694,1762753353.352552,0.15553759,1.5246334,-0.060562313,-0.3068541,-0.3331838,-0.094059765,0.8865562
57.445966000000226,1762753353.370136,0.156959,1.5246198,-0.05992533,-0.3066303,-0.33781725,-0.09592055,0.8846788
57.464323291666915,1762753353.3884933,0.15850021,1.5246333,-0.059206493,-0.30637988,-0.34292632,-0.09797684,0.88257205
57.48867095833339,1762753353.412841,0.16062245,1.5246584,-0.058101356,-0.30589023,-0.3502061,-0.10089901,0.8795489
57.50608458333318,1762753353.4302547,0.16218519,1.524692,-0.05721736,-0.30544916,-0.35571754,-0.10307956,0.8772345
57.5241317083337,1762753353.4483018,0.16383237,1.524741,-0.056222983,-0.3049521,-0.36166415,-0.10536775,0.8747005
57.54170691666695,1762753353.4658768,0.16546331,1.524809,-0.055186737,-0.30439627,-0.36771908,-0.107685134,0.8720834
57.559054416666186,1762753353.4832244,0.16709313,1.5248926,-0.054107606,-0.3037023,-0.3740171,-0.11008975,0.8693425
57.57664179166659,1762753353.5008118,0.16875853,1.525012,-0.05293262,-0.3029354,-0.380683,-0.11255568,0.8663959
57.593704916666866,1762753353.517875,0.1703935,1.5251541,-0.05173672,-0.3022235,-0.38732666,-0.114833266,0.86339587
57.61073304166621,1762753353.534903,0.1720469,1.5252999,-0.05052656,-0.30140805,-0.39413193,-0.116974674,0.8603082
57.627379541666414,1762753353.5515497,0.17368421,1.5254381,-0.049312234,-0.30057335,-0.40086937,-0.11896386,0.85720885
57.645006291666505,1762753353.5691762,0.17541534,1.5255593,-0.047954805,-0.29981637,-0.40800777,-0.1210062,0.8538134
57.6623650833335,1762753353.5865352,0.17710164,1.5256469,-0.046538003,-0.29926977,-0.41503578,-0.12317228,0.85030085
57.680303500000264,1762753353.6044736,0.1788166,1.5256448,-0.044941545,-0.29872116,-0.4223622,-0.12572011,0.84650475
57.69788824999978,1762753353.6220582,0.18048416,1.5255865,-0.043270588,-0.29804394,-0.4297172,-0.12854686,0.8426083
57.72642595833349,1762753353.650596,0.18321255,1.5254843,-0.040465117,-0.29669723,-0.44199827,-0.1334886,0.83593607
57.743847749999986,1762753353.6680179,0.18485834,1.5254096,-0.038674522,-0.29586658,-0.44964918,-0.13653876,0.83164644
57.76057245833363,1762753353.6847425,0.18640155,1.5253301,-0.036901355,-0.29508436,-0.45710683,-0.139481,0.8273594
57.77815124999961,1762753353.7023213,0.18798651,1.525218,-0.03495259,-0.29427284,-0.4650283,-0.14249735,0.8227069
57.798340833332986,1762753353.7225108,0.18974718,1.5250859,-0.032697916,-0.29330215,-0.47405756,-0.14575492,0.81731194
57.829072791666476,1762753353.7532427,0.19232023,1.5249267,-0.029479027,-0.29128236,-0.4873145,-0.1501986,0.8093946
57.846447375000025,1762753353.7706175,0.19373018,1.5248365,-0.027803838,-0.2897972,-0.4944291,-0.15255158,0.8051618
57.863956666667036,1762753353.7881267,0.19508688,1.5247211,-0.026197081,-0.28830805,-0.5012741,-0.15498659,0.80098814
57.88131129166686,1762753353.8054812,0.1963381,1.5245706,-0.024651712,-0.28707933,-0.5077589,-0.15756577,0.7968309
57.89882945833324,1762753353.8229995,0.19749984,1.524365,-0.023129404,-0.28604957,-0.5141151,-0.16035241,0.79255813
57.92524933333334,1762753353.8494194,0.19911265,1.5240494,-0.020947998,-0.28448078,-0.52350414,-0.16483384,0.78603053
57.94261374999951,1762753353.8667839,0.20012227,1.5239002,-0.019617265,-0.28321463,-0.5296067,-0.16775869,0.78176934
57.95992612499958,1762753353.8840961,0.20110293,1.5237974,-0.018376708,-0.28174812,-0.5355881,-0.17051817,0.7776162
57.977444666667,1762753353.9016147,0.20203945,1.52373,-0.017136395,-0.2802197,-0.5414603,-0.17306739,0.7735279
57.99493679166699,1762753353.9191067,0.20291343,1.5236757,-0.015925765,-0.27879333,-0.54714227,-0.17537558,0.7695148
58.011937541667066,1762753353.9361076,0.20371722,1.52362,-0.014820218,-0.27754793,-0.55251694,-0.17747895,0.7656327
58.03337204166655,1762753353.957542,0.20466046,1.523539,-0.013527334,-0.2761605,-0.5591259,-0.17998521,0.76073575
58.06317299999955,1762753353.987343,0.20588413,1.5234091,-0.011927128,-0.27451688,-0.56790537,-0.18309942,0.7540548
58.08063179166675,1762753354.0048018,0.20661946,1.5233316,-0.011153942,-0.27369273,-0.5727534,-0.18465081,0.7502999
58.09811554166663,1762753354.0222855,0.20735708,1.5232422,-0.010490477,-0.27298594,-0.57738537,-0.18606466,0.746649
58.12490612500005,1762753354.049076,0.20840858,1.5230365,-0.009612751,-0.27226287,-0.583938,-0.18795322,0.74132514
58.14257375000034,1762753354.0667439,0.20904174,1.52284,-0.009134412,-0.2721668,-0.58779943,-0.18900923,0.73803294
58.16157958333315,1762753354.0857496,0.20966326,1.522577,-0.008724034,-0.27241778,-0.59151316,-0.19000477,0.73471016
58.17936741666654,1762753354.1035373,0.21015374,1.5222764,-0.008447409,-0.27288726,-0.5945812,-0.19087976,0.73182696
58.19726679166706,1762753354.1214368,0.21058294,1.5219457,-0.008284986,-0.27347547,-0.5972534,-0.19160199,0.72923815
58.22650641666678,1762753354.1506765,0.21123002,1.521414,-0.008306205,-0.27448845,-0.6006496,-0.19234334,0.7258652
58.24408791666701,1762753354.168258,0.21156724,1.5210998,-0.008511722,-0.2751689,-0.60208744,-0.19265991,0.7243307
58.26132624999991,1762753354.1854963,0.21184886,1.5207964,-0.0088685155,-0.27594405,-0.60303056,-0.19288449,0.72319055
58.27893741666685,1762753354.2031074,0.21209857,1.520501,-0.0092891455,-0.27688366,-0.6034691,-0.19296846,0.72244287
58.29730645833297,1762753354.2214766,0.2123143,1.5202078,-0.009852827,-0.27800336,-0.60337603,-0.19285476,0.7221209
58.326980124999864,1762753354.2511501,0.21255319,1.519769,-0.011271775,-0.2800287,-0.60196733,-0.19222124,0.72268265
58.34453033333284,1762753354.2687004,0.21262693,1.5195436,-0.012383461,-0.281329,-0.6003987,-0.1916213,0.7236412
58.361876875000235,1762753354.286047,0.21265192,1.5193594,-0.013705611,-0.2826727,-0.5982663,-0.19074582,0.7251135
58.37983350000013,1762753354.3040035,0.21261394,1.5192007,-0.015275776,-0.28409204,-0.595401,-0.18954398,0.72722936
58.39727475000018,1762753354.3214447,0.21250483,1.5190697,-0.0170151,-0.28558123,-0.5919005,-0.1880937,0.72987527
58.423392583333225,1762753354.3475626,0.21220046,1.5189059,-0.020076334,-0.28802246,-0.5852433,-0.18536246,0.7349654
58.442656749999514,1762753354.3668268,0.21184047,1.5188178,-0.022691434,-0.28989762,-0.57923126,-0.18297704,0.73957413
58.4601362083331,1762753354.3843062,0.21138969,1.5187572,-0.025320519,-0.29171845,-0.572958,-0.18054496,0.7443273
58.477764999999636,1762753354.401935,0.2108458,1.5186777,-0.02812004,-0.29367194,-0.5658216,-0.17783369,0.74965185
58.49519329166651,1762753354.4193633,0.2102005,1.5185792,-0.031058257,-0.2956606,-0.5579671,-0.17482601,0.7554425
58.5128426250003,1762753354.4370127,0.20939626,1.5184822,-0.034303427,-0.29767638,-0.54920447,-0.17146263,0.7618161
58.53236949999973,1762753354.4565396,0.20832762,1.5183712,-0.038207293,-0.29984656,-0.5385626,-0.16740772,0.76942647
58.559252000000015,1762753354.483422,0.20651883,1.5181874,-0.044082522,-0.30295804,-0.5222428,-0.16121416,0.7806977
58.576696083333445,1762753354.5008662,0.20512095,1.5180178,-0.04813987,-0.30527154,-0.51052636,-0.156701,0.7884269
58.59438016666627,1762753354.5185502,0.20350814,1.5177919,-0.052425027,-0.30794665,-0.49770492,-0.15171848,0.79651755
58.61175695833299,1762753354.535927,0.20169461,1.5175109,-0.056803405,-0.31090558,-0.48421773,-0.14652437,0.8046127
58.62917112499963,1762753354.5533412,0.19961096,1.5171739,-0.06131935,-0.3142287,-0.46985048,-0.14118184,0.8127537
58.64713287500035,1762753354.571303,0.19715682,1.5167834,-0.066067696,-0.3180273,-0.45409444,-0.13556655,0.8211447
58.66474233333338,1762753354.5889122,0.19443011,1.5163853,-0.07077235,-0.32194704,-0.4377187,-0.1299026,0.82938397
58.69202954166667,1762753354.6161995,0.1896677,1.5159111,-0.07805592,-0.32794696,-0.41062233,-0.12078427,0.8421706
58.70937758333366,1762753354.6335475,0.18627414,1.5157067,-0.08268702,-0.3314793,-0.3923796,-0.114684366,0.8502983
58.72672795833296,1762753354.650898,0.1825811,1.5155765,-0.08731288,-0.33457392,-0.3733946,-0.10833413,0.85842913
58.74410120833363,1762753354.6682713,0.17859095,1.5155324,-0.0919121,-0.33721912,-0.35373864,-0.101800054,0.8664809
58.761658624999654,1762753354.6858287,0.17422193,1.515612,-0.09640515,-0.33940032,-0.33334252,-0.09505642,0.8744452
58.779061583333714,1762753354.7032316,0.16959265,1.5158001,-0.10070908,-0.34110236,-0.31266347,-0.08818884,0.88210744
58.79800720833373,1762753354.7221773,0.16427538,1.5160666,-0.105261624,-0.34249645,-0.2896759,-0.080495685,0.8901149
58.826033250000364,1762753354.7502034,0.15591815,1.5164965,-0.11162233,-0.34408456,-0.25494397,-0.06887453,0.9010359
58.843538208333484,1762753354.7677083,0.15043935,1.516745,-0.115317166,-0.34487256,-0.2329598,-0.061589405,0.9071931
58.86198237499957,1762753354.7861524,0.14449535,1.5169798,-0.11895363,-0.34549254,-0.2096949,-0.054003306,0.91309726
58.87955495833285,1762753354.803725,0.13870804,1.5171175,-0.12210662,-0.3459202,-0.18748136,-0.046813253,0.9181495
58.89720849999958,1762753354.8213785,0.13278714,1.5171798,-0.12492782,-0.34627143,-0.16521066,-0.03965469,0.9226207
58.9146065833329,1762753354.8387766,0.1268779,1.5172198,-0.12739335,-0.34655523,-0.14343737,-0.03268931,0.92642146
58.931992833333425,1762753354.8561628,0.12093076,1.5172403,-0.12953603,-0.34679115,-0.121946655,-0.02585761,0.9296216
58.959540041666514,1762753354.8837101,0.11149579,1.5172377,-0.13229954,-0.3470545,-0.088561386,-0.015115562,0.93353176
58.97698566666622,1762753354.9011557,0.10558114,1.5171971,-0.13356288,-0.3470281,-0.06778757,-0.008314128,0.9353647
58.99364304166647,1762753354.917813,0.09999309,1.5171357,-0.13443142,-0.3468365,-0.04819543,-0.0018020425,0.9366848
59.01115225000012,1762753354.9353223,0.09416368,1.5170691,-0.13508528,-0.34653956,-0.027892157,0.005119577,0.93760663
59.0286344999995,1762753354.9528046,0.08841616,1.5170039,-0.135463,-0.3462213,-0.007924053,0.012094455,0.93804145
59.04605954166618,1762753354.9702296,0.08279075,1.5169495,-0.13557011,-0.3458331,0.0116985915,0.019134672,0.938028
59.06948737499988,1762753354.9936574,0.07543618,1.5169082,-0.13529468,-0.3452117,0.03751935,0.028606571,0.9373382
59.095037958333705,1762753355.019208,0.06748318,1.5169023,-0.13447517,-0.34425142,0.06447637,0.038591046,0.93586564
59.11243529166677,1762753355.0366054,0.062233035,1.5169458,-0.1336739,-0.34318772,0.081982516,0.044998612,0.9345995
59.130491708333466,1762753355.0546618,0.05700491,1.5170312,-0.1326704,-0.3416528,0.09944911,0.051432747,0.93313336
59.14784354166659,1762753355.0720136,0.052197512,1.5171195,-0.13152981,-0.3400056,0.11557531,0.05748283,0.9315225
59.16540516666646,1762753355.0895753,0.04761327,1.5171504,-0.13016139,-0.3383674,0.13117999,0.06351247,0.92965883
59.190743125000154,1762753355.1149132,0.041413676,1.5171158,-0.12785184,-0.3363006,0.15237227,0.07193919,0.9265578
59.208980833333044,1762753355.1331508,0.037152443,1.5170732,-0.12601423,-0.33486208,0.16672106,0.07773051,0.9241371
59.22728083333368,1762753355.1514509,0.033020604,1.5170045,-0.124038935,-0.33333403,0.18043444,0.083342545,0.9216213
59.24474587500026,1762753355.168916,0.029211644,1.516899,-0.121999264,-0.3319224,0.19292796,0.08863723,0.9191027
59.272746624999854,1762753355.1969166,0.023369338,1.5166444,-0.11836332,-0.33005926,0.21179864,0.097360976,0.91472566
59.291901208333,1762753355.2160711,0.019752383,1.5165305,-0.11577582,-0.32878545,0.2240647,0.103601076,0.91157115
59.309404249999716,1762753355.2335742,0.01664479,1.5164701,-0.11336416,-0.32728022,0.23498529,0.1094567,0.90867424
59.32705520833315,1762753355.2512252,0.013523452,1.516396,-0.11081034,-0.32541898,0.24577105,0.115391545,0.90575045
59.34439099999963,1762753355.2685611,0.010493055,1.5163028,-0.108174145,-0.3234647,0.2561096,0.121223494,0.9028197
59.361925958332904,1762753355.2860959,0.007487461,1.5161872,-0.10538983,-0.32141784,0.2662681,0.1270818,0.89980114
59.379864166666266,1762753355.3040342,0.0044918754,1.5160967,-0.1024288,-0.31917766,0.27633852,0.13300537,0.89670074
59.39742641666635,1762753355.3215964,0.0016481653,1.5160267,-0.09944528,-0.31681728,0.28588003,0.13859378,0.89369524
59.41479587499998,1762753355.338966,-0.0010721609,1.5159386,-0.09644425,-0.31444535,0.2950364,0.1438186,0.89072657
59.43220508333343,1762753355.3563752,-0.0037006338,1.5158324,-0.09339361,-0.31211278,0.3039725,0.14868245,0.88773865
59.457415500000025,1762753355.3815856,-0.007344,1.5156617,-0.08894318,-0.30882573,0.31650653,0.1550579,0.8834067
59.47646091666684,1762753355.400631,-0.010002531,1.5155323,-0.0856691,-0.3062698,0.32572666,0.15942323,0.88016206
59.49571349999951,1762753355.4198835,-0.012610693,1.5154146,-0.082450934,-0.3035966,0.33478415,0.1634024,0.876954
59.526040333333185,1762753355.4502103,-0.016483128,1.5152202,-0.07747704,-0.2995565,0.34841844,0.16917056,0.8719242
59.54322679166671,1762753355.4673967,-0.018530807,1.5150938,-0.07471133,-0.29753247,0.35582802,0.17237578,0.86899215
59.560688624999784,1762753355.4848588,-0.020507164,1.5149628,-0.07196611,-0.29560184,0.36312905,0.1755512,0.86599
59.57827033333342,1762753355.5024405,-0.022361664,1.5148823,-0.06924576,-0.29372206,0.3702083,0.17860402,0.8630028
59.59567908333338,1762753355.519849,-0.02408903,1.51485,-0.06663257,-0.29188728,0.3768995,0.18141279,0.86013836
59.6130894166663,1762753355.5372593,-0.025757074,1.5148356,-0.064157784,-0.29012603,0.38323087,0.18403353,0.8573755
59.630545666666876,1762753355.5547156,-0.027366096,1.5148343,-0.061816227,-0.28842643,0.38921294,0.18645518,0.8547268
59.647892458333445,1762753355.5720625,-0.028899446,1.514845,-0.059628785,-0.28691933,0.39476448,0.18866998,0.85219836
59.665102625000145,1762753355.5892727,-0.030350186,1.5148627,-0.057603955,-0.28559408,0.3998064,0.19066724,0.84984523
59.69219933333352,1762753355.6163692,-0.032175392,1.5148686,-0.054903805,-0.28373662,0.40666747,0.19332089,0.8466063
59.70957287500005,1762753355.6337428,-0.033224046,1.5148774,-0.053429782,-0.28268477,0.41035527,0.19462903,0.8448772
59.72723329166638,1762753355.6514034,-0.034257825,1.5148879,-0.052090235,-0.28183904,0.41353127,0.19560751,0.8433839
59.745026999999936,1762753355.669197,-0.03524813,1.5149035,-0.050898015,-0.28126082,0.41612324,0.19629873,0.8421405
59.76622624999982,1762753355.6903963,-0.036354154,1.5149428,-0.04971224,-0.28078026,0.41842145,0.1967437,0.8410576
59.79227862500011,1762753355.7164485,-0.03769549,1.5150183,-0.048620343,-0.2802679,0.42010388,0.19675474,0.840387
59.810621416666436,1762753355.7347915,-0.038613617,1.5150855,-0.048107505,-0.27994436,0.4205311,0.19657426,0.8403234
59.827745583333126,1762753355.7519157,-0.039432615,1.5151511,-0.047819495,-0.27976117,0.42035758,0.19636738,0.84051955
59.84608395833311,1762753355.770254,-0.04025562,1.5152233,-0.0476982,-0.27977523,0.41954508,0.1960271,0.8410001
59.86389154166682,1762753355.7880616,-0.04100045,1.5152946,-0.047754586,-0.2799537,0.41814506,0.19544412,0.8417733
59.89675337500012,1762753355.8209233,-0.041964054,1.5153415,-0.04831642,-0.28068876,0.41408482,0.19373684,0.8439275
59.91600866666704,1762753355.8401787,-0.04243782,1.5153489,-0.048873067,-0.28113925,0.4110923,0.19260782,0.84549755
59.93338608333306,1762753355.857556,-0.042834137,1.515349,-0.0494932,-0.28161377,0.4080568,0.19152185,0.8470553
59.96026258333313,1762753355.8844326,-0.043331802,1.5153395,-0.050637245,-0.2826681,0.40267587,0.18969871,0.8496854
59.97771379166625,1762753355.9018838,-0.043564066,1.5153472,-0.05146408,-0.2836071,0.39875075,0.18837808,0.8515155
59.995908666666764,1762753355.9200788,-0.043727994,1.5153809,-0.052393734,-0.28472123,0.3943635,0.1868599,0.85351896
60.01324941666644,1762753355.9374194,-0.043808494,1.5154402,-0.053360093,-0.2858108,0.38996053,0.18522018,0.85553294
60.03172087500025,1762753355.955891,-0.04382405,1.5155326,-0.05448205,-0.2868802,0.3850683,0.183209,0.85782087
60.0656692499997,1762753355.9898393,-0.043651387,1.5157597,-0.05679232,-0.2886678,0.37547854,0.17890003,0.8623697
60.091688666666414,1762753356.0158587,-0.043072432,1.5159672,-0.058866918,-0.29022026,0.36742973,0.1752748,0.86605215
60.10931979166617,1762753356.0334897,-0.042487517,1.516094,-0.06037247,-0.2914131,0.36160147,0.17279877,0.8685985
60.12681783333301,1762753356.050988,-0.04179494,1.5162013,-0.061909616,-0.29262644,0.3555491,0.17029555,0.8711797
60.144372833333364,1762753356.068543,-0.040983308,1.5162978,-0.06348146,-0.2939674,0.34916714,0.16767812,0.8738132
60.16227645833351,1762753356.0864465,-0.04002032,1.516395,-0.065105386,-0.29547632,0.34235793,0.16497096,0.8765098
60.180073333332984,1762753356.1042433,-0.03893017,1.5164647,-0.06676543,-0.2970516,0.3353391,0.16221786,0.8792004
60.19783350000034,1762753356.1220036,-0.037717026,1.5165464,-0.068457015,-0.29860544,0.32812515,0.1593557,0.8819152
60.22460562499964,1762753356.1487756,-0.035660863,1.5167648,-0.07103878,-0.3008074,0.316843,0.15472813,0.88610643
60.24270783333304,1762753356.1668777,-0.03411428,1.5169753,-0.07279229,-0.3021556,0.30893484,0.15134282,0.88902
60.263089958333694,1762753356.18726,-0.032222472,1.5172693,-0.074766755,-0.30353856,0.29977742,0.14728384,0.89235944
60.29325166666695,1762753356.2174218,-0.029255219,1.5176959,-0.077839375,-0.30536503,0.2857324,0.14087301,0.89736503
60.31071458333372,1762753356.2348845,-0.027405553,1.5179892,-0.079636395,-0.3063289,0.27731645,0.13697502,0.9002756
60.32871633333343,1762753356.2528863,-0.025383778,1.5183337,-0.081465006,-0.30723214,0.26837823,0.13280922,0.90329576
60.3462351666667,1762753356.2704053,-0.02331186,1.5186962,-0.08322233,-0.30804268,0.25940076,0.12862623,0.9062429
60.36400912499994,1762753356.2881792,-0.021064438,1.5190312,-0.08503407,-0.30878472,0.25001702,0.12431521,0.9092245
60.38508941666623,1762753356.3092594,-0.018239075,1.5194029,-0.08717318,-0.3096106,0.23856503,0.11921844,0.91269654
60.402537416666746,1762753356.3267074,-0.015809134,1.5197209,-0.08887786,-0.3102472,0.22886963,0.115026824,0.91549677
60.424346958333444,1762753356.348517,-0.012664169,1.520112,-0.09091252,-0.3110376,0.21649426,0.109821275,0.9188717
60.44386779166689,1762753356.3680377,-0.009759985,1.5204455,-0.09263468,-0.311754,0.20521829,0.105191916,0.9217536
60.461267249999764,1762753356.3854373,-0.007107921,1.5207232,-0.09409195,-0.3123973,0.1950694,0.10109398,0.9241947
60.47892649999994,1762753356.4030964,-0.004369408,1.5210129,-0.095511556,-0.31306195,0.18469991,0.0969538,0.926541
60.4976066666668,1762753356.4217768,-0.0014114901,1.5213012,-0.09695512,-0.31376767,0.17369844,0.092613794,0.92887104
60.51522979166657,1762753356.4393997,0.0014300197,1.5215293,-0.09822649,-0.31448773,0.16327682,0.08857487,0.9309096
60.53263691666689,1762753356.456807,0.004283972,1.5217159,-0.09939015,-0.31523356,0.15294352,0.08459918,0.9327803
60.56075054166649,1762753356.4849205,0.008987188,1.5219569,-0.10107088,-0.31641078,0.1362127,0.0782113,0.93552834
60.578243875000226,1762753356.502414,0.011996791,1.5220469,-0.10198778,-0.3171449,0.12577547,0.074268445,0.93706125
60.59588625000015,1762753356.5200562,0.015087709,1.5220864,-0.10281247,-0.31787014,0.11525319,0.07028051,0.9384753
60.6227653750002,1762753356.5469353,0.01982064,1.5221043,-0.103874214,-0.31898743,0.099160984,0.06416331,0.9403708
60.642822541666646,1762753356.5669925,0.023363343,1.5221008,-0.104496464,-0.319841,0.08713388,0.059602972,0.94157153
60.660201916666665,1762753356.584372,0.026428234,1.5220959,-0.104910076,-0.32063022,0.07677238,0.05575877,0.94244003
60.67798279166618,1762753356.6021528,0.029613059,1.5220789,-0.10524851,-0.32144964,0.066346295,0.0519594,0.9431694
60.69545466666659,1762753356.6196246,0.03274031,1.522062,-0.1055032,-0.3222027,0.056398626,0.048427638,0.9437475
60.713744958333336,1762753356.637915,0.03591718,1.5220615,-0.10567719,-0.32288224,0.046356145,0.04489951,0.94423634
60.73129708333363,1762753356.655467,0.038861908,1.522069,-0.105773576,-0.3234519,0.03711168,0.041604128,0.9446008
60.75761337499989,1762753356.6817834,0.04308782,1.5220885,-0.10581952,-0.32407674,0.023933288,0.036687776,0.9450161
60.77596274999996,1762753356.7001328,0.04591384,1.5221074,-0.10580093,-0.32433477,0.015143709,0.033185605,0.94523877
60.794479874999524,1762753356.7186499,0.04866962,1.5221245,-0.10574484,-0.32453325,0.006534085,0.029468615,0.94539255
60.811867958333096,1762753356.736038,0.05117874,1.5221232,-0.10564828,-0.32473135,-0.001305307,0.02588881,0.945451
60.829510166666296,1762753356.7536802,0.053656958,1.5220988,-0.10550058,-0.3250021,-0.008996826,0.0222691,0.9454083
60.84692295833338,1762753356.771093,0.056044497,1.5220609,-0.1053061,-0.32530963,-0.016410045,0.018676585,0.9452807
60.864312833333315,1762753356.788483,0.058380455,1.5220236,-0.105082035,-0.3255963,-0.023721589,0.015029893,0.9450918
60.88171104166668,1762753356.805881,0.060735874,1.5220017,-0.104839444,-0.32577595,-0.030983247,0.011328439,0.9448713
60.899116499999764,1762753356.8232865,0.06311091,1.5219926,-0.104579404,-0.3258219,-0.038205415,0.0076475265,0.94462794
60.92851145833356,1762753356.8526814,0.06706637,1.5219852,-0.104105294,-0.32577327,-0.050421633,0.0015781799,0.94410115
60.945925416666796,1762753356.8700955,0.069386385,1.521988,-0.10380316,-0.3256934,-0.057735145,-0.0019252665,0.943709
60.963930750000145,1762753356.8881009,0.071768016,1.5220027,-0.10347068,-0.3255749,-0.065346256,-0.0055056172,0.9432394
60.98160112499954,1762753356.9057713,0.07403244,1.5220188,-0.103191316,-0.32541367,-0.07284817,-0.008950452,0.9427189
60.99897499999952,1762753356.923145,0.0761977,1.522053,-0.10293592,-0.32523608,-0.080208965,-0.012252885,0.9421454
61.028286624999964,1762753356.9524567,0.07977397,1.5222021,-0.10244465,-0.32472727,-0.09242296,-0.017391602,0.94112045
61.045755791667034,1762753356.9699259,0.08184025,1.5223466,-0.102140315,-0.32422128,-0.09947771,-0.020097254,0.9405216
61.063838625000244,1762753356.9880087,0.08390666,1.5225328,-0.10182524,-0.32359508,-0.10654446,-0.02266768,0.93990463
61.08123220833295,1762753357.0054023,0.08577074,1.5227462,-0.10153807,-0.32294598,-0.11303686,-0.024917437,0.93931234
61.09829249999984,1762753357.0224626,0.08747448,1.5229709,-0.10127723,-0.32225248,-0.11906718,-0.026917422,0.93875015
61.12526770833301,1762753357.0494378,0.09000002,1.5233126,-0.10088111,-0.3211679,-0.12783724,-0.029714353,0.93788373
61.143720333333476,1762753357.0678904,0.09160061,1.5235108,-0.100616634,-0.32052,-0.13326952,-0.031422928,0.93729335
61.16084537499955,1762753357.0850153,0.09298391,1.5236582,-0.10038048,-0.31999567,-0.13787405,-0.032851063,0.9367574
61.178326333333644,1762753357.1024964,0.09423605,1.5237728,-0.10016762,-0.319535,-0.1421247,-0.03415031,0.93623275
61.195851166666216,1762753357.120021,0.0953503,1.5238478,-0.0999871,-0.319152,-0.145896,-0.035292737,0.93574077
61.22770241666694,1762753357.1518724,0.09710939,1.5238807,-0.09974576,-0.3185904,-0.1514973,-0.036881384,0.93498045
61.24536474999968,1762753357.1695347,0.097925864,1.5238432,-0.0996734,-0.31837493,-0.15390839,-0.03750305,0.9346353
61.261758041666326,1762753357.185928,0.0985809,1.5237718,-0.09964824,-0.31823155,-0.1557053,-0.037935708,0.934369
61.2792622500001,1762753357.2034323,0.09917557,1.5236675,-0.0997516,-0.31816748,-0.15717754,-0.03826938,0.93413067
61.29716216666657,1762753357.221332,0.099671446,1.5235467,-0.09999035,-0.31818077,-0.15820134,-0.03844387,0.9339462
61.314557458333184,1762753357.2387276,0.100050315,1.5234289,-0.10026891,-0.31835416,-0.15874739,-0.038439553,0.93379456
61.33193779166686,1762753357.2561078,0.100335926,1.5233196,-0.10059434,-0.31868473,-0.15887707,-0.03830262,0.9336654
61.34926845833343,1762753357.2734385,0.10053955,1.5232276,-0.100973174,-0.31911987,-0.15866923,-0.038105164,0.9335602
61.36675983333316,1762753357.2909298,0.10067538,1.5231946,-0.101403594,-0.31964606,-0.15815383,-0.037786517,0.93348056
61.39186291666647,1762753357.316033,0.10077016,1.5232219,-0.102125585,-0.3204792,-0.15693685,-0.037133526,0.9334265
61.40898216666665,1762753357.3331523,0.100764245,1.5232493,-0.10269052,-0.32107726,-0.15581909,-0.036569435,0.9334305
61.42565466666656,1762753357.3498247,0.1006976,1.5232569,-0.103272095,-0.3216564,-0.15451178,-0.035941165,0.9334728
61.443224999999984,1762753357.367395,0.100554794,1.5232258,-0.10390496,-0.3222747,-0.15289824,-0.035199255,0.9335535
61.461214916666904,1762753357.385385,0.10031989,1.5231363,-0.10456532,-0.32285887,-0.1509413,-0.03435937,0.9337014
61.47875699999986,1762753357.402927,0.099939145,1.5230517,-0.105207026,-0.3234296,-0.14868194,-0.03348766,0.93389803
61.49615050000011,1762753357.4203205,0.09940338,1.5229738,-0.105811365,-0.32409194,-0.14603567,-0.03256996,0.9341184
61.51375904166616,1762753357.4379292,0.09874853,1.5228316,-0.106395304,-0.32495442,-0.14290875,-0.03157294,0.9343366
61.53237916666694,1762753357.4565492,0.097924836,1.5226349,-0.10697312,-0.3260461,-0.13911451,-0.03043107,0.9345668
61.56066270833344,1762753357.4848328,0.096431434,1.5223331,-0.10782558,-0.32772395,-0.13234448,-0.028362233,0.93502814
61.57817804166643,1762753357.502348,0.09538184,1.5222011,-0.108379066,-0.32853323,-0.12755021,-0.026817461,0.9354559
61.59584845833342,1762753357.5200186,0.0942408,1.5221344,-0.10897768,-0.32907858,-0.12230248,-0.025106221,0.9360123
61.61325929166651,1762753357.5374293,0.0930385,1.5221319,-0.10960537,-0.32936424,-0.1167682,-0.023283182,0.93666553
61.636985500000264,1762753357.5611556,0.091291964,1.5222126,-0.11049355,-0.32954264,-0.10862318,-0.02046141,0.9376481
61.65747529166674,1762753357.5816453,0.08968949,1.5223354,-0.11128056,-0.32953373,-0.10114637,-0.017937485,0.93853885
61.6753917916667,1762753357.5995617,0.08817756,1.5224774,-0.11194367,-0.32937056,-0.09431803,-0.015756303,0.939346
61.6923397916662,1762753357.61651,0.08666143,1.5226207,-0.112532265,-0.3292312,-0.08765065,-0.013801435,0.9400711
61.70975566666675,1762753357.6339257,0.085057594,1.5227487,-0.11309606,-0.3292379,-0.08057547,-0.011809936,0.9407287
61.72637520833359,1762753357.6505451,0.0834864,1.5228546,-0.1135875,-0.32935682,-0.07360075,-0.009828277,0.94128126
61.74393299999974,1762753357.668103,0.0817831,1.522964,-0.11406499,-0.3294733,-0.06602632,-0.0076694996,0.9418222
61.761293333333015,1762753357.6854634,0.080056064,1.5230867,-0.1145059,-0.3294323,-0.058352586,-0.005475297,0.9423584
61.778893416666506,1762753357.7030635,0.07828413,1.5232062,-0.11492157,-0.32917705,-0.050378118,-0.0031494598,0.9429181
61.79734449999978,1762753357.7215145,0.0764007,1.5233396,-0.11531742,-0.3286639,-0.0417964,-0.000595001,0.94352144
61.81488591666675,1762753357.7390559,0.074564986,1.5235056,-0.11565173,-0.32801569,-0.0334482,0.0019445466,0.9440779
61.832279791666224,1762753357.7564497,0.07271059,1.5237095,-0.11593187,-0.32723826,-0.025007803,0.004569845,0.94459987
61.86028612500013,1762753357.7844563,0.06967792,1.5241302,-0.11627351,-0.32575923,-0.011158503,0.008945977,0.9453446
61.87775512499957,1762753357.8019252,0.06775751,1.5244498,-0.116413906,-0.3246547,-0.0024250806,0.011772114,0.94575626
61.89463008333314,1762753357.8188002,0.06593424,1.5247108,-0.11649639,-0.3234535,0.006108268,0.014542765,0.9461126
61.912133083333174,1762753357.836303,0.064088926,1.5249411,-0.11653179,-0.32207832,0.01508207,0.017489025,0.94643134
61.93068716666676,1762753357.8548572,0.062125552,1.5252563,-0.11652441,-0.3204322,0.024693143,0.02062005,0.946725
61.94793904166636,1762753357.8721092,0.060296267,1.5256073,-0.11647791,-0.31875733,0.03364872,0.023432357,0.946949
61.96539058333292,1762753357.8895607,0.058431115,1.5260156,-0.116303995,-0.31690878,0.042734645,0.026252689,0.94712895
61.99298008333335,1762753357.91715,0.055505507,1.5267744,-0.115896344,-0.31362563,0.057172157,0.030622765,0.94732916
62.010431958333356,1762753357.934602,0.053704806,1.5273248,-0.11562085,-0.31134832,0.06623527,0.033219717,0.94740254
62.02847220833337,1762753357.9526422,0.051902097,1.5279431,-0.11531609,-0.30886146,0.0754533,0.035743777,0.9474354
62.04618383333309,1762753357.9703538,0.05020241,1.5286059,-0.11499704,-0.30627507,0.084314786,0.03809253,0.94743633
62.06387008333331,1762753357.9880402,0.048584934,1.5293348,-0.11466045,-0.30348858,0.092952326,0.040338095,0.947432
62.08130224999968,1762753358.0054722,0.04705422,1.5301138,-0.11430938,-0.30049047,0.1012455,0.042458862,0.947445
62.098578416666896,1762753358.0227485,0.045605063,1.5309666,-0.11395115,-0.2971869,0.10923907,0.044446766,0.9475079
62.127995374999955,1762753358.0521655,0.04334651,1.5326998,-0.11338217,-0.2906107,0.122246325,0.04751845,0.9478097
62.14523300000019,1762753358.069403,0.042149782,1.5338842,-0.11307667,-0.28619832,0.12955001,0.049225446,0.9480951
62.162803416666975,1762753358.0869734,0.04101615,1.5352287,-0.11279482,-0.28115746,0.13684244,0.050909817,0.9484898
62.18045854166667,1762753358.1046286,0.039963525,1.5367563,-0.11254226,-0.27522266,0.14407188,0.05244093,0.94907624
62.19798270833326,1762753358.1221528,0.0389974,1.5385453,-0.112387,-0.26789185,0.15112099,0.053949572,0.94999254
62.22203549999995,1762753358.1462054,0.0378102,1.5416199,-0.11241591,-0.25480825,0.16054872,0.056706678,0.951883
62.239404166666645,1762753358.1635742,0.037082564,1.5442677,-0.11252801,-0.24355128,0.1670102,0.059305996,0.9535582
62.25685770833297,1762753358.1810277,0.03647626,1.5472232,-0.112644255,-0.23117334,0.17302276,0.061995562,0.9553945
62.274841583333,1762753358.1990116,0.035988394,1.5505964,-0.112780035,-0.21719757,0.17864552,0.06446293,0.9574735
62.29222862499955,1762753358.2163987,0.03569282,1.5542196,-0.11295372,-0.20219998,0.18348804,0.06628584,0.9597153
62.3096987083336,1762753358.2338688,0.035582036,1.5582103,-0.11315185,-0.18579528,0.18769646,0.06744027,0.9621341
62.32713412500016,1762753358.2513041,0.035662044,1.5624433,-0.11333817,-0.16859819,0.19125655,0.06791157,0.96456397
62.34488533333297,1762753358.2690554,0.03597854,1.5668759,-0.11347227,-0.15079083,0.19416219,0.06773476,0.9669412
62.361713916666304,1762753358.285884,0.036518283,1.5710522,-0.113511264,-0.13416432,0.19627108,0.067109354,0.9690067
62.379475249999814,1762753358.3036454,0.03742874,1.5752838,-0.11342186,-0.11742154,0.19800146,0.06614599,0.97089255
62.39738741666679,1762753358.3215575,0.038621005,1.5792545,-0.113203004,-0.101750016,0.1993387,0.06489762,0.9724707
62.42357179166629,1762753358.3477418,0.040669397,1.5844741,-0.11274862,-0.08117773,0.20065925,0.062412433,0.974295
62.44251820833324,1762753358.3666883,0.0423504,1.5878837,-0.11238105,-0.06770316,0.20119666,0.06016065,0.97535473
62.45990449999954,1762753358.3840744,0.044014912,1.5907875,-0.11205143,-0.05606137,0.20150998,0.05795369,0.976162
62.47752758333354,1762753358.4016976,0.04571384,1.593623,-0.111895144,-0.04490205,0.20171003,0.055731066,0.97682697
62.49499308333361,1762753358.419163,0.047420498,1.5963427,-0.111903496,-0.03425714,0.20175402,0.053505607,0.9773735
62.512459291666346,1762753358.4366293,0.049243476,1.5989623,-0.111928225,-0.023855612,0.201502,0.051007144,0.97786814
62.53040558333305,1762753358.4545755,0.05124772,1.6016208,-0.11199141,-0.01340002,0.2007436,0.04800872,0.978375
62.547762916666215,1762753358.471933,0.053319667,1.6041456,-0.11209832,-0.003779846,0.19947311,0.044863988,0.9788685
62.56518479166698,1762753358.4893548,0.055477697,1.6064913,-0.11228156,0.005138269,0.19775955,0.041793108,0.97934574
62.58871262499997,1762753358.5128827,0.058498196,1.6094152,-0.11264068,0.01619309,0.19492458,0.038185723,0.97994083
62.60605891666637,1762753358.5302289,0.06081072,1.6115167,-0.1129523,0.023961604,0.19247843,0.035806853,0.98035496
62.623597750000044,1762753358.5477679,0.063211754,1.6135905,-0.113303185,0.031559173,0.18963893,0.03338029,0.9807787
62.64139416666694,1762753358.5655642,0.06571109,1.6155839,-0.113677084,0.03880088,0.1863793,0.030889528,0.9812253
62.65869599999951,1762753358.582866,0.06817644,1.6173326,-0.1140464,0.045103297,0.18291087,0.02855906,0.981679
62.67623091666701,1762753358.600401,0.070730954,1.6188104,-0.114439726,0.050617605,0.17921567,0.026360305,0.9821531
62.694487041666434,1762753358.618657,0.07341245,1.6200489,-0.11486547,0.055584967,0.17527382,0.024192486,0.9826516
62.71185983333362,1762753358.63603,0.075921305,1.6210697,-0.11527014,0.05995428,0.1715064,0.022099711,0.9831087
62.72933162499976,1762753358.6535017,0.078389026,1.6220124,-0.1156649,0.064207375,0.16771933,0.019906946,0.98354024
62.746844291667,1762753358.6710143,0.08079045,1.6228585,-0.116036296,0.0682023,0.16398673,0.017617283,0.98394436
62.76434329166659,1762753358.6885133,0.083025195,1.6234444,-0.116425455,0.07156817,0.16033377,0.01541247,0.98434424
62.78668629166623,1762753358.7108562,0.085669436,1.6238455,-0.116908595,0.074768685,0.15583004,0.012899695,0.9848656
62.804020666666474,1762753358.7281907,0.08761476,1.6239984,-0.11723344,0.07643787,0.15251216,0.011185763,0.9852777
62.821700333332956,1762753358.7458704,0.0894921,1.6240437,-0.11752838,0.07754563,0.1492808,0.0096556125,0.98570216
62.837981208333076,1762753358.7621512,0.09112878,1.6240077,-0.11776368,0.078107975,0.14646506,0.0084416885,0.9860912
62.8554089583331,1762753358.779579,0.09278608,1.623879,-0.11796498,0.07825007,0.14359085,0.0073574544,0.9865113
62.87489533333337,1762753358.7990654,0.09453686,1.6236042,-0.11812944,0.07781529,0.14052323,0.0063986913,0.98699397
62.892284083332925,1762753358.8164542,0.09601379,1.6233065,-0.11838705,0.07684049,0.13788891,0.0057277335,0.9874459
62.909730374999526,1762753358.8339005,0.09741399,1.622925,-0.11872274,0.07538753,0.13532645,0.005214011,0.98791516
62.927310625000246,1762753358.8514807,0.098757304,1.6224104,-0.11899537,0.073645964,0.13278183,0.00481653,0.98839366
62.94479862499975,1762753358.8689687,0.100036174,1.6218256,-0.11920071,0.07189522,0.1302567,0.0045565893,0.9888597
62.9625465416666,1762753358.8867166,0.101278394,1.6212151,-0.119339585,0.07024723,0.12770955,0.004448864,0.9893108
62.98023424999974,1762753358.9044042,0.10240673,1.6205837,-0.119455084,0.068770915,0.12518159,0.004475539,0.98973745
62.997641833333546,1762753358.9218118,0.10344015,1.6199645,-0.11951272,0.06740312,0.12270133,0.004569045,0.9901416
63.01923199999965,1762753358.943402,0.10468521,1.6192385,-0.119419515,0.06577918,0.11965639,0.004765697,0.9906224
63.03653937499985,1762753358.9607093,0.10564316,1.6186821,-0.11921114,0.0645212,0.11730714,0.0050275563,0.99098474
63.05395200000021,1762753358.978122,0.10656111,1.6181474,-0.11890136,0.06338529,0.11513838,0.00539977,0.9913104
63.071372916666405,1762753358.995543,0.107428856,1.6176502,-0.11851841,0.06251783,0.11324731,0.0058778566,0.99158055
63.088790833333405,1762753359.012961,0.1081635,1.6171883,-0.11807132,0.061882704,0.11167778,0.00639245,0.99179524
63.106221541666855,1762753359.0303915,0.108790874,1.6167103,-0.117553115,0.061159912,0.11036324,0.0067840787,0.9919846
63.12416404166652,1762753359.0483341,0.10942836,1.616146,-0.11691654,0.059996992,0.10916515,0.007006295,0.9921866
63.14172791666624,1762753359.065898,0.110018775,1.615528,-0.11619735,0.05837395,0.10812153,0.0070476485,0.99239737
63.15921587499997,1762753359.083386,0.11060588,1.6148783,-0.115381956,0.05649788,0.10715791,0.00696216,0.99261105
63.176718791666644,1762753359.1008887,0.11112263,1.614233,-0.114486516,0.05435841,0.10622661,0.006797236,0.9928317
63.19352508333304,1762753359.117695,0.111576535,1.6135991,-0.11355555,0.05199873,0.10528915,0.006583832,0.9930594
63.21098299999994,1762753359.135153,0.11208496,1.6129267,-0.11251277,0.049367078,0.10417049,0.0063798525,0.993313
63.22850137499972,1762753359.1526713,0.11264549,1.6122801,-0.11139269,0.04687743,0.10285551,0.0063862605,0.99357057
63.24619945833365,1762753359.1703694,0.113279454,1.6116525,-0.110174835,0.0445204,0.101332165,0.0067269313,0.99383324
63.2637628333332,1762753359.187933,0.11398199,1.6110437,-0.108879685,0.042070564,0.099698216,0.0075328667,0.9940994
63.281106624999666,1762753359.2052767,0.11458766,1.6104426,-0.10752315,0.039434634,0.09795667,0.008569529,0.9943721
63.29849979166647,1762753359.2226698,0.115135334,1.6098638,-0.10606772,0.03642185,0.09595979,0.0095055355,0.99467325
63.320077291666166,1762753359.2442472,0.11592071,1.609118,-0.10408062,0.031839322,0.092998624,0.010304325,0.9951037
63.337406958333304,1762753359.261577,0.116609186,1.6083908,-0.102327466,0.027085226,0.09020328,0.010570062,0.9954989
63.354920458333254,1762753359.2790904,0.11732696,1.6074858,-0.100433774,0.021166094,0.08707404,0.010438717,0.99592227
63.372265208333374,1762753359.296435,0.117999524,1.6064849,-0.09846753,0.014431153,0.083674245,0.009823779,0.9963403
63.38975333333292,1762753359.3139234,0.118637934,1.6054351,-0.09642023,0.0071843597,0.07996604,0.008808463,0.9967328
63.40720133333343,1762753359.3313713,0.11927601,1.6043105,-0.09431977,-0.00043303552,0.07605728,0.007646338,0.99707407
63.42493083333284,1762753359.3491008,0.119934335,1.6030042,-0.09211652,-0.008824948,0.07190269,0.0064136432,0.99735206
63.44262570833325,1762753359.3667958,0.120622665,1.60149,-0.08985978,-0.017847534,0.06760991,0.005292642,0.99753815
63.46002833333296,1762753359.3841984,0.12133843,1.5998342,-0.087612934,-0.027074609,0.06322329,0.0042969375,0.99762285
63.48113837500023,1762753359.4053085,0.122237265,1.5977324,-0.08486557,-0.038205344,0.05764448,0.003096291,0.9976011
63.498562499999935,1762753359.4227326,0.12284105,1.5961069,-0.08256,-0.04699373,0.052850816,0.002068878,0.9974939
63.522256874999584,1762753359.4464269,0.12351652,1.5940739,-0.079346,-0.058042865,0.046307378,0.0007409448,0.99723923
63.539673250000305,1762753359.4638433,0.124022886,1.5926435,-0.07691254,-0.065587655,0.041679285,2.026189e-05,0.99697596
63.557117833332995,1762753359.481288,0.12457113,1.5913446,-0.07443839,-0.07239548,0.03735821,-0.0002355866,0.9966761
63.575600125000165,1762753359.4997702,0.12507966,1.5903249,-0.071869984,-0.07783894,0.03311475,0.00012727309,0.9964158
63.59305870833305,1762753359.5172288,0.12551151,1.589812,-0.06953418,-0.08068507,0.029326351,0.0006731921,0.9963079
63.61057020833323,1762753359.5347402,0.12594026,1.5896814,-0.067259535,-0.08171977,0.025639264,0.00081645057,0.9963252
63.627455458333316,1762753359.5516255,0.1263066,1.5898185,-0.06510258,-0.08160216,0.0221283,0.00026754962,0.99641925
63.6449028750003,1762753359.569073,0.12661658,1.5901378,-0.06290102,-0.08064395,0.018562557,-0.0008720257,0.99656975
63.662191416666246,1762753359.5863614,0.12684923,1.5905731,-0.060744055,-0.07925579,0.015173637,-0.002292732,0.9967362
63.679969208333205,1762753359.6041393,0.12693624,1.5910841,-0.058520973,-0.07759758,0.012050648,-0.0036385139,0.9969053
63.69752516666631,1762753359.6216953,0.12687618,1.5916128,-0.05634386,-0.075826384,0.00950772,-0.004602711,0.9970651
63.716911499999696,1762753359.6410816,0.12675755,1.5921383,-0.05399532,-0.07393853,0.0072280467,-0.005642692,0.99722064
63.7426126666669,1762753359.6667826,0.12649204,1.5925932,-0.05090428,-0.071962774,0.0047011045,-0.0076389676,0.99736696
63.75997066666696,1762753359.6841407,0.1262748,1.5927233,-0.04882568,-0.07084233,0.0033648731,-0.008740723,0.99744356
63.776969624999765,1762753359.7011397,0.12602296,1.5927653,-0.0467921,-0.0699829,0.002390392,-0.00926934,0.99750227
63.79438399999981,1762753359.718554,0.1257343,1.5928006,-0.044727515,-0.06948497,0.0016805953,-0.009425242,0.9975371
63.81104716666687,1762753359.735217,0.1254527,1.5929292,-0.042847693,-0.068907134,0.0012985471,-0.009386629,0.9975781
63.82835320833328,1762753359.7525232,0.12514228,1.5932373,-0.04107189,-0.06738225,0.0013325138,-0.009367749,0.9976824
63.84577191666631,1762753359.769942,0.12478066,1.5936812,-0.03944546,-0.064986035,0.0018324334,-0.00959322,0.9978384
63.86387312500028,1762753359.7880433,0.12436136,1.5941197,-0.037824094,-0.06259984,0.0026837566,-0.010146399,0.9979835
63.894845083333166,1762753359.819015,0.12330023,1.5945879,-0.035076153,-0.06007774,0.004385218,-0.011554901,0.99811715
63.912359124999966,1762753359.8365293,0.12272867,1.5946829,-0.033519138,-0.059370384,0.0054679955,-0.012329504,0.9981449
63.93096508333292,1762753359.8551352,0.12214063,1.5947753,-0.031897187,-0.058842454,0.006553345,-0.013471597,0.9981549
63.94841716666633,1762753359.8725872,0.1215508,1.5949455,-0.030462623,-0.05796449,0.0072921207,-0.015208293,0.99817616
63.96595204166624,1762753359.8901222,0.12089528,1.595222,-0.029149419,-0.056153648,0.007851007,-0.017140066,0.99824417
63.98612691666676,1762753359.910297,0.120093,1.5955669,-0.027718622,-0.053588904,0.008630571,-0.018669493,0.9983512
64.00354354166666,1762753359.9277136,0.11941354,1.595773,-0.026465058,-0.051943738,0.009548443,-0.019096278,0.9984218
64.02290112500032,1762753359.947071,0.118690126,1.5958997,-0.025069123,-0.050520945,0.010632097,-0.019336937,0.9984792
64.04051695833368,1762753359.9646869,0.11799683,1.5960408,-0.023871828,-0.048916314,0.011500318,-0.019938082,0.99853766
64.05856324999968,1762753359.9827332,0.11727555,1.5962574,-0.02273941,-0.046811327,0.012264726,-0.020828422,0.9986113
64.0761015416665,1762753360.0002716,0.11652791,1.5966121,-0.021749616,-0.04444275,0.012963221,-0.021385947,0.9986989
64.09372908333353,1762753360.017899,0.1157517,1.5970331,-0.02084136,-0.041992594,0.013693377,-0.021454597,0.9987937
64.11126249999961,1762753360.0354326,0.11502299,1.5973985,-0.019978475,-0.039752886,0.014444248,-0.021268256,0.9988787
64.12919029166642,1762753360.0533602,0.11431523,1.5977539,-0.019158244,-0.03745768,0.015140376,-0.021300195,0.99895644
64.14600370833341,1762753360.0701737,0.11367961,1.598107,-0.018467253,-0.035200313,0.015677657,-0.021671621,0.99902225
64.1637001250001,1762753360.0878701,0.11303271,1.5984987,-0.017821144,-0.03286014,0.016125048,-0.022238191,0.9990824
64.18115500000022,1762753360.105325,0.112418845,1.5989232,-0.017256921,-0.030684501,0.016440097,-0.0225876,0.99913865
64.198556166667,1762753360.1227262,0.11182203,1.5993745,-0.016779602,-0.028581012,0.016652413,-0.022573115,0.99919784
64.22801716666618,1762753360.152187,0.11082672,1.6001298,-0.016164541,-0.025557658,0.016830504,-0.022376267,0.99928117
64.24665679166628,1762753360.170827,0.11020643,1.6006043,-0.015890587,-0.024013355,0.016841736,-0.022391329,0.99931896
64.26498654166699,1762753360.1891565,0.10959162,1.6010339,-0.015699137,-0.022499869,0.016892558,-0.02242981,0.99935246
64.28164641666626,1762753360.2058165,0.109049916,1.6013339,-0.015658129,-0.021513477,0.01717948,-0.022039674,0.99937797
64.29903729166654,1762753360.2232072,0.108501814,1.6015469,-0.015707737,-0.021097392,0.01779946,-0.02124982,0.9993931
64.32316166666624,1762753360.2473316,0.10774523,1.6017064,-0.01577509,-0.021243481,0.01899007,-0.020228285,0.9993893
64.34334112499982,1762753360.2675111,0.10710789,1.6016201,-0.015813768,-0.021705087,0.02008624,-0.019855535,0.99936545
64.36319262500001,1762753360.2873626,0.10646068,1.6012758,-0.015774071,-0.023044365,0.02113597,-0.019772064,0.99931544
64.38062395833367,1762753360.304794,0.105901904,1.6008357,-0.015631497,-0.024934642,0.021958219,-0.019670991,0.9992543
64.39814304166703,1762753360.322313,0.10534823,1.6003342,-0.01542753,-0.027076982,0.022629783,-0.019343035,0.9991899
64.42881108333313,1762753360.352981,0.104408406,1.5993146,-0.015058219,-0.03061237,0.023412827,-0.018252248,0.99909043
64.44623662499998,1762753360.3704066,0.10389043,1.5986426,-0.01482904,-0.032681618,0.023583788,-0.017635256,0.9990319
64.46376879166655,1762753360.3879387,0.10338075,1.5979158,-0.014566541,-0.035067394,0.023620801,-0.016965905,0.99896175
64.4956320416668,1762753360.419802,0.10249415,1.5965263,-0.013955641,-0.039813742,0.023736758,-0.015505392,0.9988048
64.51316599999973,1762753360.437336,0.10199339,1.5957475,-0.013602739,-0.04214564,0.023878794,-0.014916631,0.99871475
64.53029175000029,1762753360.4544618,0.10149468,1.595004,-0.013271755,-0.044278838,0.024114288,-0.014313871,0.9986256
64.555323208333,1762753360.4794931,0.10076273,1.5940284,-0.012835085,-0.047451757,0.024602959,-0.013279609,0.9984822
64.57272512500003,1762753360.496895,0.10022565,1.5934662,-0.012529922,-0.049669012,0.024726205,-0.012949497,0.9983756
64.58952379166658,1762753360.5136938,0.09965863,1.5929853,-0.012251914,-0.051686894,0.024410928,-0.013341329,0.9982758
64.6070300416668,1762753360.5312002,0.09904522,1.5925024,-0.01204592,-0.05331508,0.023817921,-0.013584926,0.99820125
64.62445079166628,1762753360.5486207,0.09842427,1.5920081,-0.011926949,-0.05495353,0.023380555,-0.012867926,0.9981322
64.64321804166684,1762753360.567388,0.09773374,1.5914661,-0.01185565,-0.05738346,0.023312233,-0.010988723,0.9980195
64.66085170833321,1762753360.5850217,0.09707511,1.5909771,-0.011889875,-0.060081393,0.023638159,-0.008453508,0.9978778
64.67890558333329,1762753360.6030755,0.09640383,1.5904539,-0.012083054,-0.062658794,0.024265358,-0.006003543,0.9977219
64.695560666667,1762753360.6197307,0.09576291,1.5898862,-0.012391269,-0.0648015,0.024989028,-0.0044912565,0.99757516
64.71324879166696,1762753360.6374187,0.09506618,1.5891693,-0.012843555,-0.06739155,0.026205942,-0.002999702,0.9973779
64.73063833333345,1762753360.6548083,0.09441094,1.5883125,-0.013367295,-0.0707063,0.028012209,-0.00089924445,0.9971034
64.7482038750004,1762753360.672374,0.093763426,1.5872629,-0.013963044,-0.07488043,0.030178288,0.001310206,0.996735
64.76480100000026,1762753360.688971,0.09311319,1.5860658,-0.014541566,-0.079478696,0.032131705,0.0027904913,0.9963147
64.795584458333,1762753360.7197545,0.09185978,1.5832212,-0.015513671,-0.091047496,0.03515762,0.004091718,0.9952174
64.81294375000016,1762753360.7371137,0.09118624,1.5813127,-0.015974766,-0.09926815,0.036682498,0.0050430596,0.9943716
64.83038024999951,1762753360.7545502,0.09054059,1.5793123,-0.016424185,-0.108028695,0.03820029,0.006457479,0.9933926
64.84777804166697,1762753360.771948,0.08989967,1.5773476,-0.016941726,-0.11661942,0.03974371,0.008130712,0.99234784
64.8651683750004,1762753360.7893384,0.08923073,1.5754712,-0.017596316,-0.12475895,0.041277796,0.009745807,0.99128014
64.89099441666622,1762753360.8151643,0.088132486,1.5728983,-0.018837035,-0.13620722,0.043529406,0.011452029,0.98965734
64.90994087499985,1762753360.834111,0.08729076,1.5711333,-0.019983578,-0.14457259,0.045134354,0.012165392,0.98838943
64.9393827916665,1762753360.8635528,0.08601613,1.5684781,-0.022198439,-0.15728414,0.047404096,0.012681644,0.9863335
64.95957162499963,1762753360.8837416,0.08516367,1.5666203,-0.023992836,-0.16583526,0.048658475,0.012518319,0.98487276
64.97698979166671,1762753360.9011598,0.08442728,1.5649629,-0.025674641,-0.17357334,0.04956133,0.012392553,0.983495
64.99438570833354,1762753360.9185557,0.08369965,1.5632197,-0.02747482,-0.18188697,0.050228562,0.012279644,0.981959
65.0118707916663,1762753360.9360409,0.08299207,1.5613284,-0.029437065,-0.19077481,0.050577193,0.012143903,0.9802548
65.02921054166654,1762753360.9533806,0.082318306,1.5592949,-0.031530507,-0.20001595,0.050616335,0.011963929,0.9784112
65.04665716666659,1762753360.970827,0.08167067,1.5570709,-0.033756435,-0.20970178,0.050410043,0.011855414,0.9763931
65.06416979166625,1762753360.98834,0.081047066,1.5546767,-0.036105096,-0.21976326,0.050054982,0.011908356,0.9741955
65.08804212500036,1762753361.012212,0.08024206,1.5512577,-0.03962309,-0.23350865,0.049494952,0.012187881,0.9710177
65.10546987500038,1762753361.02964,0.07965341,1.5486733,-0.04243183,-0.24333076,0.04917998,0.012533007,0.9686147
65.12585383333317,1762753361.0500238,0.07894148,1.5454893,-0.04594195,-0.25453508,0.04900975,0.013052464,0.9657327
65.14385525000034,1762753361.0680254,0.07828557,1.5424632,-0.049170565,-0.26426294,0.048994277,0.013464993,0.9631113
65.16123212499951,1762753361.0854023,0.07765888,1.539278,-0.05229007,-0.2736899,0.04909319,0.013883625,0.96046394
65.17872508333312,1762753361.102895,0.0770479,1.5357933,-0.05536306,-0.2834005,0.049373716,0.014481912,0.9576203
65.19693354166702,1762753361.1211035,0.076414555,1.5319132,-0.0585031,-0.2937587,0.049806073,0.015173989,0.95446056
65.21431441666664,1762753361.1384845,0.075795956,1.5279971,-0.061522305,-0.30343312,0.050253484,0.015715195,0.9513969
65.23172304166656,1762753361.155893,0.07514542,1.5238929,-0.06465435,-0.31241485,0.050653,0.015979284,0.9484598
65.26179191666688,1762753361.185962,0.07398449,1.5163578,-0.07038981,-0.32601285,0.05146222,0.016190572,0.94382477
65.27953391666688,1762753361.2037039,0.07332995,1.5115665,-0.07385689,-0.33292234,0.05207464,0.016310204,0.94137394
65.29710470833288,1762753361.2212746,0.07269626,1.5065033,-0.07733613,-0.33884254,0.05266416,0.016296096,0.9392266
65.32672187499975,1762753361.250892,0.07157054,1.4971718,-0.08348596,-0.34658432,0.05363627,0.015945585,0.9363483
65.34332566666671,1762753361.2674956,0.070916325,1.4914048,-0.08708078,-0.3497034,0.054325715,0.015730908,0.9351517
65.36206716666675,1762753361.2862372,0.07015494,1.4843327,-0.09123631,-0.35233292,0.055168327,0.015397257,0.93412036
65.37949483333341,1762753361.303665,0.06945631,1.4771461,-0.09507228,-0.3539933,0.05600329,0.014967689,0.9334497
65.3971265416667,1762753361.3212965,0.06874079,1.4691988,-0.09891552,-0.35526052,0.05693696,0.0145041635,0.93291897
65.41455787500036,1762753361.338728,0.06799621,1.4606627,-0.102677345,-0.35665393,0.05794047,0.014136498,0.93233097
65.43128641666681,1762753361.3554564,0.067271516,1.4518597,-0.106166065,-0.35838547,0.058884986,0.013825027,0.9316122
65.45010808333336,1762753361.374278,0.06648676,1.4413491,-0.10988927,-0.36090124,0.059794962,0.013497536,0.9305873
65.47199737499977,1762753361.3961673,0.06564052,1.4285058,-0.11400402,-0.3641296,0.0606133,0.013310773,0.9292785
65.49110575000032,1762753361.4152758,0.06504676,1.4169203,-0.11756265,-0.36618906,0.061121684,0.0131736705,0.92843753
65.50873933333332,1762753361.4329093,0.06456184,1.4060152,-0.121003374,-0.36653578,0.061525535,0.012949344,0.92827713
65.52614050000011,1762753361.4503105,0.064038575,1.3950806,-0.12462145,-0.36547428,0.061893143,0.012679565,0.9286749
65.54381087499951,1762753361.4679809,0.06349194,1.3837955,-0.12835562,-0.36383533,0.06219719,0.012508825,0.92930025
65.56116854166703,1762753361.4853384,0.06296812,1.3725446,-0.13191473,-0.36216053,0.062492568,0.012575897,0.9299335
65.57893508333291,1762753361.5031052,0.06250196,1.3609226,-0.13539135,-0.36007312,0.06283276,0.012779076,0.93071806
65.59539691666669,1762753361.519567,0.062101007,1.3500904,-0.13858002,-0.35714877,0.063247494,0.012894103,0.9318145
65.61300091666635,1762753361.537171,0.061613522,1.3384343,-0.14208154,-0.35271844,0.06394464,0.012889631,0.9334531
65.63103145833338,1762753361.5552015,0.061047886,1.3264256,-0.1457246,-0.34711364,0.065165155,0.0129291965,0.935467
65.64905429166629,1762753361.5732243,0.060407504,1.3143568,-0.14930838,-0.3410645,0.066742554,0.013069077,0.9375765
65.66653395833328,1762753361.590704,0.059718486,1.3025728,-0.15266632,-0.3350643,0.06829298,0.013167014,0.9396247
65.6973529166662,1762753361.621523,0.058744814,1.281522,-0.15811306,-0.32466248,0.070719644,0.0133682955,0.94308764
65.71482291666689,1762753361.638993,0.05831838,1.2694578,-0.16110206,-0.31884167,0.07167077,0.013312044,0.9450006
65.7322035833331,1762753361.6563735,0.057967983,1.257451,-0.16407005,-0.31318143,0.07197489,0.012990804,0.9468729
65.76406554166624,1762753361.6882355,0.057483766,1.2356585,-0.1696673,-0.3022602,0.071007155,0.012230351,0.9504984
65.78167483333345,1762753361.7058449,0.057274844,1.2237389,-0.1729222,-0.29527476,0.069887236,0.011775673,0.9527801
65.79885037500026,1762753361.7230203,0.057112213,1.2120837,-0.17616475,-0.2884388,0.06867039,0.011714646,0.9549609
65.82774216666621,1762753361.751912,0.05686459,1.1922452,-0.18166196,-0.27854976,0.066493,0.012574483,0.95803475
65.84504745833328,1762753361.7692175,0.05665663,1.1802837,-0.1849997,-0.27341634,0.0649612,0.013006726,0.95961154
65.86365966666654,1762753361.7878296,0.05632993,1.1674051,-0.18873006,-0.2678779,0.063331634,0.013648652,0.9612722
65.89271208333321,1762753361.8168821,0.055651136,1.1469862,-0.19468689,-0.2600291,0.06178317,0.016066495,0.9634883
65.91014329166683,1762753361.8343134,0.055180576,1.1345121,-0.19818693,-0.25664496,0.061575018,0.018009571,0.9643742
65.92752708333319,1762753361.8516972,0.054706533,1.1219689,-0.20158482,-0.25413656,0.061723046,0.019837044,0.96499294
65.94566741666677,1762753361.8698375,0.054196842,1.1088574,-0.20504014,-0.25217444,0.062029116,0.021302491,0.9654567
65.96399366666628,1762753361.8881636,0.05366192,1.0956602,-0.20839173,-0.2508429,0.06220352,0.021938767,0.96577805
65.98858300000029,1762753361.912753,0.053085014,1.078122,-0.21253902,-0.24994569,0.062219374,0.022492323,0.9659969
66.00604658333305,1762753361.9302166,0.052748825,1.0658021,-0.21525835,-0.24961494,0.06215096,0.023161782,0.966071
66.0252013749996,1762753361.9493713,0.05238261,1.0524136,-0.2179982,-0.24981752,0.061857015,0.024054073,0.9660157
66.0427446666663,1762753361.9669147,0.052056335,1.0403078,-0.22025388,-0.25068974,0.061306242,0.025021283,0.9658002
66.06014433333348,1762753361.9843144,0.051744137,1.0285121,-0.22229302,-0.251926,0.06069988,0.026416454,0.9654797
66.07719754166646,1762753362.0013676,0.051492456,1.0171317,-0.22410625,-0.2530531,0.060383186,0.028337108,0.9651503
66.09453591666625,1762753362.0187058,0.051258955,1.0056916,-0.22576648,-0.25394014,0.060516078,0.030518308,0.96484244
66.11201795833313,1762753362.036188,0.05097121,0.99431604,-0.22725427,-0.25510398,0.060914766,0.032407254,0.96444863
66.13082745833344,1762753362.0549974,0.05059515,0.98230046,-0.22865713,-0.25682384,0.06142342,0.0335255,0.96392155
66.14831379166662,1762753362.0724838,0.050163064,0.9713852,-0.2298196,-0.25863,0.062078122,0.033885445,0.963384
66.16571270833356,1762753362.0898826,0.049661934,0.9607152,-0.23088205,-0.26008034,0.063102245,0.033967882,0.962924
66.18229695833361,1762753362.106467,0.049224623,0.95070094,-0.23183925,-0.26101822,0.06453057,0.034122564,0.96257
66.1991374583331,1762753362.1233075,0.04883059,0.94063824,-0.23275143,-0.26166987,0.06651686,0.034615133,0.96224016
66.22645075000037,1762753362.1506207,0.04811936,0.9244531,-0.23390873,-0.26367438,0.070262484,0.035123065,0.96140796
66.2440666249995,1762753362.1682367,0.047623158,0.9141019,-0.23434669,-0.2657728,0.07262119,0.034757134,0.960668
66.2614546666664,1762753362.1856246,0.04709578,0.9039945,-0.23460352,-0.26781672,0.07516143,0.0342081,0.95992434
66.27967312500004,1762753362.203843,0.04655182,0.8935716,-0.23475961,-0.2692586,0.078294225,0.03373901,0.95928705
66.29696562499976,1762753362.2211356,0.046047214,0.88382643,-0.23477934,-0.27041206,0.08156155,0.03338464,0.9587025
66.31437774999995,1762753362.2385478,0.045497254,0.87412834,-0.23462065,-0.2719005,0.08471221,0.03276924,0.9580293
66.33178291666627,1762753362.2559528,0.044880148,0.8645668,-0.23434883,-0.27345443,0.08759444,0.031897973,0.957357
66.36104679166692,1762753362.2852168,0.043711234,0.84878176,-0.23404092,-0.27451807,0.09245507,0.031025987,0.95662385
66.37875241666643,1762753362.3029225,0.04306816,0.83935297,-0.23394603,-0.27509043,0.095764644,0.031564903,0.9561161
66.39541637499951,1762753362.3195863,0.042580612,0.83052814,-0.2337504,-0.27699158,0.09874185,0.032411013,0.9552357
66.41292487499959,1762753362.3370948,0.042168435,0.82134145,-0.23346597,-0.28042883,0.101384036,0.032896902,0.95393854
66.4312617083333,1762753362.3554318,0.04183838,0.81197023,-0.2332744,-0.28449285,0.10356948,0.03277036,0.9525037
66.45483837499978,1762753362.3790083,0.041488193,0.8004617,-0.23344213,-0.28927672,0.10544876,0.031595994,0.950895
66.47221991666629,1762753362.39639,0.041276775,0.792429,-0.23378992,-0.2934161,0.1063324,0.03070155,0.94955665
66.49096449999979,1762753362.4151344,0.041147202,0.78427726,-0.2340552,-0.29898503,0.106976576,0.030334916,0.94775724
66.50874162499986,1762753362.4329116,0.041094486,0.7771709,-0.23424774,-0.30484262,0.107175216,0.030150758,0.94587284
66.52927095833365,1762753362.453441,0.04103489,0.769806,-0.23468132,-0.3108594,0.10698369,0.029494515,0.94395494
66.54669575000025,1762753362.4708657,0.04092917,0.7642385,-0.23529017,-0.314734,0.10683639,0.028663315,0.94271255
66.5641501250002,1762753362.48832,0.040747184,0.7592736,-0.23605122,-0.31819302,0.1068759,0.027672237,0.94157577
66.58158445833305,1762753362.5057545,0.040524583,0.7549033,-0.23680802,-0.32196894,0.106898114,0.026666852,0.94031787
66.59824624999965,1762753362.5224164,0.040285636,0.7512873,-0.23736626,-0.32572088,0.10661465,0.025719175,0.93908346
66.62457662500037,1762753362.5487466,0.03986195,0.74665767,-0.2380628,-0.3305208,0.105609074,0.024529744,0.9375506
66.64250699999957,1762753362.566677,0.0395514,0.7441759,-0.23859495,-0.33280686,0.104727305,0.0240339,0.93685335
66.66827766666665,1762753362.5924478,0.039082147,0.7414871,-0.23940319,-0.33523124,0.1032858,0.023829589,0.93615395
66.68689058333348,1762753362.6110606,0.03883603,0.74009204,-0.23988026,-0.3367307,0.10235926,0.024255859,0.93570656
66.70428474999972,1762753362.6284547,0.03869103,0.7392076,-0.24018924,-0.33784437,0.10162751,0.024869908,0.9353687
66.72182274999977,1762753362.6459928,0.038603824,0.7387952,-0.24041896,-0.33841845,0.1008385,0.02548494,0.93522996
66.73920674999954,1762753362.6633768,0.03858027,0.7389246,-0.24067146,-0.33821985,0.10004025,0.026138455,0.9353695
66.75754037499973,1762753362.6817105,0.03860707,0.7397532,-0.24102402,-0.3375486,0.09921144,0.026904453,0.9356784
66.7753273749995,1762753362.6994975,0.03874815,0.74135303,-0.24138963,-0.33738258,0.09853164,0.027814316,0.93578357
66.79260870833332,1762753362.7167788,0.038992807,0.74382216,-0.24173898,-0.33849588,0.09804687,0.028834516,0.9354015
66.8100483749995,1762753362.7342184,0.03924717,0.7474386,-0.24218021,-0.34084868,0.097786985,0.029960537,0.93453854
66.82671787500021,1762753362.7508879,0.039454024,0.7521497,-0.24278867,-0.34365103,0.0976919,0.030741304,0.93349624
66.84442783333361,1762753362.7685978,0.039612614,0.7586653,-0.24375784,-0.3463832,0.097797684,0.031087134,0.93246335
66.86168808333332,1762753362.7858582,0.039714776,0.7665696,-0.24505019,-0.3482992,0.09814142,0.03105759,0.93171424
66.87955320833316,1762753362.8037233,0.039921753,0.7763086,-0.24665898,-0.34949958,0.09870116,0.030744018,0.9312158
66.90332658333318,1762753362.8274965,0.04033889,0.7914906,-0.24895799,-0.35061282,0.09940254,0.029817788,0.9307528
66.92444324999997,1762753362.8486133,0.04067357,0.8068227,-0.2509389,-0.35185325,0.09961076,0.028693616,0.9302976
66.94217895833299,1762753362.866349,0.040940743,0.82087106,-0.252478,-0.35296848,0.099569336,0.027836265,0.9299056
66.95956079166626,1762753362.883731,0.041182987,0.8356098,-0.25384492,-0.35380405,0.099668324,0.027374623,0.92959106
66.97708908333334,1762753362.9012592,0.04150206,0.85131973,-0.2550106,-0.35406515,0.09996051,0.027105404,0.9294682
66.99456474999988,1762753362.9187348,0.041880112,0.86774516,-0.25590628,-0.35323068,0.10032075,0.026768165,0.9297566
67.01200179166699,1762753362.9361718,0.042206,0.88484967,-0.25654155,-0.3516216,0.10069858,0.026313601,0.9303385
67.03061695833367,1762753362.954787,0.042475954,0.9037865,-0.25694972,-0.34904975,0.10118701,0.02577264,0.93126863
67.05893449999985,1762753362.9831045,0.04274002,0.9336759,-0.2570703,-0.34339452,0.1022067,0.024924843,0.93328065
67.07627258333287,1762753363.0004425,0.042894643,0.9524148,-0.25678718,-0.33941975,0.103003904,0.02469465,0.93465215
67.09474912499991,1762753363.0189192,0.04308003,0.9726422,-0.25616342,-0.3350993,0.103909455,0.024791852,0.9361072
67.11219795833313,1762753363.036368,0.043240573,0.99197227,-0.25529623,-0.33094358,0.1045752,0.024859045,0.93750864
67.13235483333301,1762753363.0565248,0.043418642,1.0144887,-0.25401652,-0.3260917,0.10522007,0.025021523,0.9391309
67.16252962500039,1762753363.0866997,0.043629743,1.0483923,-0.25159353,-0.3194658,0.10655434,0.025887528,0.94123197
67.18002662500021,1762753363.1041965,0.043729533,1.068076,-0.2499361,-0.31575668,0.1073519,0.026364917,0.942379
67.1974232499997,1762753363.1215932,0.043850742,1.087676,-0.2481153,-0.31172457,0.10808436,0.026855882,0.943623
67.22630133333314,1762753363.1504714,0.044105876,1.1203918,-0.24463695,-0.30424342,0.1093328,0.027926145,0.9458871
67.24373391666632,1762753363.167904,0.04427529,1.1402161,-0.24224466,-0.29946187,0.10999505,0.02852771,0.94731724
67.26161816666627,1762753363.1857882,0.044449706,1.1605941,-0.23960978,-0.2943031,0.110576555,0.02906248,0.9488487
67.28012887499972,1762753363.204299,0.044656355,1.181683,-0.23674296,-0.28834412,0.11117176,0.029602474,0.9505905
67.29777816666683,1762753363.2219481,0.04487442,1.2017401,-0.23387218,-0.2819855,0.11178457,0.030251386,0.95240396
67.31509862500025,1762753363.2392685,0.045111973,1.2213104,-0.23085558,-0.27560145,0.11237847,0.031034067,0.95417595
67.33254033333287,1762753363.2567103,0.045393262,1.2408314,-0.2275526,-0.26953653,0.112767674,0.031735048,0.9558381
67.34989470833352,1762753363.2740648,0.045724478,1.2600725,-0.22402155,-0.2638681,0.11273584,0.032102853,0.9574099
67.3665440416662,1762753363.290714,0.046078816,1.2784128,-0.220492,-0.25805682,0.11239074,0.032366153,0.9590242
67.39618762499958,1762753363.3203576,0.046800725,1.3107451,-0.2140344,-0.24598517,0.11165113,0.032939687,0.9622579
67.41363858333352,1762753363.3378086,0.0472187,1.3294227,-0.21004051,-0.23849018,0.11107881,0.03313156,0.9642024
67.43109854166687,1762753363.3552685,0.047626756,1.3477664,-0.2058559,-0.23107715,0.11036,0.033127308,0.9660883
67.44850204166687,1762753363.372672,0.04801971,1.365712,-0.20152646,-0.22367494,0.10957787,0.033036094,0.9679209
67.46589425000002,1762753363.3900642,0.048377976,1.3832729,-0.19707811,-0.21606563,0.108837835,0.032853466,0.9697374
67.48606766666671,1762753363.4102378,0.048780728,1.4030702,-0.19173068,-0.20700726,0.10813027,0.0325667,0.9718
67.50259579166686,1762753363.426766,0.049091406,1.4187889,-0.18722188,-0.19954565,0.10783217,0.032391038,0.97339845
67.52908974999991,1762753363.4532597,0.049506027,1.4431087,-0.17983073,-0.18771161,0.10796189,0.032094162,0.97574514
67.54655808333337,1762753363.4707282,0.049724307,1.4585556,-0.17485462,-0.17966165,0.10830332,0.031459294,0.97724223
67.56392658333334,1762753363.4880967,0.049914777,1.4733642,-0.16980469,-0.17140327,0.108679704,0.030300207,0.97871935
67.58130841666662,1762753363.5054784,0.05014285,1.4875598,-0.16466068,-0.16296081,0.109110914,0.028838716,0.9801566
67.59818149999955,1762753363.5223515,0.05040203,1.5006626,-0.15959829,-0.15451363,0.10963741,0.027469797,0.98150426
67.63144670833299,1762753363.5556166,0.050909795,1.5243813,-0.14947754,-0.13789572,0.11093113,0.025411008,0.9838869
67.64929866666625,1762753363.5734687,0.051191784,1.5359368,-0.14400214,-0.12953873,0.1115027,0.02448529,0.9849809
67.66673075000017,1762753363.5909007,0.05148139,1.5464166,-0.13866508,-0.121823564,0.111842975,0.02355611,0.9859489
67.7046568333335,1762753363.6288269,0.052099276,1.5661013,-0.12727255,-0.10562132,0.11200702,0.021375079,0.987847
67.72225920833353,1762753363.6464293,0.05240378,1.5737511,-0.12215124,-0.09868777,0.11185521,0.020484138,0.98859984
67.73962066666627,1762753363.6637907,0.052731726,1.580369,-0.11722058,-0.09253057,0.11151285,0.019625045,0.98925114
67.758021083333,1762753363.6821911,0.053105094,1.586366,-0.11213857,-0.08699639,0.110927865,0.018650401,0.9898378
67.7756230833329,1762753363.699793,0.053447895,1.5910962,-0.107364,-0.08272899,0.11018191,0.017684419,0.9903046
67.79300799999965,1762753363.717178,0.053754292,1.5948235,-0.10280013,-0.07921351,0.10928753,0.016793868,0.9907065
67.81058275000032,1762753363.7347527,0.054011658,1.5977491,-0.09844232,-0.07618719,0.108260214,0.015940314,0.99107075
67.82807599999978,1762753363.752246,0.054181684,1.5999681,-0.094409525,-0.073603526,0.10718718,0.015162603,0.99139476
67.84545520833308,1762753363.7696252,0.054245345,1.601649,-0.09074646,-0.07117444,0.106145754,0.014598769,0.9916926
67.86353591666648,1762753363.787706,0.054191273,1.6029369,-0.087313786,-0.06868369,0.10513883,0.014244278,0.9919806
67.88095854166659,1762753363.8051286,0.05403866,1.6036721,-0.08434081,-0.06672741,0.10425006,0.014150091,0.99220926
67.89795112499996,1762753363.8221211,0.053812947,1.6039575,-0.08170677,-0.06562021,0.10348103,0.014491178,0.9923587
67.91525883333361,1762753363.839429,0.05351346,1.6039784,-0.07928604,-0.06533524,0.10287428,0.015142243,0.9924308
67.93267291666689,1762753363.856843,0.053127035,1.6038622,-0.07713692,-0.06551869,0.10237792,0.0156607,0.99246204
67.95957116666705,1762753363.8837411,0.052369133,1.6037129,-0.07446456,-0.06582957,0.101616,0.015778894,0.9925179
67.97708450000027,1762753363.9012544,0.051738486,1.6037025,-0.0732041,-0.065860584,0.10102722,0.015731981,0.99257666
67.99516649999987,1762753363.9193366,0.051000558,1.603733,-0.072286665,-0.065787695,0.100281134,0.015606253,0.9926591
68.0126372499999,1762753363.9368072,0.05024377,1.6037418,-0.07170437,-0.06575106,0.099228196,0.015287892,0.99277234
68.03026666666665,1762753363.9544368,0.04947791,1.6037055,-0.07136248,-0.065894835,0.09763724,0.014577844,0.9929312
68.04763591666688,1762753363.971806,0.04871823,1.6036341,-0.07124245,-0.06632566,0.095452696,0.013689476,0.9931276
68.06528991666619,1762753363.98946,0.047916606,1.6035665,-0.07134016,-0.06664644,0.09264956,0.01270141,0.99338454
68.0935093750004,1762753364.0176795,0.046216834,1.603293,-0.07185513,-0.06630267,0.08710382,0.010170213,0.9939384
68.11123599999974,1762753364.035406,0.04498328,1.6029524,-0.072342396,-0.0661956,0.08323012,0.008501101,0.99429303
68.1287475416666,1762753364.0529175,0.04370816,1.6024768,-0.0729112,-0.066690885,0.079466715,0.0076828124,0.9945745
68.14612504166689,1762753364.070295,0.04237159,1.6019472,-0.07358748,-0.06765834,0.075984016,0.0076364246,0.9947817
68.1635405416664,1762753364.0877106,0.04087535,1.6014308,-0.07447474,-0.06857655,0.07270628,0.007828839,0.9949622
68.18094312500034,1762753364.105113,0.03923337,1.6009537,-0.07557684,-0.06907879,0.06958775,0.0077816416,0.9951508
68.19834025,1762753364.1225102,0.03750728,1.6004823,-0.07683426,-0.06942311,0.06662677,0.007414047,0.9953323
68.23017208333295,1762753364.1543422,0.03419938,1.5996277,-0.07949519,-0.070687786,0.061803132,0.007114791,0.9955566
68.24761108333314,1762753364.171781,0.032307003,1.5992601,-0.08121468,-0.0713249,0.0594983,0.0070783375,0.99565184
68.26502224999967,1762753364.1891923,0.030336993,1.5990006,-0.08317048,-0.07161172,0.057330295,0.0068213283,0.99576026
68.29319279166702,1762753364.2173629,0.026658908,1.5987262,-0.08700633,-0.07100555,0.054098718,0.006099081,0.99598914
68.31057808333298,1762753364.2347481,0.024209218,1.5985512,-0.089721516,-0.07020895,0.052330002,0.005568808,0.99614316
68.32765579166698,1762753364.2518258,0.0217241,1.5982934,-0.09257598,-0.06966415,0.05075448,0.005008136,0.99626595
68.34510041666636,1762753364.2692704,0.019103745,1.5979048,-0.09563939,-0.069710515,0.049270432,0.004344331,0.99634033
68.36353374999999,1762753364.2877038,0.01624789,1.5973907,-0.09903455,-0.0704114,0.047849536,0.003652927,0.99636304
68.38092329166648,1762753364.3050933,0.013416216,1.5968771,-0.10244018,-0.071281545,0.046683915,0.0032521854,0.99635786
68.39840329166691,1762753364.3225734,0.010438979,1.59636,-0.106078625,-0.07197847,0.04570911,0.0029872716,0.9963538
68.42285433333291,1762753364.3470244,0.006126009,1.5956314,-0.11151093,-0.07251535,0.04487928,0.0030520305,0.9963524
68.44058270833284,1762753364.3647528,0.0029217924,1.5950698,-0.115669236,-0.07289814,0.044845626,0.0037587713,0.9963236
68.45818374999999,1762753364.3823538,-0.00029501817,1.5944321,-0.1199264,-0.073517546,0.045447018,0.0052780164,0.9962439
68.47574854166669,1762753364.3999186,-0.0035937626,1.5937256,-0.12430088,-0.074837275,0.046624564,0.0072139446,0.9960791
68.49276479166656,1762753364.4169347,-0.0068690777,1.5929761,-0.1286636,-0.07663602,0.04810874,0.008867164,0.9958584
68.51016724999954,1762753364.4343374,-0.010226548,1.592141,-0.13326049,-0.07840141,0.0498378,0.009786522,0.9956273
68.52752041666645,1762753364.4516904,-0.013559781,1.5912795,-0.13802606,-0.079946265,0.05190154,0.010223051,0.9953946
68.5442937083335,1762753364.4684637,-0.01673991,1.5904075,-0.14281116,-0.0814301,0.05428645,0.010580284,0.9951433
68.56198700000004,1762753364.486157,-0.020089151,1.5894316,-0.14810808,-0.083086185,0.0570919,0.010675036,0.9948483
68.58948437500021,1762753364.5136545,-0.025306173,1.587886,-0.1569472,-0.08560712,0.061734587,0.010101841,0.9943632
68.60691212500024,1762753364.5310822,-0.028605318,1.5869769,-0.1629728,-0.08740212,0.064840496,0.009510294,0.99401516
68.6307552916669,1762753364.5549252,-0.033083905,1.5858785,-0.17181365,-0.09014776,0.069080524,0.00861544,0.99349236
68.64826645833364,1762753364.5724366,-0.03633093,1.5851381,-0.17876291,-0.09268318,0.0719434,0.007765306,0.9930628
68.66566966666687,1762753364.5898397,-0.039544754,1.5844458,-0.18607181,-0.09567815,0.07434656,0.0065996163,0.9926101
68.68822183333305,1762753364.612392,-0.04385212,1.5836776,-0.19622827,-0.10045066,0.076599084,0.0045868824,0.9919784
68.70568654166618,1762753364.6298566,-0.047245026,1.5831008,-0.2045762,-0.10520912,0.07772075,0.003291884,0.99140286
68.72396362499967,1762753364.6481338,-0.050791148,1.5824691,-0.21376055,-0.11116774,0.07849186,0.0028850234,0.9906929
68.74180783333304,1762753364.665978,-0.05423838,1.5818729,-0.22327691,-0.11711926,0.07900987,0.0035134174,0.98996377
68.75922141666706,1762753364.6833913,-0.057583127,1.581382,-0.23317707,-0.122368746,0.07951596,0.004862567,0.9892823
68.77691095833325,1762753364.701081,-0.060941253,1.5809623,-0.24387115,-0.1272271,0.08016931,0.006651049,0.98860604
68.79489341666704,1762753364.7190635,-0.064276844,1.5804892,-0.2552988,-0.13212253,0.080980636,0.0085963085,0.98788255
68.81225900000027,1762753364.736429,-0.06738653,1.5798831,-0.26677763,-0.13687521,0.081839375,0.010313156,0.9871479
68.83019995833365,1762753364.75437,-0.07045589,1.5790988,-0.27907866,-0.14166804,0.0827903,0.011869308,0.98637474
68.84754583333324,1762753364.7717159,-0.07326959,1.5782124,-0.2913798,-0.14617507,0.08363217,0.01312892,0.98562986
68.86496008333324,1762753364.7891302,-0.07593621,1.5771827,-0.3041029,-0.15049462,0.08418556,0.014050336,0.98491967
68.88806012500027,1762753364.81223,-0.079231635,1.5756186,-0.32149607,-0.15567188,0.084421806,0.014929826,0.98408145
68.90445758333317,1762753364.8286276,-0.08146071,1.5743973,-0.3341695,-0.15872915,0.084280275,0.015420451,0.9835975
68.92411954166619,1762753364.8482895,-0.08403653,1.5728617,-0.34968913,-0.16167234,0.083731376,0.01585444,0.98315805
68.94220258333371,1762753364.8663726,-0.08629812,1.5714592,-0.36425167,-0.16357572,0.08290952,0.016239854,0.9829065
68.95988725000007,1762753364.8840573,-0.088420644,1.5701493,-0.37877673,-0.16453569,0.082028635,0.016947877,0.9828083
68.9775278750003,1762753364.9016979,-0.090470254,1.5689797,-0.39347315,-0.1645337,0.081260785,0.018128842,0.9828513
68.99511187499957,1762753364.919282,-0.09243565,1.5679519,-0.4083238,-0.16346323,0.08076259,0.019634698,0.983042
69.01446916666646,1762753364.9386392,-0.09447766,1.5669543,-0.4249384,-0.16092117,0.08075557,0.021568626,0.9834214
69.03184004166633,1762753364.95601,-0.09618289,1.5662038,-0.44002753,-0.15744637,0.08136026,0.023348453,0.9838933
69.04888429166658,1762753364.9730544,-0.097714595,1.5655913,-0.4549278,-0.1533733,0.08257049,0.025022777,0.98439455
69.0663131250003,1762753364.990483,-0.09910215,1.5650523,-0.4702072,-0.14878303,0.084490806,0.026775315,0.98488986
69.0930955833337,1762753365.0172656,-0.10088287,1.5642734,-0.49349666,-0.14106654,0.08878078,0.029755335,0.98556215
69.11053433333291,1762753365.0347044,-0.101723254,1.5637308,-0.5084929,-0.13588975,0.09251288,0.032087605,0.9858731
69.12796670833359,1762753365.0521367,-0.102256894,1.5631849,-0.52331793,-0.1314905,0.09695246,0.03481029,0.98595065
69.14645099999962,1762753365.070621,-0.1025099,1.5629331,-0.5389569,-0.1285317,0.10234521,0.038165428,0.9856716
69.16948545833293,1762753365.0936556,-0.10251184,1.5636159,-0.55860806,-0.12405509,0.10928151,0.041513517,0.98536515
69.19283020833336,1762753365.1170003,-0.1022224,1.5655068,-0.5786576,-0.11819905,0.11538063,0.042503,0.98534757
69.21017366666638,1762753365.1343436,-0.10186537,1.5675771,-0.5937023,-0.11243155,0.11890174,0.04233553,0.98561114
69.22672212500038,1762753365.1508923,-0.10149437,1.5698091,-0.6082115,-0.10572509,0.121286325,0.04144205,0.9861006
69.2441102916664,1762753365.1682804,-0.10111923,1.5721488,-0.62352276,-0.09846163,0.12286102,0.040402923,0.98670065
69.261576375,1762753365.1857464,-0.100808166,1.5742725,-0.63887197,-0.09171392,0.123661265,0.03941391,0.98729074
69.27945854166683,1762753365.2036285,-0.10069199,1.576112,-0.654567,-0.08610096,0.12388858,0.038327467,0.9878104
69.29781766666656,1762753365.2219877,-0.10075774,1.5776887,-0.67058355,-0.08167143,0.123668216,0.037349716,0.98825145
69.32364954166678,1762753365.2478197,-0.1010184,1.5795137,-0.6928338,-0.077317655,0.12269169,0.036579628,0.98875207
69.34207083333331,1762753365.2662408,-0.10132517,1.5806534,-0.70854074,-0.07514717,0.12157972,0.03653211,0.9890585
69.36276037500011,1762753365.2869303,-0.10179141,1.5818763,-0.7260859,-0.073139116,0.120025806,0.03719516,0.98937404
69.38014599999951,1762753365.304316,-0.1022654,1.5828388,-0.7406967,-0.07156128,0.11855284,0.038522106,0.9896162
69.39760412499982,1762753365.3217742,-0.10283145,1.583761,-0.75532734,-0.069923274,0.11706264,0.04055128,0.9898296
69.41498304166635,1762753365.339153,-0.103495866,1.5846779,-0.7699924,-0.06798046,0.1155799,0.042959668,0.99003756
69.43242399999963,1762753365.356594,-0.1042666,1.5855974,-0.78485215,-0.065578334,0.11399823,0.045340266,0.9902768
69.45679845833365,1762753365.3809686,-0.105492204,1.5867904,-0.8058928,-0.061383683,0.11147188,0.04815173,0.99070054
69.47463004166639,1762753365.3988001,-0.10644916,1.5874572,-0.82152927,-0.05797951,0.1093331,0.049832366,0.99106073
69.49200699999983,1762753365.416177,-0.10742615,1.5878866,-0.83697623,-0.054659802,0.10694029,0.051215123,0.99143994
69.50946341666622,1762753365.4336333,-0.10849597,1.5880928,-0.85265476,-0.05131743,0.10416056,0.05234341,0.9918555
69.52690554166657,1762753365.4510756,-0.10965717,1.5880053,-0.8684838,-0.048022605,0.10093309,0.05317814,0.99230963
69.54452820833285,1762753365.4686983,-0.11091766,1.5875582,-0.8846085,-0.04458134,0.09713841,0.053833578,0.99281347
69.56808683333293,1762753365.4922569,-0.11272871,1.5862947,-0.90626997,-0.040160783,0.091315866,0.05486248,0.99349815
69.59127633333355,1762753365.5154464,-0.11467254,1.5842713,-0.92761475,-0.036541626,0.085011326,0.056607094,0.9940993
69.60886870833292,1762753365.5330386,-0.11639269,1.5822653,-0.94388545,-0.03442243,0.07989817,0.05816792,0.99450886
69.6254462500001,1762753365.5496163,-0.11821465,1.5801648,-0.9592981,-0.032942627,0.074734345,0.059694666,0.99486995
69.64290524999979,1762753365.5670753,-0.120218985,1.5779089,-0.9755737,-0.031092783,0.0688014,0.061163444,0.99526817
69.66062799999963,1762753365.584798,-0.1223257,1.5756195,-0.99214387,-0.028546007,0.062212165,0.062335588,0.9957053
69.67806266666685,1762753365.6022327,-0.12452795,1.5734192,-1.0083952,-0.02548903,0.055243902,0.0632292,0.9961428
69.69591770833358,1762753365.6200876,-0.12686671,1.5713365,-1.0249605,-0.023120249,0.04770067,0.06407433,0.9965363
69.71342070833362,1762753365.6375906,-0.1292195,1.5699596,-1.0411958,-0.022471467,0.03980552,0.06505243,0.9968344
69.73092716666633,1762753365.6550972,-0.13167635,1.569576,-1.0575095,-0.020701379,0.03150393,0.06541903,0.9971456
69.75612875000024,1762753365.6802988,-0.13526364,1.5706859,-1.0810314,-0.016849287,0.019480538,0.0654921,0.9975206
69.77355745833302,1762753365.6977274,-0.1377148,1.5724635,-1.0972525,-0.013412746,0.011949735,0.06663553,0.9976157
69.79067116666647,1762753365.7148411,-0.1402213,1.5750061,-1.1131611,-0.009397175,0.0056641516,0.06833221,0.9976023
69.80875924999964,1762753365.7329292,-0.14291283,1.5785018,-1.129935,-0.0046664258,0.00017106709,0.07060244,0.9974936
69.82612462500038,1762753365.7502947,-0.14535224,1.5824233,-1.1459274,-0.00028243175,-0.0042253877,0.073428385,0.9972915
69.84374937499979,1762753365.7679193,-0.14760418,1.5868013,-1.1619064,0.0035071024,-0.007917974,0.07696939,0.99699587
69.861319083333,1762753365.785489,-0.14956357,1.5914516,-1.1774096,0.006929953,-0.0109679,0.08079306,0.99664646
69.87875833333328,1762753365.8029284,-0.15115777,1.5962081,-1.1922349,0.010230315,-0.013701896,0.08416573,0.99630505
69.89686037499996,1762753365.8210304,-0.15251541,1.6010786,-1.2069501,0.013463452,-0.01675459,0.0863117,0.9960363
69.92525933333309,1762753365.8494294,-0.1539502,1.6081676,-1.2286777,0.018873498,-0.022782475,0.08585378,0.99586844
69.94263520833283,1762753365.8668053,-0.15444778,1.6120559,-1.2413125,0.023171734,-0.027266657,0.08355727,0.99586034
69.96033845833335,1762753365.8845084,-0.15479313,1.6155941,-1.2538184,0.028412955,-0.0323287,0.080369,0.99583554
69.977774125,1762753365.9019442,-0.15507944,1.6186417,-1.2658931,0.03380734,-0.037692323,0.07698557,0.9957458
69.99859962499977,1762753365.9227695,-0.15546027,1.6217614,-1.2801179,0.040463936,-0.044414185,0.073056564,0.99551636
70.02471441666694,1762753365.9488845,-0.15618774,1.6251366,-1.2976552,0.049623683,-0.052978974,0.06846231,0.99500936
70.0422448749996,1762753365.966415,-0.15678911,1.6270932,-1.3092043,0.056237917,-0.058581155,0.065734215,0.9945273
70.05975574999957,1762753365.9839258,-0.15742463,1.6287146,-1.3204728,0.06266501,-0.06391492,0.063447185,0.993963
70.07731412500016,1762753366.0014842,-0.15809943,1.6299402,-1.3315063,0.068273164,-0.068967,0.061833166,0.9933574
70.10259933333327,1762753366.0267694,-0.15895428,1.6310087,-1.3467273,0.07444551,-0.07568139,0.06060309,0.9925006
70.12196791666702,1762753366.046138,-0.15941918,1.6314335,-1.3577417,0.078206666,-0.08015075,0.06024048,0.9918824
70.13935116666653,1762753366.0635211,-0.15964638,1.6315916,-1.3670954,0.08092571,-0.083601035,0.060457427,0.9913661
70.15849650000018,1762753366.0826666,-0.15961573,1.6314864,-1.3767245,0.08270228,-0.08682446,0.06149605,0.9908785
70.17594987499979,1762753366.1001198,-0.15930797,1.6311345,-1.3849728,0.083328255,-0.089126095,0.06333338,0.9905059
70.19295483333372,1762753366.1171248,-0.15875047,1.6306429,-1.3925169,0.083467364,-0.09074204,0.06552474,0.9902049
70.21030833333316,1762753366.1344783,-0.1579485,1.6302499,-1.3997014,0.083790645,-0.09190312,0.06717987,0.98995954
70.22683037499974,1762753366.1510005,-0.15700382,1.6302365,-1.4061875,0.085302524,-0.092773914,0.067702636,0.9897135
70.24443229166627,1762753366.1686022,-0.15582639,1.6306483,-1.4128165,0.08846593,-0.093809634,0.06668161,0.9894075
70.26190233333364,1762753366.1860723,-0.15452449,1.6313028,-1.4191537,0.09243827,-0.09527683,0.06357733,0.9891084
70.27962545833361,1762753366.2037954,-0.15326935,1.632042,-1.4254557,0.09632154,-0.097167194,0.058625612,0.98885983
70.29710908333345,1762753366.2212791,-0.1521979,1.6327068,-1.4315182,0.09952824,-0.0991931,0.052613743,0.98867923
70.31450704166673,1762753366.238677,-0.15123664,1.6331784,-1.437243,0.10189125,-0.10125766,0.045973524,0.9885603
70.33853862500018,1762753366.2627087,-0.15010257,1.633529,-1.4445468,0.10354665,-0.104289964,0.03694245,0.9884518
70.35539616666665,1762753366.2795663,-0.14944243,1.6335925,-1.4491651,0.1035082,-0.10657439,0.0311695,0.98841107
70.37300624999989,1762753366.2971764,-0.1488735,1.6335553,-1.4534714,0.102517486,-0.109062135,0.025649853,0.98840165
70.39051904166627,1762753366.3146892,-0.14847572,1.6334866,-1.4572549,0.101045005,-0.11171865,0.020307126,0.98838073
70.40893316666643,1762753366.3331032,-0.14822233,1.6333594,-1.460568,0.09917754,-0.11463481,0.015008683,0.9883306
70.42592604166657,1762753366.350096,-0.14811553,1.6330866,-1.4628407,0.096751645,-0.1172878,0.010853798,0.98831415
70.44348054166676,1762753366.3676505,-0.14812726,1.6326185,-1.4643042,0.09323352,-0.119912125,0.007452452,0.98836887
70.46120241666631,1762753366.3853724,-0.14822346,1.6320456,-1.46479,0.08919373,-0.12262947,0.0048145987,0.98842466
70.47892824999963,1762753366.4030983,-0.14835407,1.631494,-1.4642265,0.085263886,-0.12546514,0.0030784907,0.9884226
70.49679229166668,1762753366.4209623,-0.14853056,1.6310008,-1.4625607,0.08177031,-0.12834424,0.0020693815,0.98835075
70.52509724999982,1762753366.4492671,-0.14889951,1.6303669,-1.4576862,0.07772385,-0.13267551,0.0015322488,0.9881062
70.54306720833301,1762753366.4672372,-0.14918362,1.629979,-1.4532304,0.07588695,-0.13509488,0.0016583959,0.98792094
70.56181025000024,1762753366.4859803,-0.14951378,1.6294469,-1.4475005,0.074010246,-0.13729677,0.0017987256,0.98775953
70.579160291667,1762753366.5033302,-0.14986384,1.6288018,-1.4412222,0.072060615,-0.13917552,0.0018447349,0.9876407
70.59712824999951,1762753366.5212982,-0.15022264,1.6279588,-1.4337544,0.06987608,-0.14104827,0.0017587192,0.98753214
70.61604695833284,1762753366.540217,-0.15054934,1.6268296,-1.4249005,0.067432486,-0.1429618,0.0015771422,0.9874271
70.63348599999972,1762753366.557656,-0.1508092,1.6255716,-1.4159194,0.0651331,-0.14468527,0.0013061856,0.9873308
70.65754579166696,1762753366.5817158,-0.1511207,1.6234426,-1.402395,0.06185011,-0.14696671,0.0008474526,0.9872055
70.6751640416669,1762753366.599334,-0.15135598,1.62155,-1.3917713,0.059204433,-0.14854847,0.0003971855,0.98713124
70.69245320833306,1762753366.6166232,-0.15160829,1.6193935,-1.3808513,0.056394115,-0.15003473,3.1824973e-05,0.98707104
70.70998754166703,1762753366.6341577,-0.151893,1.6169465,-1.3693622,0.053542092,-0.15145476,-0.00020849697,0.98701304
70.72664608333343,1762753366.6508162,-0.15221232,1.6144655,-1.3581476,0.050758205,-0.15270187,-0.00035756637,0.98696786
70.74415700000009,1762753366.668327,-0.15263991,1.6118952,-1.3461742,0.04701084,-0.15391453,-0.00094183494,0.98696476
70.76185824999993,1762753366.6860282,-0.15318611,1.6096853,-1.3340199,0.0430201,-0.15490513,-0.0018362438,0.9869906
70.78831279166661,1762753366.7124827,-0.15414424,1.607516,-1.3160293,0.03949704,-0.15572925,-0.0022001618,0.9870074
70.80600712500018,1762753366.7301772,-0.15482987,1.6065212,-1.3040689,0.038470086,-0.1558675,-0.0015383929,0.98702735
70.82349283333315,1762753366.7476628,-0.15554254,1.6055733,-1.2922289,0.037369005,-0.15576357,-0.0005725713,0.98708713
70.84218145833347,1762753366.7663515,-0.15638469,1.6045011,-1.2795494,0.03552417,-0.15542759,9.567862e-06,0.9872083
70.86026054166632,1762753366.7844305,-0.1573044,1.6035261,-1.2673067,0.033124145,-0.15501025,-0.00034156602,0.9873573
70.87766695833307,1762753366.801837,-0.15834227,1.6029191,-1.2556124,0.030589009,-0.15470892,-0.0012601389,0.98748565
70.89501891666623,1762753366.8191888,-0.15947843,1.602755,-1.2440684,0.028458096,-0.1546095,-0.0018338813,0.987564
70.91244045833355,1762753366.8366106,-0.16065721,1.6029168,-1.2325796,0.02651338,-0.15468535,-0.0012703583,0.9876072
70.93008420833303,1762753366.8542542,-0.16192482,1.6032939,-1.2210406,0.024200259,-0.15495874,0.0004907406,0.98762435
70.94743858333368,1762753366.8716085,-0.1632796,1.6038839,-1.2098256,0.021636052,-0.15535295,0.0027427052,0.98761827
70.96488929166662,1762753366.8890593,-0.16477416,1.6047316,-1.1987402,0.019110143,-0.15573694,0.0049848016,0.9876011
70.99019491666695,1762753366.9143648,-0.1672161,1.6063704,-1.1830562,0.016480343,-0.15585366,0.00792035,0.9876109
71.00873516666707,1762753366.9329052,-0.16914137,1.6076311,-1.1719278,0.015551499,-0.15531799,0.009979037,0.9876917
71.02739883333288,1762753366.9515688,-0.17112847,1.6087773,-1.1610456,0.015246812,-0.15410787,0.012204327,0.98786104
71.04480604166656,1762753366.968976,-0.17298813,1.6096338,-1.1511675,0.015222338,-0.15237771,0.0143772075,0.9881005
71.06230695833347,1762753366.986477,-0.17484538,1.6101731,-1.141492,0.015192295,-0.15010574,0.016401043,0.9884172
71.0797658749998,1762753367.0039358,-0.17667662,1.6103296,-1.1321456,0.014934071,-0.14726022,0.0182728,0.9888162
71.0971695833332,1762753367.0213397,-0.17846139,1.610036,-1.1231247,0.014362249,-0.1439204,0.020052413,0.98928183
71.12407158333372,1762753367.0482416,-0.18106677,1.608662,-1.1097058,0.012803468,-0.13809969,0.022323696,0.99008393
71.1422464999996,1762753367.0664165,-0.18270077,1.6072593,-1.1010427,0.011587438,-0.13416213,0.023276351,0.9906182
71.15997587499987,1762753367.0841458,-0.18417908,1.605692,-1.0929623,0.010639465,-0.13046254,0.023746721,0.9911117
71.17742745833311,1762753367.1015975,-0.18552974,1.6041117,-1.0854579,0.009806226,-0.12691441,0.023968117,0.9915756
71.1941157083329,1762753367.1182857,-0.18672295,1.6026475,-1.0787022,0.008873429,-0.1235665,0.02424608,0.9920004
71.21158841666693,1762753367.1357584,-0.1878484,1.6011555,-1.072013,0.0074613206,-0.12028055,0.024731034,0.9924038
71.23075545833308,1762753367.1549256,-0.18890776,1.5995269,-1.0650916,0.004906342,-0.1171448,0.025442343,0.99277675
71.2481812916667,1762753367.1723514,-0.18970163,1.5980757,-1.0591344,0.0016139979,-0.11495536,0.026105009,0.9930263
71.26544008333349,1762753367.18961,-0.1903183,1.5967453,-1.0535175,-0.002237861,-0.11350384,0.026705232,0.9931761
71.28403049999997,1762753367.2082005,-0.19085601,1.5955608,-1.0477699,-0.0066710315,-0.11262048,0.027267277,0.9932415
71.30145658333367,1762753367.2256267,-0.19127342,1.5947007,-1.0426702,-0.010665495,-0.112170465,0.027658366,0.99324673
71.32538491666674,1762753367.2495549,-0.19174902,1.5939229,-1.0361465,-0.014776518,-0.11189709,0.027861217,0.99321926
71.34278487499978,1762753367.266955,-0.1920634,1.593681,-1.0317302,-0.01610487,-0.11202138,0.027687503,0.99318945
71.37250891666645,1762753367.296679,-0.192598,1.5937471,-1.0246179,-0.015725454,-0.11310895,0.027222857,0.9930851
71.39134270833347,1762753367.3155127,-0.19299535,1.5938723,-1.0203263,-0.014648294,-0.114237,0.027019935,0.992978
71.40895958333294,1762753367.3331296,-0.19345027,1.5939426,-1.0164174,-0.013522993,-0.1154164,0.026956357,0.99285924
71.42632216666698,1762753367.3504922,-0.19398862,1.5939358,-1.0126125,-0.012391096,-0.116550066,0.027126987,0.99273694
71.44386945833321,1762753367.3680394,-0.19462986,1.593838,-1.0088335,-0.011209315,-0.117482156,0.027533427,0.99262995
71.46140474999993,1762753367.3855748,-0.19537021,1.5936568,-1.0051514,-0.009927357,-0.11809262,0.028173935,0.9925532
71.47932520833365,1762753367.4034953,-0.19622876,1.5934297,-1.0015548,-0.008487049,-0.11825932,0.029099854,0.99252
71.49695645833344,1762753367.4211264,-0.19715811,1.5932088,-0.9981998,-0.0068375254,-0.11795311,0.030083539,0.9925398
71.52118370833341,1762753367.4453537,-0.19854994,1.5929543,-0.9938752,-0.0044475864,-0.116965644,0.031041678,0.9926408
71.53864662500018,1762753367.4628167,-0.19961841,1.5927738,-0.99093205,-0.0031129157,-0.116045095,0.031579815,0.9927369
71.56015995833332,1762753367.48433,-0.20099182,1.592519,-0.9874691,-0.0023339635,-0.11475306,0.032602895,0.99285614
71.57758504166668,1762753367.501755,-0.2021617,1.5923829,-0.9849166,-0.002185476,-0.11358258,0.033908505,0.99294734
71.59511166666653,1762753367.5192816,-0.20337975,1.5923531,-0.982568,-0.0020775567,-0.112312205,0.035508905,0.99303615
71.61370720833293,1762753367.5378773,-0.20469315,1.5924006,-0.98020893,-0.0017043062,-0.110911034,0.03727024,0.9931298
71.631403041667,1762753367.555573,-0.205962,1.5924925,-0.97809345,-0.001027865,-0.10952063,0.038916815,0.9932218
71.66085262500019,1762753367.5850227,-0.20810987,1.5926001,-0.9748166,0.00037338966,-0.10703184,0.041550826,0.9933869
71.6783223333332,1762753367.6024923,-0.20941596,1.5925791,-0.9729798,0.0010818867,-0.105562046,0.04304748,0.99347997
71.6957217500003,1762753367.619892,-0.21073143,1.5924829,-0.9712186,0.0015445666,-0.10419322,0.044544175,0.9935579
71.72163999999975,1762753367.6458101,-0.21268992,1.5922664,-0.9687452,0.0018338792,-0.1023545,0.046785507,0.9936454
71.73923895833286,1762753367.663409,-0.21402256,1.5921395,-0.9671927,0.0018659786,-0.10118614,0.04833811,0.9936908
71.7583993749995,1762753367.6825695,-0.21548815,1.5920732,-0.9656389,0.0018691142,-0.09992605,0.04997028,0.9937375
71.77582904166684,1762753367.699999,-0.21689838,1.5921384,-0.96444356,0.0018874098,-0.098754324,0.05142829,0.99378026
71.79321299999992,1762753367.717383,-0.218366,1.5923065,-0.9634297,0.0018509495,-0.097567536,0.05298155,0.99381596
71.81007866666641,1762753367.7342486,-0.21978948,1.592515,-0.9625299,0.0016855751,-0.096388794,0.05464341,0.99384123
71.82754924999972,1762753367.7517192,-0.22125949,1.5927671,-0.961678,0.0013418052,-0.09516151,0.05648206,0.99385726
71.84490416666631,1762753367.7690742,-0.22270776,1.5930458,-0.96091115,0.00090965035,-0.09393934,0.05832442,0.99386764
71.86454737500026,1762753367.7887175,-0.22431706,1.5933887,-0.9601293,0.0004618467,-0.09255293,0.060292374,0.99388057
71.89106449999963,1762753367.8152344,-0.22645767,1.5939232,-0.9592406,-9.99319e-06,-0.0906413,0.06268243,0.993909
71.90914133333354,1762753367.8333113,-0.22786562,1.5942869,-0.95872074,-0.00020827998,-0.08927096,0.06420499,0.9939358
71.92990712499977,1762753367.854077,-0.22939207,1.5946417,-0.95816195,-0.0004911467,-0.08759756,0.065962374,0.9939695
71.94729124999958,1762753367.8714612,-0.23058383,1.5948579,-0.9577053,-0.00086569384,-0.086141475,0.06735263,0.99400324
71.9647766666667,1762753367.8889468,-0.23171322,1.5950136,-0.95725167,-0.0013401884,-0.08473772,0.06851857,0.9940437
71.98893841666631,1762753367.9131083,-0.23308729,1.5952536,-0.9567671,-0.0018367114,-0.08306764,0.069746576,0.9940985
72.00632383333323,1762753367.9304938,-0.23395754,1.5954849,-0.9564883,-0.0019546999,-0.08208163,0.07072914,0.99411076
72.02390412499972,1762753367.948074,-0.23472549,1.595764,-0.9562457,-0.0019439126,-0.08130342,0.07196468,0.9940861
72.04257845833308,1762753367.9667485,-0.2353955,1.5960513,-0.9560212,-0.002126395,-0.08079851,0.07321516,0.99403554
72.06016712499968,1762753367.984337,-0.23587847,1.5962429,-0.95579636,-0.0027254561,-0.08070476,0.07413655,0.9939734
72.07783333333373,1762753368.0020034,-0.2362297,1.5963509,-0.955523,-0.0037119733,-0.08100873,0.074850805,0.99389195
72.0952336666669,1762753368.0194037,-0.23643388,1.5964025,-0.9552033,-0.004974838,-0.08161831,0.07560326,0.9937796
72.11276870833353,1762753368.0369387,-0.23649876,1.5964305,-0.95483744,-0.0063127703,-0.08238636,0.07652652,0.9936379
72.13022233333322,1762753368.0543923,-0.23645106,1.5964571,-0.95442957,-0.007539789,-0.083168045,0.077490464,0.9934895
72.14767679166653,1762753368.0718467,-0.23630731,1.5964792,-0.95396346,-0.008580913,-0.08384787,0.07847023,0.99334705
72.16505945833342,1762753368.0892296,-0.23606725,1.5964835,-0.9534052,-0.00956139,-0.08427295,0.079577915,0.99321395
72.18917475000035,1762753368.1133447,-0.23552929,1.596421,-0.95238256,-0.0110489,-0.084265776,0.081668384,0.9930294
72.20651541666666,1762753368.1306853,-0.23497997,1.5963277,-0.9514257,-0.012395606,-0.08382179,0.08358299,0.99289185
72.2236138749995,1762753368.147784,-0.23429729,1.596273,-0.9503344,-0.013514358,-0.08306689,0.08545842,0.992781
72.24110395833304,1762753368.165274,-0.23346457,1.5963479,-0.94913,-0.013858123,-0.08204063,0.086902186,0.9927363
72.25780479166679,1762753368.181975,-0.23253834,1.5965652,-0.9479223,-0.013351631,-0.08090895,0.08769057,0.9927668
72.27526141666658,1762753368.1994314,-0.231416,1.5969138,-0.9465978,-0.01242002,-0.07968421,0.08823352,0.9928298
72.29267299999992,1762753368.2168431,-0.23010029,1.5972843,-0.9451754,-0.011516192,-0.07850387,0.088738956,0.9928897
72.31013991666623,1762753368.23431,-0.22856034,1.5976087,-0.94362545,-0.010703466,-0.07736177,0.089343235,0.9929343
72.3276235000003,1762753368.2517936,-0.22680694,1.5979186,-0.94196147,-0.009858217,-0.07620581,0.09000796,0.9929724
72.3450990416668,1762753368.269269,-0.22486724,1.5982364,-0.9401992,-0.008691971,-0.07492493,0.09050616,0.99303544
72.36348587500015,1762753368.2876558,-0.22263865,1.5985476,-0.93822396,-0.007273906,-0.07340446,0.090693876,0.99314326
72.38087983333298,1762753368.30505,-0.22034417,1.598793,-0.9362217,-0.0059631765,-0.07182481,0.09067143,0.99326956
72.39783654166695,1762753368.3220065,-0.21791984,1.5989953,-0.93414605,-0.0046752607,-0.07020774,0.09055189,0.9934029
72.42645524999989,1762753368.3506253,-0.21353249,1.5993979,-0.93021345,-0.0018638786,-0.06725262,0.090524405,0.9936191
72.44360158333347,1762753368.3677716,-0.21065284,1.5996723,-0.9277308,0.00026509434,-0.065327406,0.090646185,0.9937381
72.4610280416664,1762753368.385198,-0.2074834,1.5999115,-0.9251607,0.0024943124,-0.06326771,0.09074258,0.9938595
72.48021049999988,1762753368.4043806,-0.20366429,1.6000515,-0.9222871,0.0046997797,-0.06097827,0.090598196,0.9940078
72.49779816666705,1762753368.4219682,-0.19987412,1.6000578,-0.9196262,0.006345698,-0.058957692,0.090115406,0.99416447
72.51668708333364,1762753368.4408572,-0.19551654,1.5999051,-0.91676646,0.0079323,-0.056859758,0.0892186,0.9943561
72.53414029166652,1762753368.4583104,-0.19121556,1.5995586,-0.9141469,0.009211593,-0.05499177,0.08815984,0.99454457
72.55882949999977,1762753368.4829996,-0.18473805,1.5988868,-0.9104601,0.009695773,-0.052652296,0.08619297,0.99483895
72.57631833333289,1762753368.5004883,-0.17994286,1.5984316,-0.9078648,0.009454753,-0.05127152,0.08410092,0.9950924
72.59374595833287,1762753368.517916,-0.17502503,1.5979397,-0.9053054,0.00896728,-0.050233264,0.081136376,0.99539596
72.61121820833341,1762753368.5353882,-0.16997059,1.597263,-0.902714,0.008320004,-0.049524877,0.07752168,0.9957251
72.62883770833287,1762753368.5530078,-0.16483168,1.5964091,-0.899956,0.006661643,-0.049073998,0.0736001,0.99605745
72.64647462500034,1762753368.5706446,-0.15972239,1.5956223,-0.8970235,0.0036917278,-0.048830017,0.06976548,0.9963608
72.66388920833288,1762753368.5880592,-0.15476513,1.5951587,-0.89398026,5.33658e-05,-0.048898537,0.06592302,0.99662584
72.68878691666669,1762753368.612957,-0.1478755,1.5951142,-0.8893712,-0.004543139,-0.049844638,0.059561614,0.99696904
72.70614958333317,1762753368.6303196,-0.14323257,1.5953323,-0.8860253,-0.00711763,-0.05126311,0.054160047,0.9971901
72.72390783333321,1762753368.648078,-0.13862106,1.5955926,-0.8825069,-0.009440587,-0.053401664,0.048061606,0.99737114
72.7413445000002,1762753368.6655145,-0.13423565,1.5958002,-0.8789433,-0.01190874,-0.056147482,0.042010423,0.99746716
72.75872704166704,1762753368.682897,-0.13001329,1.5959255,-0.87529737,-0.014572958,-0.05932232,0.036607802,0.99746096
72.77603900000031,1762753368.700209,-0.12596089,1.5959179,-0.8716212,-0.01716966,-0.06260201,0.032256324,0.9973694
72.79364320833338,1762753368.7178133,-0.1219835,1.5957929,-0.86792505,-0.019670112,-0.06594503,0.0288521,0.9972121
72.81113412499963,1762753368.735304,-0.11822303,1.5955564,-0.86431533,-0.02193059,-0.06916192,0.026001057,0.99702543
72.82863491666649,1762753368.752805,-0.11472839,1.5951976,-0.86072683,-0.02408225,-0.07218632,0.023661122,0.9968196
72.84603066666659,1762753368.7702007,-0.11153954,1.5947399,-0.85717595,-0.026287086,-0.07488747,0.021892743,0.99660504
72.8638509166667,1762753368.7880208,-0.10857941,1.5942131,-0.85357386,-0.028686998,-0.07722703,0.020649193,0.9963868
72.88845741666682,1762753368.8126273,-0.10498372,1.5935544,-0.8487457,-0.0318059,-0.07963615,0.019783583,0.99612004
72.905920541667,1762753368.8300905,-0.10277369,1.593233,-0.8454849,-0.03351214,-0.08085175,0.019408712,0.9959735
72.92363245833349,1762753368.8478024,-0.100800924,1.5930632,-0.8423614,-0.034601707,-0.08179131,0.018852314,0.99587023
72.94199229166679,1762753368.8661623,-0.098995626,1.5930448,-0.83933634,-0.035164356,-0.08249092,0.017971521,0.99580914
72.96039820833357,1762753368.8845682,-0.09741539,1.5931661,-0.8365231,-0.035376374,-0.08289904,0.016938595,0.99578583
72.97792462500001,1762753368.9020946,-0.09610345,1.5933962,-0.83404773,-0.03521233,-0.083005235,0.016108088,0.99579656
72.99552629166647,1762753368.9196963,-0.09498772,1.5937093,-0.8317426,-0.03457607,-0.08281964,0.015503278,0.9958439
73.01312849999977,1762753368.9372985,-0.09405467,1.5940127,-0.8296035,-0.033493873,-0.08234945,0.01507666,0.99592644
73.03047962500023,1762753368.9546497,-0.093268834,1.5942229,-0.8276463,-0.032258436,-0.081673965,0.01471382,0.99602824
73.04839549999997,1762753368.9725654,-0.092578635,1.5943314,-0.82575005,-0.031019896,-0.08085827,0.014257221,0.9961408
73.06588137499966,1762753368.9900515,-0.09200336,1.5943605,-0.8239521,-0.03017515,-0.080054976,0.013695713,0.9962395
73.08683533333351,1762753369.0110054,-0.09141659,1.5943322,-0.8218831,-0.029698959,-0.07919047,0.013017706,0.996332
73.10426862500026,1762753369.0284386,-0.091008015,1.5943145,-0.8202636,-0.029525531,-0.07857267,0.012666158,0.9963905
73.12169583333343,1762753369.0458658,-0.09066083,1.5943494,-0.8187481,-0.029304778,-0.07803377,0.0126477545,0.9964397
73.13947845833354,1762753369.0636485,-0.09035487,1.5944672,-0.8173354,-0.028826311,-0.0774999,0.01302331,0.9964905
73.1580229166666,1762753369.082193,-0.09007646,1.594698,-0.81603795,-0.0278988,-0.07687524,0.013717463,0.9965559
73.17548150000039,1762753369.0996516,-0.08985518,1.5950036,-0.8149786,-0.026647065,-0.0761799,0.01440275,0.9966339
73.19290854166684,1762753369.1170785,-0.089664906,1.5953655,-0.8140774,-0.025273284,-0.07536691,0.014995865,0.99672276
73.21031849999963,1762753369.1344886,-0.08948867,1.5957408,-0.8133283,-0.02394563,-0.07441638,0.015482876,0.9968195
73.22777683333334,1762753369.1519468,-0.08931598,1.5960915,-0.8127024,-0.022900572,-0.073326625,0.015916696,0.99691796
73.24517004166682,1762753369.1693401,-0.0891483,1.5963813,-0.8121644,-0.022361092,-0.07215778,0.016314408,0.99700904
73.26591216666657,1762753369.190082,-0.088951975,1.5966197,-0.8115899,-0.02234036,-0.070732795,0.01678378,0.99710387
73.28323316666683,1762753369.2074032,-0.08877604,1.5967447,-0.8110975,-0.022613913,-0.069550015,0.01712907,0.99717504
73.30059320833334,1762753369.2247632,-0.08859353,1.5968368,-0.8106148,-0.022881752,-0.06840972,0.017371772,0.9972436
73.31805137500032,1762753369.2422214,-0.08840972,1.5969297,-0.8101888,-0.02289656,-0.067344464,0.017566593,0.99731237
73.33555145833361,1762753369.2597215,-0.08821986,1.5970398,-0.80982625,-0.022608396,-0.06634548,0.017715262,0.99738324
73.35607716666618,1762753369.2802472,-0.08799891,1.5971994,-0.8094792,-0.022163698,-0.06525761,0.017843848,0.9974627
73.37363658333288,1762753369.2978065,-0.0878262,1.5973572,-0.80925065,-0.021801168,-0.06436553,0.017943624,0.9975269
73.39125024999976,1762753369.3154202,-0.0877065,1.5975064,-0.8090461,-0.021442393,-0.06341182,0.017984893,0.99759495
73.40879887499977,1762753369.332969,-0.08763184,1.5976384,-0.8088601,-0.021274682,-0.062394157,0.01793352,0.9976637
73.426322958333,1762753369.350493,-0.08756183,1.597767,-0.80870724,-0.021258915,-0.061277874,0.01772133,0.997737
73.44382520833369,1762753369.3679953,-0.087504946,1.597931,-0.80856943,-0.021341547,-0.06009728,0.017288426,0.9978146
73.4614052500001,1762753369.3855753,-0.08747102,1.5981483,-0.8084214,-0.02159014,-0.058785304,0.016736504,0.99789685
73.47957362499983,1762753369.4037437,-0.08749068,1.5984293,-0.8082163,-0.02198442,-0.057187397,0.01631303,0.99798805
73.49700529166694,1762753369.4211752,-0.08756191,1.5987929,-0.8079477,-0.022294732,-0.055330213,0.016048223,0.99809015
73.52015095833303,1762753369.444321,-0.08771335,1.5994916,-0.80745405,-0.022141982,-0.052451156,0.015748397,0.99825376
73.53758029166693,1762753369.4617503,-0.08784963,1.6001208,-0.8069522,-0.02150264,-0.050026108,0.015551017,0.9983953
73.55829916666698,1762753369.482469,-0.08802903,1.6008708,-0.80616814,-0.020435633,-0.04679527,0.015571512,0.998574
73.57571579166688,1762753369.4998858,-0.08819747,1.6015022,-0.8053337,-0.019179564,-0.04372956,0.015849292,0.9987336
73.59355324999979,1762753369.5177233,-0.088341445,1.6021738,-0.8042834,-0.017442683,-0.04023652,0.016262144,0.99890554
73.61079274999975,1762753369.5349627,-0.08846011,1.6028031,-0.803077,-0.01566467,-0.036612924,0.016560785,0.9990695
73.6276066666669,1762753369.5517766,-0.08856629,1.6033427,-0.8017114,-0.01420547,-0.03296779,0.01668417,0.9992162
73.64475975000005,1762753369.5689297,-0.08864932,1.6038198,-0.80011046,-0.013183846,-0.029258363,0.016644726,0.9993463
73.66223279166661,1762753369.586403,-0.088709615,1.604309,-0.79827994,-0.012434383,-0.025625793,0.016465547,0.9994587
73.67938141666673,1762753369.6035514,-0.08872729,1.604818,-0.7963011,-0.011716985,-0.022300221,0.016163692,0.99955195
73.69674270833366,1762753369.6209128,-0.088692024,1.6053505,-0.79412246,-0.010882009,-0.019272158,0.015772063,0.99963063
73.72024008333301,1762753369.6444101,-0.0885706,1.6060393,-0.79093534,-0.009318167,-0.01577885,0.0151775265,0.99971694
73.73775366666632,1762753369.6619236,-0.08844332,1.60645,-0.78840685,-0.0076090004,-0.013692986,0.014645969,0.99977005
73.75897408333367,1762753369.683144,-0.08825946,1.6066872,-0.7852,-0.0048309593,-0.011740907,0.014006138,0.9998213
73.78232812500028,1762753369.7064981,-0.08804322,1.6065421,-0.78156334,-0.0017541688,-0.010178379,0.013392039,0.99985695
73.79974754166687,1762753369.7239175,-0.08789985,1.6062058,-0.7787842,0.00012977437,-0.00933737,0.012989683,0.999872
73.8272714583336,1762753369.7514415,-0.087741435,1.6053743,-0.7742676,0.0020495718,-0.008454734,0.012185053,0.99988794
73.84464316666617,1762753369.7688131,-0.08769264,1.6047165,-0.7713051,0.002054418,-0.008232335,0.01162137,0.99989647
73.8620575833329,1762753369.7862277,-0.08766433,1.6040895,-0.7682008,0.00093251554,-0.008371906,0.011170765,0.9999021
73.87943458333302,1762753369.8036046,-0.08765099,1.6035761,-0.76500916,-0.00054242683,-0.008932706,0.01078318,0.9999018
73.89687666666669,1762753369.8210466,-0.0876589,1.6031991,-0.76176816,-0.0022134592,-0.009918697,0.010367605,0.9998946
73.92976854166682,1762753369.8539386,-0.08773489,1.6029986,-0.7556494,-0.0046634083,-0.012678285,0.009689369,0.9998618
73.94721233333348,1762753369.8713822,-0.08781451,1.6031771,-0.7524191,-0.004957322,-0.014415698,0.009365628,0.99983996
73.96465516666649,1762753369.8888252,-0.08792581,1.6034349,-0.74918216,-0.004762981,-0.01619218,0.0090449015,0.99981666
73.9959113750001,1762753369.9200814,-0.08815568,1.6038955,-0.74358594,-0.0032888432,-0.01928345,0.008246671,0.99977463
74.02444987499985,1762753369.9486198,-0.088449925,1.6041207,-0.7386093,-0.0008483052,-0.02199683,0.006857033,0.99973416
74.04216274999999,1762753369.9663327,-0.08866911,1.6041057,-0.73560464,0.000874264,-0.023756621,0.0056818104,0.99970126
74.06162891666645,1762753369.9857988,-0.088922314,1.6039125,-0.7323874,0.0023832603,-0.025893982,0.004223086,0.9996529
74.07905291666702,1762753370.003223,-0.089170285,1.6035283,-0.72957283,0.003047114,-0.028106084,0.0028022144,0.9995964
74.09690016666627,1762753370.0210702,-0.08944011,1.6029356,-0.72674525,0.002875177,-0.030684821,0.0013672357,0.99952406
74.12251974999981,1762753370.0466897,-0.08987577,1.6019192,-0.722769,0.0015183332,-0.034791727,-9.292931e-05,0.99939346
74.16363641666703,1762753370.0878065,-0.09088302,1.6004004,-0.7166395,-0.0011669529,-0.04172875,-0.0010808876,0.99912775
74.18952900000022,1762753370.113699,-0.091745354,1.5997684,-0.7129258,-0.002384276,-0.045980264,-0.001120872,0.99893886
74.20767908333346,1762753370.131849,-0.0924537,1.5994436,-0.7104152,-0.0029742722,-0.04875925,-0.001041182,0.9988056
74.23519099999976,1762753370.1593611,-0.09369873,1.5990294,-0.7067642,-0.0037604738,-0.05259293,-0.0010104063,0.99860847
74.25932383333293,1762753370.1834939,-0.09495331,1.5986902,-0.7037074,-0.0043310593,-0.055548083,-0.0011100128,0.99844605
74.33200849999957,1762753370.2561786,-0.09955609,1.5977188,-0.6955034,-0.0048346496,-0.062129032,-0.001924194,0.99805456
