t_mono,t_wall,x,y,z,qx,qy,qz,qw
0.25705312499997035,1762983256.8606613,-0.0062099695,1.6136317,0.025827706,-0.034663964,0.030930048,-0.011550526,0.99885345
0.2786493749999863,1762983256.8822575,-0.0067866445,1.6133962,0.028105438,-0.03571666,0.030831411,-0.010653451,0.9988294
0.2966990416666704,1762983256.9003072,-0.008152604,1.6131935,-0.07296291,-0.036244273,0.00069166825,-0.011075788,0.99928135
0.31733666666661975,1762983256.9209447,-0.00871209,1.6128538,-0.07109715,-0.037552584,0.0004850398,-0.01037992,0.99924064
0.3394524583333123,1762983256.9430606,-0.009236574,1.6124195,-0.069136515,-0.039107367,0.00025869027,-0.009628214,0.9991886
0.35661066666659735,1762983256.960219,-0.009636915,1.61212,-0.06760229,-0.039984748,0.000118944314,-0.009220928,0.9991577
0.3739397499999768,1762983256.977548,-0.010023594,1.6118251,-0.06605519,-0.040611364,-3.692978e-05,-0.009116145,0.9991334
0.3912298750000218,1762983256.994838,-0.01038574,1.6114936,-0.06449758,-0.04133354,-0.00019180497,-0.00918787,0.9991031
0.4084968749999689,1762983257.012105,-0.010701835,1.6111071,-0.06295107,-0.042357787,-0.00025460403,-0.009098648,0.99906105
0.42577816666664603,1762983257.0293863,-0.010957039,1.6106596,-0.061462644,-0.043592017,-0.00016506934,-0.008548716,0.9990128
0.44303791666663983,1762983257.046646,-0.011143327,1.6102188,-0.060075074,-0.044607464,2.0658541e-05,-0.007693406,0.998975
0.4602978749999238,1762983257.063906,-0.01126796,1.6098566,-0.058799893,-0.044967204,0.00017195988,-0.0070299697,0.9989637
0.4775500833333126,1762983257.0811582,-0.011340678,1.609558,-0.05764526,-0.04478078,0.00019135966,-0.0068556634,0.9989733
0.49483312500001375,1762983257.0984414,-0.011363149,1.6092594,-0.05660008,-0.04428371,-1.4068667e-05,-0.007186524,0.99899316
0.5121535416666347,1762983257.1157618,-0.011334277,1.6089002,-0.055674408,-0.04380851,-0.0004745651,-0.007843328,0.999009
0.5288694999999279,1762983257.1324775,-0.011260271,1.608464,-0.054881155,-0.04369745,-0.0011446292,-0.008538444,0.99900764
0.5462416249999933,1762983257.1498497,-0.011138916,1.6078894,-0.054116428,-0.044210285,-0.0020301659,-0.009083528,0.99897885
0.5635811666666086,1762983257.1671894,-0.010982037,1.6071768,-0.053410307,-0.04552618,-0.0030373698,-0.009242181,0.9989158
0.5808889166665949,1762983257.184497,-0.010810829,1.6063696,-0.052797157,-0.047449585,-0.004132562,-0.009112462,0.9988235
0.5981437916666437,1762983257.201752,-0.010652959,1.6055567,-0.052256525,-0.04958252,-0.0052747377,-0.008992964,0.99871564
0.6154074583332658,1762983257.2190156,-0.010553777,1.6047776,-0.051897585,-0.051605117,-0.0063698306,-0.008982905,0.99860686
0.6418684166666253,1762983257.2454765,-0.010508597,1.603652,-0.05157052,-0.054170363,-0.007669728,-0.008902534,0.9984626
0.6591546249999283,1762983257.2627628,-0.010507703,1.602963,-0.05131589,-0.05558491,-0.008051688,-0.008615401,0.99838436
0.6764772916666288,1762983257.2800853,-0.0105329035,1.6023153,-0.051058467,-0.05682214,-0.008021376,-0.008221027,0.99831825
0.6937344583333243,1762983257.2973425,-0.010588574,1.6017135,-0.05083468,-0.057818234,-0.007670301,-0.00794527,0.99826604
0.7411959999999453,1762983257.344804,-0.010847104,1.600271,-0.050579417,-0.059802763,-0.0058690263,-0.008163891,0.9981596
0.7585573750000094,1762983257.3621655,-0.010947096,1.599844,-0.05058871,-0.060530063,-0.00498655,-0.008202838,0.99812025
0.7758907499999168,1762983257.379499,-0.011046171,1.5994984,-0.050636053,-0.0612339,-0.004026603,-0.008162693,0.9980819
0.7931957499999953,1762983257.3968039,-0.011143041,1.5992433,-0.05073834,-0.06177806,-0.0030433594,-0.008277803,0.9980509
0.8096210833333544,1762983257.4132292,-0.011228847,1.5990922,-0.05089606,-0.062044974,-0.0021190296,-0.008501939,0.9980349
0.8271939999999631,1762983257.430802,-0.011308253,1.5990152,-0.051115185,-0.06217826,-0.0011954318,-0.008715636,0.99802625
0.8441736666666202,1762983257.4477818,-0.011366785,1.5989661,-0.05133629,-0.062395684,-0.00046179708,-0.008943076,0.99801135
0.8615854999999328,1762983257.4651937,-0.011400438,1.5988871,-0.051535193,-0.06297634,-4.5520334e-05,-0.009191354,0.9979727
0.8830306666666274,1762983257.4866388,-0.011395872,1.5987575,-0.051735476,-0.06404236,-3.661836e-05,-0.009454442,0.9979024
0.9003445416666409,1762983257.5039527,-0.011359513,1.5986516,-0.051872134,-0.06494612,-0.0003561153,-0.009478924,0.9978437
0.9178543333332527,1762983257.5214624,-0.011289895,1.5985432,-0.051995486,-0.06569516,-0.00084176945,-0.009273205,0.9977963
0.9438304583333093,1762983257.5474386,-0.011156023,1.5984087,-0.052162513,-0.06640513,-0.0016574397,-0.008766223,0.9977529
0.9611801666666224,1762983257.5647883,-0.011071659,1.5983474,-0.052259076,-0.06674703,-0.0021165097,-0.008446537,0.9977319
0.9786025416666462,1762983257.5822108,-0.010997093,1.5982919,-0.052344803,-0.06697553,-0.002495711,-0.008296559,0.997717
0.9960357916665998,1762983257.599644,-0.010925996,1.5982354,-0.05242048,-0.06716212,-0.0027969033,-0.008243617,0.9977041
1.0134848750000174,1762983257.617093,-0.0108552575,1.5981739,-0.052485257,-0.067354545,-0.0029424059,-0.008131548,0.99769163
1.0310727916665883,1762983257.634681,-0.010785795,1.5980985,-0.05252983,-0.067683496,-0.002905975,-0.008078282,0.9976699
1.0495275833333153,1762983257.6531358,-0.010715234,1.5980152,-0.05255882,-0.068075515,-0.0027438847,-0.008276036,0.9976421
1.0771160833332942,1762983257.6807241,-0.0106114745,1.5979002,-0.052608266,-0.0686282,-0.002366257,-0.008711957,0.99760145
1.0945063749999235,1762983257.6981144,-0.010532475,1.5978208,-0.052629236,-0.06903218,-0.002104989,-0.008962322,0.997572
1.1119262500000104,1762983257.7155344,-0.010443687,1.5977154,-0.052620858,-0.06951465,-0.0019483117,-0.009238056,0.99753624
1.1293474166666329,1762983257.7329555,-0.010342372,1.5975828,-0.052580137,-0.07011358,-0.0019532614,-0.009506304,0.9974918
1.1468818749999627,1762983257.75049,-0.010227359,1.5974579,-0.052517552,-0.07069466,-0.002043627,-0.009700832,0.99744874
1.164301083333271,1762983257.7679093,-0.010110617,1.5973747,-0.052436486,-0.07115183,-0.00217389,-0.009801682,0.99741495
1.1824636666666493,1762983257.7860718,-0.009995401,1.5973372,-0.0523324,-0.07150144,-0.0023275572,-0.009887786,0.9973888
1.2087432499999977,1762983257.8123515,-0.0098468065,1.5973871,-0.052150026,-0.07175133,-0.002488607,-0.00997474,0.9973696
1.2261524583333312,1762983257.8297606,-0.009766555,1.5974836,-0.052035157,-0.07164804,-0.0025511438,-0.009991416,0.9973767
1.2451793750000206,1762983257.8487875,-0.00969888,1.5976294,-0.05193596,-0.07136603,-0.0025616314,-0.0099821,0.99739695
1.263223749999952,1762983257.8668318,-0.009647715,1.597788,-0.051843848,-0.07102493,-0.0025331567,-0.0099681,0.99742156
1.2870263333333014,1762983257.8906345,-0.009609318,1.5979792,-0.051723856,-0.07060828,-0.002413908,-0.010053813,0.99745053
1.3091620000000148,1762983257.91277,-0.009604931,1.5981314,-0.051628828,-0.070296556,-0.0022344654,-0.010194862,0.9974715
1.3266026666666448,1762983257.9302108,-0.009615374,1.5982286,-0.051568437,-0.07015154,-0.0020631952,-0.010262914,0.9974814
1.3439447916666722,1762983257.947553,-0.009638369,1.5983007,-0.051512748,-0.070106,-0.001838607,-0.010280635,0.99748486
1.3615059583332823,1762983257.965114,-0.009682834,1.5983425,-0.051447734,-0.07019634,-0.0015642851,-0.010345005,0.99747837
1.3789784583333358,1762983257.9825866,-0.009747744,1.5983549,-0.05136992,-0.07041876,-0.0012513809,-0.010388829,0.99746263
1.3968313333333526,1762983258.0004394,-0.009828019,1.598353,-0.051282343,-0.07071912,-0.00085762376,-0.01037419,0.99744195
1.4142537499999435,1762983258.0178618,-0.00992465,1.5983477,-0.0511847,-0.07104379,-0.00041512848,-0.010379739,0.9974191
1.4542612083332642,1762983258.0578694,-0.010119307,1.5982543,-0.050876748,-0.071968146,0.00064893207,-0.010728408,0.9973491
1.4778284583333061,1762983258.0814366,-0.010254502,1.5980703,-0.050541967,-0.07284181,0.0013390849,-0.0107593015,0.9972846
1.4952692499999785,1762983258.0988774,-0.010372162,1.5978444,-0.05020076,-0.07367481,0.0019124635,-0.010670698,0.9972234
1.5126941666666198,1762983258.1163023,-0.010493553,1.5975648,-0.0497956,-0.07460586,0.0025839452,-0.010456747,0.99715495
1.530310458333247,1762983258.1339185,-0.01061368,1.5972457,-0.04932721,-0.07565381,0.003395141,-0.010021135,0.997078
1.5478121249999504,1762983258.1514204,-0.0107290745,1.5969076,-0.04880999,-0.076831006,0.0042969002,-0.009406497,0.9969905
1.5711505416666114,1762983258.1747587,-0.010877967,1.5964937,-0.04810117,-0.078385584,0.0054906695,-0.008693795,0.9968701
1.5885207499999296,1762983258.192129,-0.010984278,1.5962592,-0.047612015,-0.07914234,0.006237245,-0.008460765,0.99680793
1.6059973750000154,1762983258.2096055,-0.011086643,1.5961007,-0.047180206,-0.079438105,0.0068126214,-0.008458806,0.99678063
1.6236313333332646,1762983258.2272394,-0.011153698,1.5959947,-0.04681264,-0.07939737,0.007249619,-0.008436903,0.996781
1.6425782499999286,1762983258.2461865,-0.011176634,1.5958949,-0.046453442,-0.079304904,0.007657928,-0.008158614,0.9967876
1.6598861249999572,1762983258.2634943,-0.011173546,1.5958011,-0.046120882,-0.0793786,0.008028585,-0.0077535706,0.99678206
1.6772114583333178,1762983258.2808197,-0.011142707,1.5957259,-0.045786906,-0.079461105,0.008390816,-0.007258299,0.9967762
1.6947069583333132,1762983258.298315,-0.011076987,1.5956876,-0.045456365,-0.07951317,0.008705431,-0.0068801753,0.99677205
1.7120425416666194,1762983258.3156507,-0.010978675,1.5957011,-0.04514304,-0.07948031,0.008944969,-0.0066780597,0.99677396
1.729488999999944,1762983258.3330972,-0.010843813,1.5957601,-0.044846907,-0.07930633,0.009097851,-0.0066486797,0.9967866
1.7530458333333172,1762983258.356654,-0.010605216,1.595866,-0.044463724,-0.078945845,0.009159779,-0.0067968606,0.99681365
1.7717548333332616,1762983258.3753629,-0.010376453,1.595947,-0.044163212,-0.078611,0.009106638,-0.0069901776,0.9968393
1.7890824999999495,1762983258.3926907,-0.010140419,1.5960073,-0.04388863,-0.078325875,0.009015645,-0.007172454,0.9968612
1.8069201666666004,1762983258.4105282,-0.009888756,1.5960443,-0.043611716,-0.078111164,0.008887192,-0.0074295416,0.9968774
1.8242802916665823,1762983258.4278884,-0.009628117,1.5960536,-0.043369025,-0.07801276,0.008751427,-0.0077362913,0.9968839
1.8419264583333188,1762983258.4455347,-0.009348524,1.5960357,-0.04314885,-0.07806083,0.008610268,-0.008053568,0.99687886
1.8592542916666162,1762983258.4628625,-0.009071708,1.596005,-0.042943776,-0.07823563,0.00844704,-0.008345475,0.9968642
1.87661070833326,1762983258.480219,-0.008797861,1.5959613,-0.042750586,-0.078436464,0.008236546,-0.008613028,0.99684787
1.894072499999993,1762983258.4976807,-0.008525372,1.5959182,-0.042581365,-0.078631304,0.008019873,-0.008876205,0.996832
1.9114626250000128,1762983258.5150707,-0.008262813,1.5958993,-0.04244691,-0.07871206,0.007807335,-0.009044728,0.99682575
1.9289234999999962,1762983258.5325317,-0.00800705,1.5959263,-0.042366043,-0.078550704,0.0076458496,-0.009102793,0.9968392
1.9463700000000017,1762983258.549978,-0.0077674263,1.5960177,-0.042348187,-0.078063816,0.007487263,-0.009188306,0.9968779
1.9637030000000095,1762983258.567311,-0.0075469376,1.5961828,-0.042396266,-0.07722997,0.007220508,-0.009397729,0.9969429
1.9810097916666791,1762983258.5846179,-0.0073362463,1.5964155,-0.04249653,-0.07608247,0.0067707603,-0.00961642,0.99703217
1.9983816666666598,1762983258.6019897,-0.0071353316,1.596672,-0.04261166,-0.07501985,0.0061892327,-0.009738933,0.99711525
2.0180109583333206,1762983258.621619,-0.0069401623,1.596897,-0.042700652,-0.07433871,0.0054708906,-0.009699379,0.99717087
2.0411371249999775,1762983258.6447453,-0.0067678452,1.5970187,-0.042788032,-0.0742443,0.004817804,-0.0095422715,0.9971828
2.058463083333322,1762983258.6620712,-0.006688094,1.5970271,-0.04286358,-0.0743578,0.0046442943,-0.0093591055,0.9971769
2.075812874999997,1762983258.679421,-0.0066580772,1.5970047,-0.042947188,-0.074294634,0.0048389216,-0.009226323,0.9971819
2.093213583333295,1762983258.6968217,-0.006686306,1.5969856,-0.04305323,-0.07398072,0.0054306034,-0.009218198,0.9972023
2.1105808749999824,1762983258.714189,-0.00677222,1.5969453,-0.04315254,-0.07375031,0.006342733,-0.009441297,0.9972119
2.1280658333332667,1762983258.731674,-0.0068952204,1.5968114,-0.043211345,-0.07381765,0.007532549,-0.009678928,0.9971964
2.145530083333256,1762983258.749138,-0.007014096,1.5965407,-0.043214634,-0.07452112,0.008897131,-0.009693758,0.99713266
2.1630139999999756,1762983258.766622,-0.006812513,1.5961773,-0.043465048,-0.07576792,0.010395649,-0.009423836,0.99702674
2.1807919999999967,1762983258.7844002,-0.0066441656,1.5958326,-0.043666963,-0.07704616,0.011921742,-0.008988088,0.9969157
2.2052257083332734,1762983258.8088338,-0.0064356923,1.5954096,-0.04388082,-0.07867281,0.014019119,-0.008035267,0.9967695
2.222712999999999,1762983258.8263211,-0.0062523843,1.5951371,-0.04397929,-0.08016563,0.015494725,-0.007466948,0.9966332
2.239901208333322,1762983258.8435094,-0.006053865,1.594873,-0.044014722,-0.0819881,0.016754575,-0.007357185,0.9964653
2.257395666666639,1762983258.8610039,-0.0058651567,1.5945513,-0.04398997,-0.084160045,0.017776292,-0.0074904975,0.99626553
2.2748476250000067,1762983258.8784556,-0.0056883693,1.5941577,-0.043913916,-0.08657913,0.018541278,-0.0075882655,0.9960435
2.292963458333247,1762983258.8965716,-0.005532539,1.5937748,-0.04384235,-0.08901725,0.019115815,-0.007606567,0.9958176
2.3100405833332616,1762983258.9136486,-0.0054725767,1.5935651,-0.043809626,-0.09059445,0.019466609,-0.0076295994,0.99566835
2.3274947499999143,1762983258.931103,-0.0054831863,1.5934767,-0.04381122,-0.09149671,0.019653305,-0.007706912,0.99558157
2.3448900416666447,1762983258.9484982,-0.0055293203,1.5933974,-0.043816943,-0.09217662,0.01966838,-0.007814601,0.99551773
2.3623097500000085,1762983258.9659178,-0.00561024,1.593287,-0.043789748,-0.09298109,0.019576969,-0.0077255424,0.9954454
2.3792250833332673,1762983258.9828331,-0.0057220818,1.5931572,-0.043725673,-0.093919985,0.019482994,-0.0073574474,0.9953619
2.397171749999984,1762983259.0007799,-0.005873561,1.5929861,-0.043615,-0.09503972,0.019436272,-0.0067138975,0.9952611
2.414788291666582,1762983259.0183964,-0.006043732,1.5928217,-0.043475762,-0.0961086,0.019447533,-0.0059934105,0.9951628
2.43794749999995,1762983259.0415556,-0.00629735,1.5927002,-0.04330699,-0.097118385,0.019518701,-0.0052423496,0.9950676
2.4554930833332946,1762983259.059101,-0.0065044635,1.5926652,-0.043185737,-0.097501226,0.01958692,-0.004952438,0.99503034
2.472906333333299,1762983259.0765145,-0.0066999197,1.5926121,-0.043023363,-0.09779707,0.019736392,-0.0046029952,0.99499995
2.4907242083332903,1762983259.0943325,-0.0068781734,1.5924933,-0.04278146,-0.098270245,0.019956099,-0.004208417,0.9949508
2.508437041666639,1762983259.1120453,-0.007027209,1.592339,-0.04247591,-0.09897422,0.020187644,-0.003888547,0.99487764
2.5262880416665894,1762983259.1298962,-0.0071462393,1.5922124,-0.042144656,-0.09959532,0.020260692,-0.0038652625,0.9948142
2.5428267500000175,1762983259.1464348,-0.0072303414,1.5921532,-0.041849896,-0.0998968,0.02010109,-0.004192457,0.9947859
2.5605812083332466,1762983259.1641893,-0.007293237,1.5921263,-0.04153778,-0.099973954,0.019708222,-0.0045379475,0.9947845
2.586703833333331,1762983259.190312,-0.0073322654,1.5920762,-0.041031003,-0.10010892,0.01900096,-0.004357139,0.99478555
2.6082480000000032,1762983259.2118561,-0.007350385,1.5920075,-0.0405605,-0.10032408,0.01846637,-0.0038480016,0.994776
2.625661416666617,1762983259.2292695,-0.007354474,1.5919677,-0.040167842,-0.100413114,0.018052025,-0.0035186938,0.99477583
2.6478835833332823,1762983259.2514918,-0.007324981,1.5919701,-0.039682534,-0.100318365,0.017633606,-0.003178312,0.9947941
2.6762627083332973,1762983259.2798707,-0.0073029757,1.5920441,-0.039066035,-0.09982698,0.017410954,-0.002796914,0.99484855
2.6936557083332673,1762983259.2972639,-0.007299125,1.5920899,-0.03867455,-0.09948301,0.017447209,-0.002662072,0.9948827
2.7139459999999644,1762983259.3175542,-0.00729692,1.5921217,-0.038191617,-0.099217094,0.017567929,-0.0026255415,0.9949072
2.73141099999998,1762983259.335019,-0.007291496,1.5921476,-0.037772357,-0.09900811,0.017678691,-0.0027233427,0.99492586
2.749554499999931,1762983259.3531625,-0.0072775246,1.592201,-0.037347335,-0.09862628,0.017736385,-0.0028735888,0.99496233
2.7746899583332834,1762983259.378298,-0.007236051,1.5922952,-0.036756184,-0.098054,0.017631713,-0.0030284845,0.99502033
2.792233791666604,1762983259.3958418,-0.007190334,1.5923666,-0.036342364,-0.09764679,0.017498005,-0.0029616684,0.9950629
2.809932833333278,1762983259.413541,-0.0071241856,1.5924826,-0.03594321,-0.09714443,0.017449873,-0.0026955062,0.9951137
2.8275653333332684,1762983259.4311736,-0.0070391893,1.5926105,-0.035543248,-0.09664919,0.017526887,-0.0023727377,0.99516135
2.844187541666656,1762983259.4477956,-0.006945789,1.5926971,-0.03512095,-0.096553646,0.017766034,-0.0021854297,0.99516684
2.862073708333355,1762983259.4656818,-0.0068438053,1.5927567,-0.034614116,-0.09668368,0.018221162,-0.0021987422,0.9951459
2.8820027499999696,1762983259.485611,-0.006750381,1.5929002,-0.034085456,-0.096414976,0.018651193,-0.0029672717,0.99516207
2.916224541666679,1762983259.5198326,-0.0064032674,1.5932652,-0.033581093,-0.09426666,0.018164864,-0.005776636,0.9953645
2.93997724999997,1762983259.5435853,-0.0062369704,1.5934601,-0.033090547,-0.09346842,0.017442277,-0.0061573433,0.99545044
2.9574820416665943,1762983259.5610902,-0.0061077476,1.5934935,-0.032700986,-0.09367702,0.016951442,-0.0058128675,0.9954414
2.974204041666667,1762983259.5778122,-0.0060040355,1.5935417,-0.03238429,-0.093792364,0.016411936,-0.0056539103,0.9954405
2.9927183749999813,1762983259.5963266,-0.0059029222,1.5937016,-0.032161642,-0.09337278,0.01580941,-0.0057038777,0.99548936
3.0103903333332482,1762983259.6139984,-0.005827427,1.5938903,-0.032032713,-0.092751734,0.015353343,-0.005892132,0.99555343
3.0280425416666503,1762983259.6316507,-0.00579319,1.5940174,-0.03192914,-0.092417836,0.015093567,-0.006199658,0.99558663
3.0450414166666633,1762983259.6486495,-0.005788207,1.5940344,-0.031813458,-0.09259887,0.014969549,-0.0065476648,0.99556947
3.0624835833333464,1762983259.6660917,-0.0057807565,1.5939648,-0.03165105,-0.09325095,0.014935578,-0.0068205865,0.99550724
3.081163124999989,1762983259.6847713,-0.0057580234,1.5938716,-0.03144333,-0.09408282,0.01497027,-0.0069337273,0.99542767
3.109509458333264,1762983259.7131176,-0.0057066083,1.5938423,-0.03111723,-0.09477421,0.01513845,-0.007220708,0.9953575
3.126928208333311,1762983259.7305362,-0.0056683184,1.593901,-0.030927854,-0.09466035,0.015254424,-0.007537608,0.9953642
3.1441460833333394,1762983259.747754,-0.005623507,1.5939828,-0.03074404,-0.09424044,0.015352323,-0.007938915,0.9953994
3.1618464583333434,1762983259.7654545,-0.0055799014,1.5940598,-0.030545061,-0.0937922,0.01539445,-0.008397477,0.9954373
3.1791897499999777,1762983259.7827978,-0.0055394643,1.5940926,-0.030323515,-0.09352418,0.015329963,-0.008809308,0.99546003
3.1966880416666754,1762983259.800296,-0.005504823,1.5941029,-0.03009914,-0.09343721,0.0152438,-0.0090161525,0.99546766
3.213433708333355,1762983259.8170419,-0.0054866076,1.5941217,-0.029912591,-0.093264244,0.015096333,-0.009144824,0.9954849
3.2309159583332985,1762983259.8345242,-0.0054852837,1.594157,-0.029767672,-0.092978105,0.014865958,-0.009226974,0.9955144
3.247672666666631,1762983259.8512807,-0.005494356,1.5941703,-0.029668748,-0.09277738,0.014607403,-0.009227104,0.995537
3.2747720416666652,1762983259.87838,-0.00555954,1.5941337,-0.029555531,-0.09270834,0.014203271,-0.009152899,0.9955499
3.2928775833332793,1762983259.8964858,-0.0056418777,1.594098,-0.029523507,-0.09269159,0.013924362,-0.009090644,0.995556
3.3106524999999465,1762983259.9142606,-0.005749034,1.594055,-0.029503787,-0.09281013,0.01363582,-0.00906067,0.9955492
3.3280941666666877,1762983259.9317024,-0.0058783763,1.5939956,-0.029487753,-0.09300278,0.013352188,-0.009075624,0.99553496
3.3454477499999484,1762983259.949056,-0.0060289265,1.5939382,-0.029477837,-0.09317044,0.013124453,-0.009030393,0.99552274
3.362797416666581,1762983259.9664056,-0.006200254,1.5938926,-0.029468209,-0.09331918,0.012998967,-0.008888726,0.9955117
3.3794774166666457,1762983259.9830856,-0.0063862205,1.5938566,-0.02944471,-0.09353198,0.012969804,-0.008681961,0.99549395
3.3969664999999623,1762983260.0005746,-0.0065984726,1.5938218,-0.029395416,-0.093735225,0.0130322315,-0.008403324,0.99547637
3.417121916666588,1762983260.02073,-0.0068609715,1.5938106,-0.029316738,-0.09384786,0.013214244,-0.008023529,0.99546653
3.4414574166665943,1762983260.0450656,-0.0072026253,1.5939052,-0.02924341,-0.093583226,0.013631364,-0.007603267,0.9954891
3.4589044166666554,1762983260.0625126,-0.0074543357,1.5940537,-0.029212132,-0.093123466,0.014031341,-0.007369207,0.99552846
3.4755753333332677,1762983260.0791836,-0.0076887966,1.5942205,-0.029170262,-0.09259705,0.014456915,-0.0070585986,0.9955737
3.493263541666579,1762983260.0968716,-0.007919419,1.59439,-0.029095003,-0.092063405,0.014961635,-0.0066036456,0.9956189
3.510747625000022,1762983260.1143558,-0.008130312,1.594544,-0.028984144,-0.09164111,0.0154217435,-0.00626066,0.995653
3.527399541666682,1762983260.1310077,-0.0083146095,1.5946823,-0.02884601,-0.09125894,0.015722407,-0.006113484,0.9956843
3.5441794999999274,1762983260.1477876,-0.008469415,1.594809,-0.028674072,-0.090877526,0.015871951,-0.005940464,0.9957178
3.5623147499999277,1762983260.1659229,-0.008607984,1.5949297,-0.028450325,-0.090494685,0.015872844,-0.0055992776,0.9957547
3.5795697500000188,1762983260.183178,-0.008732355,1.5950546,-0.028230356,-0.09008302,0.015731383,-0.0054521235,0.9957951
3.5969478333332745,1762983260.200556,-0.008863449,1.5952075,-0.028025374,-0.089392945,0.0154018365,-0.0055084378,0.9958621
3.6151451249999127,1762983260.2187533,-0.009002185,1.5953758,-0.027813153,-0.08859709,0.015004494,-0.005494027,0.9959394
3.634250166666675,1762983260.2378583,-0.0091712475,1.5954938,-0.027546406,-0.08804936,0.014693462,-0.005262408,0.9959938
3.6519670000000133,1762983260.2555752,-0.009357512,1.595521,-0.0272526,-0.087772734,0.014528348,-0.0050132563,0.996022
3.677617208333345,1762983260.2812254,-0.009645522,1.5955327,-0.026830524,-0.08747603,0.014555322,-0.0045946375,0.99604964
3.6950982916666817,1762983260.2987065,-0.009863615,1.5955658,-0.02658999,-0.087152325,0.014687843,-0.004451372,0.99607676
3.712570874999983,1762983260.316179,-0.010105086,1.5956095,-0.026401525,-0.08680632,0.014880846,-0.0044629695,0.99610406
3.7305513750000046,1762983260.3341596,-0.010372198,1.5956478,-0.026263135,-0.086541496,0.015079817,-0.0045770817,0.9961236
3.7479849583332907,1762983260.351593,-0.010650277,1.5956862,-0.026194885,-0.08631086,0.015217217,-0.004754282,0.99614066
3.7654578749999246,1762983260.369066,-0.010944081,1.5957329,-0.026193952,-0.086014986,0.015317871,-0.0049239667,0.9961639
3.7845366666666678,1762983260.3881447,-0.011278964,1.5957963,-0.026259141,-0.08565623,0.015474569,-0.004816969,0.99619293
3.813791833333312,1762983260.4174,-0.011807072,1.5958245,-0.026413942,-0.08546469,0.01600106,-0.0038749513,0.99620515
3.8312359166666283,1762983260.434844,-0.012133479,1.595761,-0.026511475,-0.08581,0.016474174,-0.003343933,0.9961697
3.848681749999969,1762983260.4522898,-0.012465596,1.5956476,-0.026617557,-0.086369574,0.016997501,-0.0030913802,0.99611336
3.8764669166666863,1762983260.4800751,-0.012992061,1.5954587,-0.026828246,-0.08718676,0.017873757,-0.0028717474,0.99602747
3.8938859583332714,1762983260.497494,-0.013310909,1.59537,-0.0269939,-0.08749652,0.018439008,-0.0027386076,0.9959904
3.9145624166666266,1762983260.5181706,-0.013671577,1.5952634,-0.02720207,-0.08785134,0.019039689,-0.0025867214,0.99594826
3.941954041666577,1762983260.5455623,-0.01411233,1.595077,-0.027461814,-0.08851224,0.0196692,-0.0023587213,0.99587804
3.9600194999999303,1762983260.5636277,-0.014385223,1.5949514,-0.027613252,-0.08893322,0.020042581,-0.0021221503,0.99583364
3.977124833333278,1762983260.580733,-0.014642072,1.5948544,-0.027749127,-0.089188874,0.020343862,-0.0019358395,0.995805
3.9944477499999493,1762983260.5980558,-0.014892292,1.5947739,-0.027875489,-0.08935568,0.02061882,-0.001809039,0.9957847
4.012482166666587,1762983260.6160903,-0.0151385665,1.5946918,-0.027986214,-0.08958396,0.020940937,-0.0015467223,0.99575794
4.040567249999981,1762983260.6441753,-0.015462709,1.5945675,-0.02812188,-0.089979924,0.021484993,-0.0011312,0.99571115
4.057510958333296,1762983260.661119,-0.01563418,1.5945041,-0.028209984,-0.09009238,0.021695836,-0.001113797,0.9956965
4.079907124999977,1762983260.6835153,-0.015833115,1.5944347,-0.028340997,-0.09025143,0.021843616,-0.0010735847,0.99567884
4.097047624999959,1762983260.7006557,-0.015963852,1.5943773,-0.028437003,-0.09045589,0.021923687,-0.0009038036,0.9956587
4.114568208333253,1762983260.7181764,-0.016081154,1.5943108,-0.028524503,-0.09068861,0.021974403,-0.0006969117,0.9956366
4.132242958333336,1762983260.735851,-0.01618657,1.5942471,-0.028606178,-0.09092266,0.021937931,-0.0006389211,0.9956161
4.149680583333293,1762983260.7532887,-0.016277982,1.5942011,-0.028684324,-0.09112822,0.021811018,-0.0007159357,0.99560004
4.18141716666662,1762983260.7850254,-0.016408622,1.5941712,-0.028832555,-0.09123742,0.021630047,-0.00071037747,0.99559397
4.209683666666592,1762983260.8132918,-0.01650697,1.5942183,-0.028967425,-0.09124149,0.021548087,-0.0007667626,0.99559534
4.2269975833332865,1762983260.8306057,-0.01656927,1.5943028,-0.029050281,-0.0912299,0.021395104,-0.0010532581,0.99559945
4.246957374999965,1762983260.8505654,-0.016627312,1.5944252,-0.029121697,-0.09124752,0.021103315,-0.0012580471,0.9956038
4.275944458333356,1762983260.8795526,-0.01668191,1.594583,-0.029143482,-0.091353916,0.020456443,-0.0013051227,0.9956075
4.293641791666687,1762983260.89725,-0.016704619,1.5946574,-0.029088512,-0.09153516,0.019957086,-0.001373732,0.99560094
4.310782291666669,1762983260.9143903,-0.016714321,1.5947341,-0.028994182,-0.09180074,0.019481573,-0.0013296807,0.995586
4.328361125000015,1762983260.9319692,-0.016729772,1.5948485,-0.028880268,-0.09187379,0.018958658,-0.0013436723,0.99558926
4.345819749999919,1762983260.9494278,-0.016753495,1.5949996,-0.028776303,-0.09160567,0.018318122,-0.0016243518,0.9956255
4.363549083333282,1762983260.9671571,-0.01676569,1.595152,-0.028658407,-0.09129931,0.017513022,-0.0018346339,0.9956678
4.381074833333287,1762983260.984683,-0.016757011,1.5952511,-0.028493345,-0.09136517,0.016616859,-0.0018032533,0.9956772
4.398413166666614,1762983261.0020213,-0.016740382,1.5952662,-0.028285071,-0.09183324,0.015728801,-0.001712007,0.9956487
4.415785791666622,1762983261.019394,-0.016715288,1.5952352,-0.028079107,-0.092448056,0.01500742,-0.0014010465,0.9956034
4.433032416666606,1762983261.0366406,-0.016682863,1.5951991,-0.027920663,-0.09307687,0.014541382,-0.0008664298,0.99555236
4.450469999999996,1762983261.054078,-0.016650915,1.5951966,-0.027835354,-0.09372493,0.014429788,-0.00027063364,0.99549353
4.475759749999952,1762983261.0793679,-0.016612267,1.595299,-0.027871283,-0.094182335,0.0147515265,0.0004248514,0.99544555
4.493574125000009,1762983261.0971823,-0.016580284,1.5954249,-0.028016448,-0.0941251,0.015113202,0.0005903966,0.9954455
4.511009541666681,1762983261.1146176,-0.016548991,1.5955402,-0.028218478,-0.093989775,0.015476258,0.00036649007,0.9954528
4.528431374999968,1762983261.1320395,-0.016504645,1.5956056,-0.028444216,-0.09410927,0.015805433,-8.752998e-05,0.9954364
4.54578212499996,1762983261.1493902,-0.016443491,1.5956151,-0.028686851,-0.094539165,0.016014582,-0.00054951425,0.99539214
4.563262166666618,1762983261.1668704,-0.016366875,1.5955951,-0.028968962,-0.09495669,0.01606495,-0.0009920024,0.9953513
4.58036525,1762983261.1839733,-0.016278863,1.5955641,-0.029301226,-0.09518504,0.015917264,-0.001411226,0.99533135
4.597709083333257,1762983261.2013173,-0.016177118,1.5955014,-0.02967465,-0.09539241,0.015562896,-0.0017157617,0.9953166
4.615280958333301,1762983261.218889,-0.016068233,1.5954081,-0.030072352,-0.09574768,0.015086165,-0.0017914124,0.9952897
4.639806916666657,1762983261.243415,-0.015927805,1.5952195,-0.030647641,-0.09642457,0.014432003,-0.0016372945,0.99523425
4.657375416666582,1762983261.2609835,-0.015862333,1.5950232,-0.03104123,-0.09723833,0.014080643,-0.0015707612,0.9951603
4.6741749166666295,1762983261.2777832,-0.0158445,1.59479,-0.031393085,-0.098212555,0.013894264,-0.0016489851,0.99506706
4.6930031666665855,1762983261.2966113,-0.015873492,1.5945134,-0.031766847,-0.0993438,0.013887202,-0.0017620032,0.9949547
4.710429291666628,1762983261.3140373,-0.015936911,1.594281,-0.032103956,-0.100271136,0.01410186,-0.0018790625,0.99485844
4.727992874999927,1762983261.331601,-0.016040623,1.5940866,-0.032415897,-0.10094027,0.014470465,-0.0020026513,0.99478525
4.745425958333271,1762983261.349034,-0.016166627,1.5939269,-0.03268236,-0.10142663,0.014945984,-0.001971597,0.9947288
4.76182608333329,1762983261.3654342,-0.016282951,1.5938028,-0.032897387,-0.10181253,0.015393695,-0.0017934983,0.9946829
4.782531166666672,1762983261.3861394,-0.016425086,1.5937047,-0.033131797,-0.102136984,0.015840707,-0.0016905377,0.99464273
4.809086458333354,1762983261.4126947,-0.016599655,1.5936629,-0.033384845,-0.10223985,0.016087238,-0.0019264364,0.99462783
4.826690624999969,1762983261.4302988,-0.016700923,1.593665,-0.03352718,-0.10218869,0.016090594,-0.0020411708,0.9946328
4.844073750000007,1762983261.447682,-0.016789258,1.5936794,-0.0336594,-0.10204506,0.016019214,-0.002007316,0.9946488
4.861568999999918,1762983261.465177,-0.016872406,1.5937021,-0.0337936,-0.101820305,0.015900953,-0.0018790028,0.99467397
4.8794273749999775,1762983261.4830356,-0.016967595,1.5937139,-0.033923194,-0.10157222,0.01572135,-0.0018824149,0.99470216
4.896941083333331,1762983261.5005493,-0.017079698,1.5937032,-0.034037318,-0.10138765,0.015557242,-0.0019156389,0.9947235
4.915429833333292,1762983261.519038,-0.01721549,1.5936716,-0.03414771,-0.10127658,0.015490772,-0.0018502309,0.994736
4.94017304166664,1762983261.5437813,-0.01743728,1.5935926,-0.03428933,-0.10127241,0.015465906,-0.0016323557,0.9947372
4.957545333333314,1762983261.5611534,-0.01760981,1.5935017,-0.034375254,-0.10138461,0.015447582,-0.0014192578,0.99472636
4.974960458333271,1762983261.5785687,-0.017789291,1.5933961,-0.0344457,-0.10158511,0.01543432,-0.0012461647,0.99470633
4.992872499999976,1762983261.5964806,-0.017981172,1.5932915,-0.034508437,-0.10172576,0.015462343,-0.000978565,0.99469185
5.0112151249999215,1762983261.6148233,-0.018185914,1.5931917,-0.03456147,-0.101803765,0.01553924,-0.0006395411,0.9946829
5.028594791666592,1762983261.6322029,-0.018380439,1.5931119,-0.034603793,-0.10183339,0.01565693,-0.00030883148,0.9946782
5.0472286250000025,1762983261.6508367,-0.018588245,1.5930573,-0.034658447,-0.10174225,0.015786475,-1.7223912e-05,0.99468553
5.064622374999999,1762983261.6682305,-0.018779015,1.5930338,-0.034730498,-0.101479314,0.015874151,0.00013038178,0.994711
5.082009458333346,1762983261.6856177,-0.01896602,1.5930337,-0.034829333,-0.101184756,0.015895681,0.00017627073,0.99474066
5.110433499999999,1762983261.7140417,-0.019262731,1.5930518,-0.0350177,-0.100950226,0.015783332,8.742931e-05,0.9947663
5.127848541666594,1762983261.7314568,-0.019434607,1.5930616,-0.03511705,-0.101057604,0.01583624,0.00027263127,0.9947545
5.145336374999943,1762983261.7489445,-0.019608676,1.5930645,-0.035192683,-0.101227015,0.016157957,0.0006783775,0.9947319
5.16271699999993,1762983261.7663252,-0.019796325,1.5930583,-0.035254303,-0.10140954,0.016600998,0.00083982386,0.99470586
5.181144374999917,1762983261.7847526,-0.019989789,1.5930692,-0.03532408,-0.10149392,0.01693904,0.0006957899,0.9946917
5.213501083333313,1762983261.817109,-0.02023338,1.5931712,-0.03550067,-0.1011273,0.017059905,0.00068741885,0.994727
5.231051374999993,1762983261.8346596,-0.020318126,1.5932305,-0.03560329,-0.1009014,0.016983602,0.0010035307,0.994751
5.248650874999953,1762983261.852259,-0.020372914,1.5932752,-0.035701435,-0.10076379,0.01682844,0.0014202022,0.994767
5.266042374999984,1762983261.8696506,-0.020399285,1.5932925,-0.035792533,-0.100708015,0.016657796,0.001875354,0.99477476
5.283092833333285,1762983261.8867009,-0.020414816,1.5932742,-0.035876554,-0.100701004,0.01653184,0.0021836716,0.99477696
5.310207791666585,1762983261.913816,-0.020435942,1.5932161,-0.036014725,-0.10078965,0.016463725,0.0021060125,0.9947692
5.327671124999938,1762983261.9312792,-0.020420646,1.5931612,-0.03609762,-0.100975566,0.016459752,0.0020102023,0.9947507
5.355253208333352,1762983261.9588614,-0.02035092,1.5930125,-0.03618559,-0.10154172,0.016291039,0.0015393888,0.99469674
5.373506041666587,1762983261.9771142,-0.020287156,1.592886,-0.03621885,-0.101910956,0.016001876,0.00096147886,0.9946644
5.392793999999981,1762983261.996402,-0.020206666,1.5927624,-0.036242712,-0.10213744,0.01565323,0.00062880304,0.99464697
5.4099372499999845,1762983262.0135453,-0.020143377,1.5926726,-0.036253434,-0.10223537,0.015405447,0.0004673579,0.9946408
5.427418208333279,1762983262.0310264,-0.02010368,1.5925931,-0.036253434,-0.10233943,0.015191402,0.00017692981,0.9946335
5.4440843749999885,1762983262.0476925,-0.020093238,1.5925175,-0.036241684,-0.102481596,0.014998881,-0.00018782228,0.99462175
5.461098624999977,1762983262.0647068,-0.020108163,1.5924549,-0.03622751,-0.10256922,0.014899141,-0.00040022391,0.99461424
5.478509625000015,1762983262.0821178,-0.020151138,1.5924265,-0.036232933,-0.10249029,0.01502034,-0.0002886447,0.99462056
5.496010874999911,1762983262.099619,-0.02022767,1.5924345,-0.036268502,-0.10218688,0.015440668,5.8661823e-05,0.99464536
5.514895458333285,1762983262.1185036,-0.02034396,1.5924543,-0.036324754,-0.101843536,0.016118182,0.00042345954,0.99466974
5.54865749999999,1762983262.1522655,-0.020542575,1.5925046,-0.036518637,-0.10143152,0.017598284,0.00068689213,0.9946866
5.5782904166666185,1762983262.1818986,-0.020647334,1.5925596,-0.036787298,-0.10116872,0.0188745,0.000759668,0.99468994
5.595736708333334,1762983262.1993449,-0.02065152,1.5925906,-0.0369799,-0.101041414,0.019460928,0.0008634527,0.9946915
5.613598458333286,1762983262.2172065,-0.020598507,1.592612,-0.037199397,-0.10097725,0.01989141,0.0009941609,0.99468935
5.631086374999995,1762983262.2346945,-0.020500183,1.592614,-0.037424713,-0.10103786,0.020072808,0.0010127227,0.9946796
5.6536994166666545,1762983262.2573075,-0.02033255,1.5925806,-0.037733693,-0.10134685,0.020018632,0.0005550171,0.9946496
5.681035666666617,1762983262.284644,-0.020108461,1.5925051,-0.038149357,-0.101749554,0.019709168,-0.0002691899,0.9946148
5.700170958333274,1762983262.3037791,-0.019958055,1.5924339,-0.038460676,-0.10214361,0.019574532,-0.0006002346,0.9945769
5.717615083333271,1762983262.3212233,-0.01984042,1.5923593,-0.03875558,-0.10248459,0.019597432,-0.0007593562,0.9945412
5.747419291666688,1762983262.3510275,-0.01969806,1.5922168,-0.039250318,-0.10305503,0.020064838,-0.0010004342,0.99447274
5.764797499999986,1762983262.3684056,-0.019646645,1.5921037,-0.039488062,-0.10358265,0.020534748,-0.001270916,0.994408
5.78239491666659,1762983262.386003,-0.019606268,1.591968,-0.039682094,-0.10422217,0.0210477,-0.0016498,0.9943299
5.808932041666594,1762983262.4125402,-0.019526647,1.5917807,-0.039926182,-0.10510948,0.02166551,-0.0022005087,0.9942222
5.826538625000012,1762983262.4301467,-0.01944822,1.5917007,-0.040073022,-0.105553634,0.021876277,-0.0024205404,0.99417
5.845940083333289,1762983262.4495482,-0.019335628,1.5916646,-0.040240765,-0.10578987,0.02188685,-0.0025082156,0.99414444
5.863295999999991,1762983262.4669042,-0.019227684,1.5916717,-0.04041238,-0.10575136,0.02167463,-0.0026500893,0.9941528
5.880661291666684,1762983262.4842694,-0.019125892,1.591695,-0.040599037,-0.10558638,0.021236746,-0.0029570796,0.9941789
5.911993833333327,1762983262.5156019,-0.018968284,1.5916765,-0.040908113,-0.10543361,0.020128764,-0.0032918798,0.99421716
5.940447083333311,1762983262.5440552,-0.018894708,1.5915517,-0.04108729,-0.1060077,0.019290512,-0.0031482151,0.99417317
5.957814458333246,1762983262.5614226,-0.018903269,1.5914687,-0.041153494,-0.10648589,0.018961394,-0.0030782789,0.99412864
5.977153416666624,1762983262.5807614,-0.018948985,1.5914221,-0.041222665,-0.10687665,0.018835844,-0.0029412752,0.9940895
5.995726375000004,1762983262.5993345,-0.01902455,1.5914367,-0.041310593,-0.10687122,0.018908566,-0.0027819807,0.9940892
6.012650874999963,1762983262.616259,-0.019113004,1.5914719,-0.041403472,-0.106672056,0.019007768,-0.00266233,0.994109
6.030138083333327,1762983262.6337461,-0.01919142,1.5915002,-0.041504804,-0.10647691,0.019103257,-0.002436932,0.9941287
6.047704500000009,1762983262.6513126,-0.019245744,1.5915211,-0.041614726,-0.10635609,0.019191444,-0.0020214368,0.9941408
6.065062583333315,1762983262.6686707,-0.019299805,1.5915242,-0.041731775,-0.10633707,0.019274676,-0.0015749107,0.99414206
6.086545916666637,1762983262.690154,-0.019370854,1.591489,-0.04187873,-0.106519036,0.019350037,-0.0011569951,0.99412173
6.108490166666684,1762983262.7120984,-0.019434584,1.5914142,-0.04201745,-0.106901325,0.01945503,-0.0008261332,0.99407893
6.1263541666666015,1762983262.7299623,-0.019476414,1.5913466,-0.04211898,-0.10730338,0.01961226,-0.0004798274,0.99403274
6.1439258333333555,1762983262.747534,-0.019504488,1.5912961,-0.042217597,-0.10770403,0.019823173,-0.00018351272,0.99398535
6.161279916666672,1762983262.764888,-0.019519031,1.5912656,-0.042316392,-0.10795158,0.020015595,-7.124217e-05,0.9939546
6.177858333333347,1762983262.7814665,-0.019520223,1.5912616,-0.042413205,-0.10806628,0.020133806,-0.00012000758,0.99393976
6.195256708333318,1762983262.7988648,-0.019504106,1.5912808,-0.042513642,-0.10809625,0.020169737,-0.0002215584,0.9939358
6.216699833333337,1762983262.820308,-0.019451356,1.5913038,-0.04261661,-0.10814731,0.020112194,-0.00022500835,0.9939314
6.24348191666661,1762983262.84709,-0.019363046,1.5912671,-0.042681783,-0.10832129,0.019869486,-0.00020996628,0.99391735
6.261122749999913,1762983262.8647308,-0.019298732,1.5911721,-0.042658925,-0.10861261,0.019586226,-0.0003217428,0.9938911
6.278840208333349,1762983262.8824484,-0.019249558,1.5910034,-0.0425691,-0.109134056,0.019242,-0.00057290954,0.9938406
6.296823666666683,1762983262.9004319,-0.019251049,1.5907639,-0.04241784,-0.10988604,0.018906837,-0.0011539834,0.9937637
6.3143978749999405,1762983262.918006,-0.01932168,1.5905112,-0.042241782,-0.11068169,0.018815752,-0.0017605016,0.99367625
6.344196874999966,1762983262.947805,-0.019590152,1.5902036,-0.04199255,-0.111328244,0.019706912,-0.0019878338,0.99358624
6.361590166666588,1762983262.9651983,-0.019818902,1.5901152,-0.041879177,-0.111341424,0.020758964,-0.001924811,0.99356353
6.3790118749999465,1762983262.98262,-0.020078396,1.5900474,-0.041767795,-0.11126776,0.022012869,-0.0018923887,0.9935448
6.396965333333355,1762983263.0005734,-0.020354914,1.5899773,-0.04166093,-0.11111183,0.023292396,-0.0019360211,0.993533
6.414894874999959,1762983263.018503,-0.02061367,1.589946,-0.04160796,-0.110798374,0.024376273,-0.0019073198,0.9935421
6.4436390833333235,1762983263.0472472,-0.020964146,1.5899863,-0.041705266,-0.109997265,0.02539753,-0.0014329551,0.9936063
6.4611304999999675,1762983263.0647388,-0.021126509,1.5899924,-0.041807204,-0.10984719,0.025728585,-0.00085457065,0.9936151
6.477963291666583,1762983263.0815713,-0.021262169,1.5899603,-0.04191549,-0.11005956,0.02600809,-0.0003690904,0.99358463
6.4954903749999175,1762983263.0990984,-0.021396732,1.5899522,-0.042084713,-0.11024369,0.026434552,8.910142e-05,0.993553
6.514432833333331,1762983263.118041,-0.021522773,1.5900139,-0.042352263,-0.11017896,0.02715039,0.0005866546,0.99354064
6.533719208333309,1762983263.1373274,-0.021603763,1.5900562,-0.04265292,-0.11019581,0.028076435,0.0011636629,0.9935126
6.552673999999911,1762983263.1562822,-0.021628082,1.5899799,-0.042898953,-0.1106721,0.02895403,0.0014966916,0.993434
6.582047333333321,1762983263.1856554,-0.021568418,1.5897413,-0.043197453,-0.11185742,0.029776994,0.0014984213,0.9932769
6.613403500000004,1762983263.2170117,-0.021297514,1.5895547,-0.043513134,-0.11250919,0.02979923,0.0020482123,0.9932016
6.630885499999977,1762983263.2344937,-0.021067917,1.5894413,-0.043634832,-0.11284017,0.029752392,0.0026910724,0.99316394
6.6485777499999585,1762983263.2521858,-0.02080928,1.589362,-0.043729197,-0.113177195,0.029669914,0.0030642098,0.993127
6.6776985000000195,1762983263.2813067,-0.020325422,1.5894241,-0.043950945,-0.11304304,0.02907746,0.0027074437,0.9931609
6.694365208333352,1762983263.2979734,-0.020003175,1.5895114,-0.04409637,-0.11273031,0.028497616,0.0023439326,0.99321413
6.714970874999949,1762983263.318579,-0.01957494,1.5895724,-0.04423161,-0.112644784,0.027592767,0.0019330692,0.99325025
6.745609833333333,1762983263.349218,-0.01893729,1.5895866,-0.044363916,-0.11313151,0.02584284,0.001007038,0.9932434
6.77492258333325,1762983263.3785307,-0.018399775,1.5895675,-0.044442445,-0.113739096,0.024283612,0.00029894972,0.99321383
6.793169833333309,1762983263.3967779,-0.018129706,1.5895492,-0.044460952,-0.114145294,0.023624768,0.00010482714,0.99318314
6.810800583333275,1762983263.4144087,-0.017918527,1.5895517,-0.044469506,-0.114418454,0.023188807,-9.429333e-05,0.993162
6.828250916666661,1762983263.431859,-0.017747462,1.5895776,-0.04448113,-0.11452986,0.022982826,-0.0002675269,0.99315387
6.849224708333281,1762983263.452833,-0.017589675,1.5896161,-0.044479635,-0.11461229,0.023107355,-0.00041299762,0.9931414
6.8857929999999214,1762983263.489401,-0.017450452,1.5896078,-0.04433216,-0.11475461,0.024008954,-0.0007586749,0.9931034
6.907325000000014,1762983263.5109332,-0.01739198,1.5895302,-0.0441301,-0.11492244,0.024683153,-0.00091144576,0.9930673
6.924167083333259,1762983263.5277753,-0.017338693,1.5894753,-0.043935075,-0.11501035,0.025103519,-0.0010168825,0.9930465
6.941143041666578,1762983263.5447512,-0.017264247,1.589472,-0.04374574,-0.11483942,0.025338065,-0.0011561676,0.9930602
6.958700791666615,1762983263.562309,-0.017162478,1.589511,-0.043548647,-0.11443217,0.025310382,-0.0012577797,0.99310786
6.9767793333332975,1762983263.5803874,-0.017032504,1.5895193,-0.043293208,-0.114084855,0.025026506,-0.0014100926,0.99315476
6.993632749999961,1762983263.597241,-0.016894257,1.5894737,-0.04298303,-0.11410828,0.024630506,-0.0014992699,0.9931618
7.010688583333263,1762983263.6142967,-0.016745722,1.5894188,-0.042632792,-0.114230484,0.02424835,-0.0014397367,0.99315727
7.028095208333298,1762983263.6317034,-0.016579688,1.589411,-0.042305782,-0.11404456,0.023917021,-0.0013028667,0.9931869
7.045621416666677,1762983263.6492295,-0.016397655,1.5894598,-0.04201895,-0.11353377,0.023674196,-0.0012222447,0.99325126
7.06370574999994,1762983263.6673138,-0.016213536,1.5895256,-0.041707233,-0.112931654,0.023495518,-0.0013165147,0.99332404
7.083819624999933,1762983263.6874278,-0.016007066,1.5895944,-0.041329086,-0.11235483,0.023440069,-0.0015567956,0.99339044
7.103213624999967,1762983263.7068217,-0.01578927,1.5897108,-0.040988326,-0.11162706,0.023519324,-0.0017907348,0.9934702
7.1206768333332775,1762983263.724285,-0.01555872,1.5898962,-0.040740788,-0.11065644,0.023575595,-0.0020038194,0.99357706
7.138276874999974,1762983263.741885,-0.015282023,1.5901378,-0.040541258,-0.10959921,0.023527384,-0.002347189,0.9936946
7.155625499999928,1762983263.7592337,-0.01496464,1.5903921,-0.040362477,-0.10864698,0.023269713,-0.0028182126,0.99380404
7.175522000000001,1762983263.7791302,-0.014541662,1.5907028,-0.04018097,-0.10765069,0.022675667,-0.0033669046,0.99392444
7.19295345833325,1762983263.7965615,-0.014136493,1.5909768,-0.040039062,-0.10669538,0.021873318,-0.003949701,0.9940433
7.210355583333353,1762983263.8139637,-0.013703144,1.5912393,-0.03990372,-0.10584009,0.02095766,-0.0043874606,0.9941526
7.227759708333338,1762983263.8313677,-0.013235092,1.5914708,-0.039776698,-0.10502487,0.020096801,-0.0044773924,0.99425644
7.24448341666664,1762983263.8480916,-0.012770104,1.5916852,-0.03966969,-0.10434984,0.019429594,-0.004483262,0.9943408
7.261173624999969,1762983263.8647819,-0.012329471,1.5919207,-0.039594833,-0.10358776,0.018836547,-0.004940584,0.99442965
7.27930487499998,1762983263.882913,-0.011822045,1.5922635,-0.039657414,-0.10238644,0.018170888,-0.0060008136,0.99456066
7.29674687499994,1762983263.900355,-0.011200345,1.5926737,-0.03994401,-0.100964524,0.01747438,-0.0070977276,0.9947112
7.314246083333273,1762983263.9178543,-0.010703838,1.5929924,-0.04006845,-0.09981598,0.016775364,-0.007977901,0.9948325
7.331631625,1762983263.9352398,-0.010307193,1.5931845,-0.040048122,-0.09907907,0.01604651,-0.008810579,0.9949112
7.348481375000006,1762983263.9520895,-0.009936869,1.5932977,-0.03998983,-0.098727986,0.015285282,-0.009563687,0.99495107
7.378582041666618,1762983263.9821901,-0.0092843175,1.5935102,-0.03991194,-0.09821445,0.014260279,-0.009820004,0.99501467
7.39677416666666,1762983264.0003822,-0.008907497,1.5937045,-0.03993036,-0.09757939,0.013925574,-0.0096598165,0.99508345
7.4157485416666304,1762983264.0193567,-0.008538187,1.5938776,-0.039974585,-0.09679375,0.0135607645,-0.009997259,0.9951619
7.445126500000015,1762983264.0487347,-0.00800246,1.5939956,-0.03999567,-0.09601788,0.012916066,-0.010948441,0.9952356
7.462082541666632,1762983264.0656908,-0.007703781,1.5939821,-0.03997025,-0.09594268,0.012595487,-0.011283582,0.9952432
7.479055416666597,1762983264.0826635,-0.0074086785,1.5939499,-0.039933562,-0.09593791,0.01223019,-0.011421684,0.99524665
7.496670124999923,1762983264.1002781,-0.0071045756,1.5939229,-0.039899096,-0.09591514,0.011736088,-0.011600105,0.9952527
7.5148786249999375,1762983264.1184866,-0.006798744,1.5939176,-0.039877623,-0.095772065,0.011137795,-0.011779217,0.99527127
7.543033416666617,1762983264.1466415,-0.0063656443,1.5939627,-0.039872926,-0.09543284,0.01028239,-0.01195713,0.99531096
7.560538374999965,1762983264.1641464,-0.006133616,1.5939977,-0.039873526,-0.09518873,0.009909152,-0.011999049,0.9953376
7.586018999999965,1762983264.1896272,-0.005858481,1.594028,-0.03987755,-0.09478854,0.009562741,-0.012168237,0.9953771
7.610109333333298,1762983264.2137175,-0.005665064,1.5940441,-0.03989671,-0.09443308,0.009387261,-0.012455506,0.995409
7.62758441666665,1762983264.2311926,-0.0055395723,1.5940585,-0.03993431,-0.09421309,0.009331099,-0.012516935,0.99542964
7.6450027083333225,1762983264.2486107,-0.0054175854,1.5940728,-0.03999196,-0.09406525,0.009245504,-0.0124621345,0.9954451
7.662366791666614,1762983264.265975,-0.005308556,1.5940803,-0.040061843,-0.09399445,0.009078847,-0.012400263,0.99545413
7.679771541666582,1762983264.2833796,-0.0052033425,1.5940803,-0.04014452,-0.09388623,0.008821201,-0.012346839,0.9954673
7.697213291666685,1762983264.3008213,-0.0051033027,1.5940827,-0.040240098,-0.093769,0.008552038,-0.012182035,0.9954827
7.714773499999978,1762983264.3183815,-0.0050147898,1.5940851,-0.040339146,-0.093702026,0.008304943,-0.011985661,0.99549353
7.73175512499995,1762983264.3353631,-0.0049456954,1.5940928,-0.0404398,-0.09365103,0.008063981,-0.011950819,0.9955007
7.750496708333344,1762983264.3541048,-0.00488925,1.5941284,-0.04056281,-0.093524754,0.0077617886,-0.011978435,0.99551463
7.775026166666635,1762983264.3786342,-0.004838228,1.5941683,-0.04071778,-0.09333674,0.0073427544,-0.0119066825,0.9955363
7.792836249999937,1762983264.3964443,-0.00482285,1.5941653,-0.040809497,-0.09328709,0.0071104304,-0.01169528,0.9955452
7.810689333333244,1762983264.4142976,-0.004822314,1.5941601,-0.040896416,-0.0932456,0.0069578527,-0.011389266,0.9955537
7.8281727500000216,1762983264.4317808,-0.004831314,1.5941745,-0.040987134,-0.093148224,0.006902002,-0.011097606,0.9955665
7.847843541666634,1762983264.4514518,-0.0048537254,1.5941925,-0.041076913,-0.0930068,0.0069930917,-0.010757879,0.9955828
7.865306833333307,1762983264.468915,-0.0048803687,1.5941863,-0.04113497,-0.09298393,0.0072209053,-0.010373451,0.9955874
7.887415458333294,1762983264.4910235,-0.004915452,1.5941994,-0.041219015,-0.09282164,0.0074601425,-0.010095537,0.9956036
7.908574083333292,1762983264.5121822,-0.004931701,1.5942823,-0.041339952,-0.092333026,0.0075013586,-0.0100377705,0.9956493
7.926141124999958,1762983264.5297492,-0.004920304,1.594342,-0.04142216,-0.09212762,0.007464617,-0.009912841,0.9956699
7.943026541666654,1762983264.5466347,-0.0048983223,1.5943546,-0.0414594,-0.09212919,0.007394974,-0.009683839,0.99567246
7.960631499999977,1762983264.5642397,-0.0048720366,1.5943326,-0.041476015,-0.09210703,0.00725834,-0.009572667,0.99567664
7.977820458333326,1762983264.5814285,-0.0048488975,1.5943019,-0.041477397,-0.092060596,0.0070350585,-0.009610505,0.9956822
7.9952074583333115,1762983264.5988157,-0.004834771,1.5942585,-0.041463345,-0.09212804,0.006853082,-0.00969164,0.9956764
8.012801624999952,1762983264.6164098,-0.004842043,1.5941982,-0.041437626,-0.09225713,0.0068061184,-0.009738262,0.99566436
8.029572791666624,1762983264.6331809,-0.00486356,1.5941237,-0.04141049,-0.09248378,0.0069096023,-0.009702227,0.99564296
8.047709916666577,1762983264.651318,-0.00489614,1.5940291,-0.041383985,-0.09298511,0.007205787,-0.009607814,0.9955951
8.07836312500001,1762983264.6819713,-0.0050120354,1.5939374,-0.041353434,-0.0936187,0.008056276,-0.009525236,0.99552995
8.09721295833333,1762983264.7008212,-0.0051074624,1.593964,-0.041388303,-0.093537696,0.008631813,-0.009571917,0.99553233
8.114732249999975,1762983264.7183404,-0.0051983357,1.5940304,-0.041453723,-0.09324837,0.009026783,-0.009638476,0.9955553
8.133778874999962,1762983264.737387,-0.0052831173,1.5941147,-0.041545182,-0.092893034,0.009272157,-0.009573584,0.99558693
8.151742583333316,1762983264.7553508,-0.0053477646,1.5941662,-0.041624833,-0.092751026,0.009379726,-0.009273754,0.99560195
8.178767416666687,1762983264.7823756,-0.005435407,1.594157,-0.041692853,-0.09312466,0.00945511,-0.008571603,0.9955727
8.196436833333337,1762983264.800045,-0.005492449,1.5941141,-0.041727036,-0.09345015,0.009571344,-0.008166304,0.99554443
8.214283541666646,1762983264.8178916,-0.0055514337,1.594094,-0.04178076,-0.09358709,0.009823143,-0.007878761,0.99553144
8.244035749999966,1762983264.8476439,-0.005648136,1.5941079,-0.041885003,-0.09362409,0.0105549265,-0.007770372,0.99552137
8.261263208333276,1762983264.8648713,-0.0056831003,1.5940882,-0.041933913,-0.09372285,0.011041933,-0.0077408673,0.995507
8.279901916666631,1762983264.88351,-0.0056873322,1.5940454,-0.041979868,-0.09388637,0.0114953155,-0.0077092377,0.99548674
8.296807875000013,1762983264.900416,-0.005662143,1.5940287,-0.04203926,-0.093940645,0.01174475,-0.007836248,0.9954776
8.314357624999957,1762983264.9179657,-0.0056106322,1.5940342,-0.04211257,-0.0939077,0.01175891,-0.008240312,0.9954774
8.344709041666647,1762983264.9483173,-0.0054667355,1.5940154,-0.042197336,-0.09413302,0.011262437,-0.008886152,0.9954563
8.362359874999925,1762983264.965968,-0.0053619617,1.5939966,-0.042225163,-0.09431235,0.010807286,-0.009017167,0.99544317
8.37970058333326,1762983264.9833088,-0.0052603483,1.5939949,-0.04225397,-0.09441355,0.01030124,-0.0090366565,0.99543875
8.396602666666581,1762983265.0002108,-0.0051709414,1.5939875,-0.042272776,-0.094529785,0.009802231,-0.009126516,0.99543196
8.416073624999967,1762983265.0196817,-0.00509423,1.5939779,-0.042265847,-0.094774984,0.0092484495,-0.009288746,0.9954124
8.448229125000012,1762983265.0518372,-0.005003786,1.594034,-0.042262617,-0.09493795,0.008647094,-0.009402606,0.99540126
8.465110624999966,1762983265.0687187,-0.0049693584,1.5941066,-0.042265967,-0.09484974,0.008465021,-0.009254519,0.9954125
8.481642083333327,1762983265.0852501,-0.004933238,1.5941539,-0.0422287,-0.09496125,0.0083633,-0.008974422,0.9954054
8.512160458333256,1762983265.1157687,-0.004834175,1.5942028,-0.042071834,-0.09541268,0.0079153385,-0.008698303,0.99536836
8.530749124999943,1762983265.1343572,-0.0047263503,1.594295,-0.04198134,-0.09529463,0.007223321,-0.008706492,0.9953848
8.548134541666627,1762983265.1517427,-0.004588353,1.5943893,-0.04187725,-0.09508424,0.0064057596,-0.008568731,0.99541175
8.567068583333253,1762983265.1706767,-0.0044350624,1.5944319,-0.04170081,-0.09512091,0.005426704,-0.008477909,0.99541485
8.584546083333294,1762983265.1881542,-0.0043115616,1.5943952,-0.041479945,-0.09541352,0.0044796276,-0.008624528,0.9953903
8.607462958333258,1762983265.211071,-0.0041633844,1.5942912,-0.04114476,-0.09592889,0.0032762901,-0.008699442,0.9953448
8.625453083333355,1762983265.2290611,-0.0040629394,1.5941862,-0.04085616,-0.096475154,0.0024416095,-0.008680435,0.9952945
8.643174458333306,1762983265.2467825,-0.00398612,1.5940948,-0.04058154,-0.09706163,0.0017144848,-0.008726068,0.99523866
8.660512833333314,1762983265.264121,-0.0039299256,1.5940793,-0.0403896,-0.09733335,0.0010791182,-0.008795458,0.9952124
8.677305083333295,1762983265.280913,-0.003891945,1.5941534,-0.040309206,-0.09718399,0.000582122,-0.008843768,0.9952269
8.694805458333349,1762983265.2984135,-0.0038829446,1.5942814,-0.04031454,-0.09684914,0.0002304694,-0.00894786,0.9952588
8.712214416666598,1762983265.3158226,-0.0039154887,1.5943991,-0.04037431,-0.09662953,5.8809306e-05,-0.009178738,0.99527806
8.731029666666586,1762983265.3346379,-0.0039956444,1.5944839,-0.040485647,-0.09660775,3.3378506e-05,-0.009427288,0.9952779
8.755760749999922,1762983265.3593688,-0.0041714907,1.5945773,-0.04072216,-0.09664294,0.00021090501,-0.00970215,0.9952718
8.783380291666617,1762983265.3869884,-0.0044719935,1.5946429,-0.041099984,-0.09662296,0.0006993362,-0.0099525675,0.995271
8.811060624999982,1762983265.4146688,-0.004860997,1.5946155,-0.041529894,-0.0969259,0.0012880887,-0.01006259,0.9952399
8.828550833333338,1762983265.432159,-0.00513196,1.5945498,-0.04179831,-0.09731559,0.0016536033,-0.00990249,0.9952029
8.845965708333324,1762983265.4495738,-0.0054092766,1.5944749,-0.042068515,-0.09768761,0.002098203,-0.009435931,0.9951701
8.863688291666676,1762983265.4672964,-0.0057095885,1.5944067,-0.042358488,-0.09798029,0.0026166418,-0.008802655,0.995146
8.880662625000014,1762983265.4842708,-0.0060209506,1.5943433,-0.042639162,-0.0982214,0.0031178289,-0.008400171,0.9951243
8.898033999999939,1762983265.5016422,-0.0063638813,1.5942686,-0.042910133,-0.0985381,0.003616888,-0.008129945,0.9950935
8.916869583333323,1762983265.5204778,-0.0067438483,1.5941815,-0.043186978,-0.09889821,0.004237252,-0.0077225463,0.99505854
8.94280491666666,1762983265.546413,-0.0072776675,1.5940473,-0.0435355,-0.09938767,0.0052474234,-0.0068765352,0.9950112
8.960146624999993,1762983265.5637548,-0.007634627,1.5939331,-0.04373614,-0.099790044,0.005969621,-0.0062533948,0.994971
8.977494833333253,1762983265.5811028,-0.007984389,1.5938257,-0.043921687,-0.10015762,0.0066798893,-0.0056714034,0.994933
8.99612183333329,1762983265.59973,-0.008345402,1.5937543,-0.04413498,-0.10036416,0.0074314717,-0.005139055,0.99490976
9.015953041666648,1762983265.6195612,-0.008707619,1.5937264,-0.044383947,-0.100280926,0.008164916,-0.0046961475,0.9949146
9.03267783333331,1762983265.636286,-0.00896827,1.5937155,-0.044597257,-0.10015889,0.00867674,-0.004428536,0.9949238
9.050194874999988,1762983265.653803,-0.009184635,1.5936941,-0.044805292,-0.10014439,0.009076571,-0.0041324925,0.99492294
9.07954504166662,1762983265.6831532,-0.009465922,1.5936532,-0.04513734,-0.10023048,0.009367584,-0.003837671,0.99491274
9.096984249999991,1762983265.7005923,-0.0095935585,1.5936601,-0.045357708,-0.100081,0.009275491,-0.003777032,0.9949289
9.114313874999993,1762983265.717922,-0.009689927,1.5936819,-0.045596585,-0.09987255,0.0091017205,-0.0036966554,0.9949517
9.140139041666657,1762983265.7437472,-0.009818733,1.5936968,-0.04596047,-0.09973062,0.008908522,-0.0034088257,0.9949688
9.15864529166663,1762983265.7622535,-0.009923912,1.593683,-0.046221543,-0.09974964,0.008839935,-0.0032967327,0.9949679
9.175969541666632,1762983265.7795777,-0.010044098,1.5936574,-0.046470255,-0.09979861,0.0088696005,-0.003347541,0.9949625
9.193804833333274,1762983265.7974129,-0.010204434,1.5936123,-0.046728313,-0.09982922,0.009015552,-0.0035766196,0.9949573
9.211404541666639,1762983265.8150127,-0.010398137,1.5935576,-0.046984386,-0.09991297,0.009270368,-0.0038819078,0.9949454
9.228067499999952,1762983265.8316755,-0.010598457,1.5935029,-0.047221694,-0.10006086,0.009546172,-0.004010923,0.99492747
9.24685620833327,1762983265.8504643,-0.010835337,1.5934408,-0.047473904,-0.1004793,0.009923666,-0.003897069,0.99488205
9.265155666666601,1762983265.8687637,-0.011089623,1.5933791,-0.047695115,-0.10105964,0.010312193,-0.0037687556,0.99481976
9.282069166666588,1762983265.8856773,-0.0113476515,1.5933223,-0.047880128,-0.10155677,0.010689308,-0.0037214947,0.99476534
9.306611083333337,1762983265.9102192,-0.011748767,1.5932723,-0.048146,-0.101913884,0.011258891,-0.0035883656,0.994723
9.324157791666607,1762983265.9277658,-0.012040961,1.5932798,-0.048340004,-0.101903506,0.011660655,-0.0033812346,0.9947202
9.341846625000017,1762983265.9454548,-0.012332678,1.5933013,-0.04852563,-0.10184171,0.012029762,-0.003037408,0.9947232
9.359294791666684,1762983265.962903,-0.012613177,1.5932919,-0.04867606,-0.101909734,0.0124032805,-0.002621711,0.99471295
9.376655374999928,1762983265.9802635,-0.012886501,1.5932376,-0.048775006,-0.10217855,0.012802078,-0.002209843,0.99468124
9.394118583333352,1762983265.9977267,-0.013146854,1.5931599,-0.048831183,-0.102550566,0.013212836,-0.0018694606,0.99463826
9.411390458333244,1762983266.0149987,-0.013382471,1.5931004,-0.048870627,-0.1028207,0.013572512,-0.0015885879,0.994606
9.428903666666656,1762983266.0325117,-0.013590634,1.593083,-0.04891604,-0.10283184,0.013802866,-0.0013709082,0.994602
9.447358083333256,1762983266.0509663,-0.013778699,1.5931127,-0.04897255,-0.10262285,0.013835547,-0.0013201453,0.99462324
9.464811624999925,1762983266.0684197,-0.013934922,1.593159,-0.049018953,-0.102410436,0.013667127,-0.0014297877,0.99464726
9.482737374999942,1762983266.0863454,-0.01408118,1.5932053,-0.049053296,-0.10221211,0.013337937,-0.0015276779,0.994672
9.510501833333251,1762983266.11411,-0.014311969,1.5932648,-0.04909824,-0.10183324,0.012788319,-0.0016069085,0.99471796
9.528002041666582,1762983266.1316102,-0.014478505,1.5932863,-0.049107954,-0.10169428,0.012524193,-0.0016543869,0.99473554
9.545638374999953,1762983266.1492465,-0.014671397,1.5933018,-0.04911046,-0.10167684,0.012435035,-0.001674445,0.99473834
9.563299124999958,1762983266.1669073,-0.014902711,1.5933263,-0.049130067,-0.10159655,0.012600591,-0.001558925,0.99474466
9.580611791666684,1762983266.1842198,-0.015158713,1.5933723,-0.049180984,-0.10140375,0.013034014,-0.0012741577,0.99475914
9.598053499999992,1762983266.2016616,-0.015435636,1.5934137,-0.04924725,-0.10120929,0.013639344,-0.0009440864,0.99477124
9.61444291666669,1762983266.218051,-0.01570201,1.593421,-0.049310073,-0.10114213,0.014244328,-0.00069272215,0.9947698
9.642735625,1762983266.2463439,-0.016137838,1.5933639,-0.04942465,-0.10130855,0.015088419,-0.00059154205,0.9947404
9.66011949999995,1762983266.2637277,-0.016368985,1.5933218,-0.049513668,-0.10150523,0.015416137,-0.0005283546,0.99471545
9.677838999999949,1762983266.2814472,-0.016568577,1.5932919,-0.049628172,-0.10169235,0.015593965,-0.00033657314,0.99469364
9.69576245833332,1762983266.2993705,-0.016739964,1.5932674,-0.049764067,-0.10188552,0.01562137,-0.000106901825,0.9946735
9.712352041666577,1762983266.3159602,-0.01687981,1.5932411,-0.049899984,-0.10203424,0.015531669,3.746766e-05,0.99465966
9.72990912499995,1762983266.3335173,-0.017021656,1.5931954,-0.05004707,-0.10222068,0.015404761,9.2774106e-05,0.9946425
9.74899329166658,1762983266.3526015,-0.017173469,1.5931122,-0.05020626,-0.1025356,0.015307386,-1.2757549e-05,0.9946115
9.775082958333314,1762983266.3786912,-0.017378211,1.5930111,-0.050438777,-0.10297005,0.015297622,-0.00021329483,0.9945668
9.793125416666612,1762983266.3967335,-0.01751511,1.5929608,-0.05062286,-0.10312194,0.015305573,-0.00041383787,0.9945509
9.813143708333314,1762983266.4167519,-0.017662704,1.5928793,-0.05080904,-0.103437044,0.015227826,-0.0006927159,0.9945192
9.830598375000022,1762983266.4342065,-0.017785026,1.5927725,-0.050939504,-0.103918485,0.015080708,-0.0009160606,0.9944711
9.849727083333278,1762983266.4533353,-0.017920077,1.5926697,-0.05108477,-0.10433538,0.01490038,-0.0011527513,0.9944299
9.87621066666668,1762983266.4798188,-0.018120801,1.5925924,-0.051322315,-0.10456145,0.014661065,-0.0014303911,0.9944093
9.893769958333337,1762983266.497378,-0.018266117,1.5925443,-0.051479433,-0.10463139,0.014561578,-0.00156544,0.99440324
9.911115999999993,1762983266.514724,-0.018419003,1.5924702,-0.051604573,-0.10479496,0.014475433,-0.001687409,0.9943871
9.928490083333259,1762983266.5320983,-0.018576622,1.5923626,-0.05169241,-0.10517427,0.014412633,-0.00190242,0.9943476
9.946508208333285,1762983266.5501163,-0.018747007,1.5922157,-0.051716406,-0.10580476,0.014339423,-0.0022048075,0.9942811
9.963921374999927,1762983266.5675294,-0.018915474,1.5920393,-0.05164887,-0.106562935,0.014295472,-0.0024036942,0.9942003
9.985527041666614,1762983266.5891352,-0.019111693,1.5918165,-0.051448822,-0.10762131,0.014297821,-0.0023919956,0.99408627
10.01201408333327,1762983266.6156223,-0.019313872,1.5916998,-0.05115798,-0.1084119,0.014201898,-0.0021417255,0.9940023
10.029716583333311,1762983266.6333246,-0.019422948,1.591799,-0.051034585,-0.10811566,0.014016837,-0.002078,0.99403733
10.047337666666635,1762983266.650946,-0.019522846,1.5919847,-0.050975308,-0.10717547,0.013704297,-0.002174228,0.9941433
10.064733250000018,1762983266.6683414,-0.019620465,1.5921475,-0.050922688,-0.10611616,0.013339152,-0.0023327086,0.99426156
10.085007416666599,1762983266.6886156,-0.019742489,1.5922203,-0.050804123,-0.10525557,0.012871768,-0.0024852678,0.9943588
10.108440874999928,1762983266.712049,-0.019907271,1.5921662,-0.050592903,-0.1049442,0.012305392,-0.0026612955,0.9943984
10.12587499999995,1762983266.7294831,-0.020043945,1.5920894,-0.0504119,-0.10496476,0.0120419385,-0.0025950419,0.99439967
10.143330708333337,1762983266.746939,-0.020190537,1.5920122,-0.050224155,-0.10504065,0.012054661,-0.002322376,0.99439216
10.16087354166666,1762983266.7644818,-0.020366179,1.5919659,-0.05005124,-0.10504586,0.012319757,-0.00206221,0.99438894
10.178073791666634,1762983266.781682,-0.020557225,1.5919579,-0.04990451,-0.10491182,0.012675588,-0.0020816606,0.9943986
10.195777291666673,1762983266.7993853,-0.020754218,1.5919883,-0.04978323,-0.10462205,0.013028185,-0.002234065,0.9944242
10.213237041666616,1762983266.8168452,-0.020926489,1.5920415,-0.049692262,-0.10427229,0.013330055,-0.0022746902,0.9944568
10.229840999999965,1762983266.8334491,-0.021069063,1.5920784,-0.049614597,-0.10395917,0.013544557,-0.002204581,0.9944869
10.250634708333337,1762983266.8542428,-0.0212242,1.5920757,-0.049510494,-0.103775725,0.013624719,-0.002087245,0.9945052
10.2776045833333,1762983266.8812127,-0.021385657,1.5920146,-0.04937769,-0.10375363,0.013435003,-0.0019852226,0.9945103
10.294830416666628,1762983266.8984385,-0.021474421,1.5919789,-0.049310803,-0.10381951,0.013329818,-0.0018497427,0.9945051
10.31542166666668,1762983266.9190297,-0.021573639,1.5919558,-0.04925369,-0.10388796,0.013370232,-0.0016584388,0.9944978
10.344063708333351,1762983266.947672,-0.021676004,1.5919375,-0.049188316,-0.10400149,0.013680201,-0.0016999576,0.9944816
10.361446416666581,1762983266.9650545,-0.021724522,1.5919178,-0.049154133,-0.10403811,0.013893575,-0.0019428082,0.99447435
10.380775624999956,1762983266.9843838,-0.021768868,1.5918782,-0.049120218,-0.104023136,0.013993187,-0.0024028935,0.9944735
10.397713458333328,1762983267.0013216,-0.021790206,1.5918134,-0.04907112,-0.10415514,0.013913324,-0.0026876684,0.9944601
10.41675937499997,1762983267.0203676,-0.021785557,1.5917082,-0.048989266,-0.104614146,0.013717677,-0.002609217,0.99441487
10.43957499999999,1762983267.043183,-0.021764696,1.5916024,-0.048906997,-0.105134785,0.013425703,-0.0024944998,0.9943642
10.457102249999934,1762983267.0607104,-0.02175188,1.5915833,-0.04887946,-0.105240405,0.013143503,-0.0025614903,0.99435663
10.474923624999974,1762983267.0785317,-0.02173692,1.5916138,-0.048880354,-0.105094306,0.012881008,-0.002662429,0.9943753
10.492852499999913,1762983267.0964606,-0.021722602,1.5916789,-0.048903804,-0.104735166,0.012624901,-0.0027916895,0.9944161
10.510125374999916,1762983267.1137335,-0.021704197,1.5917382,-0.048928306,-0.10431389,0.012350121,-0.002854657,0.9944636
10.527616999999964,1762983267.131225,-0.021676898,1.5917584,-0.048939705,-0.104105696,0.012093207,-0.002813561,0.9944887
10.544464249999919,1762983267.1480725,-0.021646189,1.5917367,-0.048939284,-0.104084276,0.011867623,-0.002712243,0.99449396
10.561910374999911,1762983267.1655185,-0.021611428,1.5917181,-0.048940424,-0.10404717,0.0116077885,-0.0026835005,0.994501
10.579496416666643,1762983267.1831045,-0.021562709,1.5917443,-0.048965443,-0.10385542,0.011342341,-0.0025661713,0.9945244
10.596620666666581,1762983267.2002287,-0.021500682,1.5918002,-0.049018506,-0.10349301,0.011009794,-0.002389426,0.9945664
10.616672541666617,1762983267.2202806,-0.021398544,1.5918956,-0.049116284,-0.10303995,0.010376949,-0.0022947125,0.99462044
10.645022083333288,1762983267.2486303,-0.021176815,1.5920775,-0.049315408,-0.10280996,0.009317033,-0.0017654998,0.99465585
10.662597791666599,1762983267.266206,-0.021034837,1.5921416,-0.04945308,-0.1028683,0.008816962,-0.0016020123,0.99465466
10.680504041666609,1762983267.2841122,-0.02091167,1.5921576,-0.049593393,-0.10305865,0.008592771,-0.0017237411,0.9946367
10.69786283333326,1762983267.301471,-0.020806288,1.5921215,-0.049722258,-0.10331855,0.008758925,-0.0019067251,0.9946079
10.715240833333269,1762983267.3188488,-0.020706177,1.5920391,-0.04982339,-0.10360771,0.0092519205,-0.001918862,0.99457335
10.745201416666646,1762983267.3488095,-0.020539438,1.5918139,-0.049913395,-0.104033105,0.010224221,-0.0021294164,0.994519
10.762704041666666,1762983267.3663123,-0.020423388,1.5916919,-0.04993366,-0.1042447,0.0105133,-0.0025221515,0.99449295
10.779785083333309,1762983267.3833933,-0.020287156,1.5916182,-0.049950242,-0.104340695,0.010481411,-0.0030606773,0.9944817
10.797135041666593,1762983267.4007432,-0.0201187,1.5916351,-0.04998548,-0.10417395,0.010230496,-0.0033569778,0.9945008
10.814641749999964,1762983267.4182498,-0.01992488,1.5917426,-0.050046816,-0.10371309,0.009817988,-0.0034148812,0.9945529
10.84497287499994,1762983267.448581,-0.019584155,1.5919553,-0.05010784,-0.10295696,0.008702562,-0.0035007384,0.9946416
10.862386499999957,1762983267.4659946,-0.019417763,1.5920014,-0.05005987,-0.10286454,0.008042268,-0.003568509,0.99465644
10.87981687499996,1762983267.483425,-0.019302702,1.5920056,-0.049958963,-0.1029633,0.0075877723,-0.0036343285,0.9946496
10.897270749999961,1762983267.5008788,-0.019246161,1.5919993,-0.049833834,-0.103096575,0.0074088788,-0.0037302547,0.9946368
10.917484083333306,1762983267.5210922,-0.019251347,1.592008,-0.049685106,-0.10308058,0.0075696697,-0.0037157643,0.9946373
10.940174333333289,1762983267.5437825,-0.019347882,1.5920378,-0.049511064,-0.10290324,0.00809468,-0.003771428,0.9946513
10.957600874999912,1762983267.561209,-0.019469237,1.5920686,-0.04936682,-0.10283812,0.008561352,-0.0037608421,0.9946541
10.97519449999993,1762983267.5788026,-0.019600749,1.592108,-0.049219504,-0.10281826,0.008964033,-0.0036140694,0.9946532
10.992920666666578,1762983267.5965288,-0.019739198,1.5921474,-0.049066212,-0.1027205,0.00926439,-0.0033391623,0.9946615
11.010706791666621,1762983267.614315,-0.019878209,1.5921533,-0.048895806,-0.102655016,0.009481306,-0.0029893965,0.99466735
11.02829270833331,1762983267.6319008,-0.020015895,1.5921211,-0.04869938,-0.10271515,0.009626558,-0.0025377332,0.994661
11.045882499999948,1762983267.6494906,-0.020154834,1.5920839,-0.048488855,-0.10282271,0.009777174,-0.0020883621,0.99464947
11.063232583333274,1762983267.6668408,-0.020296633,1.5920686,-0.048279136,-0.102803685,0.009979227,-0.0016435598,0.99465024
11.081051000000002,1762983267.6846592,-0.02044711,1.5920687,-0.048053805,-0.10266749,0.010263656,-0.0012353555,0.994662
11.106234499999914,1762983267.7098427,-0.020659268,1.5920749,-0.047696546,-0.102406755,0.010694822,-0.00091134274,0.9946847
11.124062208333271,1762983267.7276704,-0.020797884,1.592091,-0.047416214,-0.10219024,0.01088811,-0.00094108796,0.99470484
11.141271791666668,1762983267.74488,-0.020907104,1.5921364,-0.047132626,-0.101958245,0.01103564,-0.00083154294,0.99472713
11.159207916666674,1762983267.762816,-0.020996809,1.5922078,-0.046823144,-0.10164212,0.011201343,-0.00048719533,0.99475783
11.17577054166668,1762983267.7793787,-0.021060085,1.5922924,-0.04652566,-0.10125102,0.011415677,-4.073566e-05,0.99479544
11.19299962499997,1762983267.7966077,-0.02110368,1.5923954,-0.046201497,-0.10078175,0.011711426,0.00041806317,0.99483955
11.210633999999914,1762983267.8142421,-0.021121575,1.5925083,-0.0458518,-0.10030527,0.012120671,0.0007699983,0.9948825
11.22852120833329,1762983267.8321292,-0.021116316,1.5926346,-0.045486093,-0.0996603,0.012614486,0.000913852,0.9949411
11.246045541666604,1762983267.8496537,-0.021084964,1.5927687,-0.04512739,-0.09879369,0.013002883,0.00077265187,0.99502265
11.265212166666629,1762983267.8688202,-0.0210091,1.5929165,-0.044739176,-0.097644426,0.013109773,0.0005104088,0.99513483
11.28572287499992,1762983267.889331,-0.02088462,1.5930941,-0.044360306,-0.09620909,0.012627732,7.04825e-05,0.99528104
11.306817791666617,1762983267.910426,-0.020715548,1.593301,-0.044013772,-0.09463088,0.011656105,-7.642858e-05,0.9954442
11.324232583333355,1762983267.9278407,-0.020559728,1.5934606,-0.04373184,-0.09360165,0.010814138,0.00034193968,0.9955509
11.341932958333246,1762983267.9455411,-0.020408785,1.5936174,-0.043455068,-0.092838675,0.010228476,0.001093225,0.99562806
11.359417208333298,1762983267.9630253,-0.020300245,1.593801,-0.043199558,-0.09208103,0.010048186,0.0018676107,0.99569905
11.376773416666651,1762983267.9803815,-0.020241356,1.5940373,-0.042987842,-0.09109006,0.0102672065,0.0023067922,0.9957871
11.394218083333271,1762983267.997826,-0.02022419,1.5943173,-0.04281323,-0.08987015,0.010788455,0.0023619754,0.9958922
11.411805416666652,1762983268.0154135,-0.020220792,1.5946026,-0.042650554,-0.088674404,0.011491711,0.0022831755,0.99599177
11.429348375000018,1762983268.0329566,-0.020209908,1.5948621,-0.042493343,-0.08759602,0.012250864,0.0021958929,0.9960783
11.447119666666595,1762983268.0507278,-0.020180142,1.5950903,-0.042333085,-0.08665299,0.01288554,0.0020972884,0.99615306
11.4644574583333,1762983268.0680656,-0.020112991,1.5952742,-0.042170092,-0.08596299,0.013305184,0.0020314397,0.9962074
11.481867541666588,1762983268.0854757,-0.020005418,1.5954244,-0.041999225,-0.08545039,0.013501385,0.0019853693,0.9962489
11.49919137500001,1762983268.1027994,-0.019863486,1.5955665,-0.041834146,-0.084989846,0.013522431,0.0020102265,0.996288
11.516685208333342,1762983268.1202934,-0.019687295,1.5957196,-0.04168132,-0.08448931,0.013385746,0.0020624623,0.99633235
11.539249999999925,1762983268.142858,-0.019423723,1.595916,-0.04151182,-0.08373639,0.013063143,0.0021416482,0.99640006
11.556749874999923,1762983268.160358,-0.019200563,1.5960665,-0.041402623,-0.083073154,0.012801822,0.0022337462,0.99645877
11.574357041666644,1762983268.1779652,-0.018973386,1.5962305,-0.04130936,-0.082302175,0.012555428,0.0022567569,0.99652576
11.591828624999948,1762983268.1954367,-0.018755972,1.5964127,-0.041236445,-0.08146172,0.012297319,0.0020750277,0.9965984
11.609188374999917,1762983268.2127964,-0.018548131,1.5965989,-0.041180238,-0.08062285,0.012021077,0.001830237,0.99667054
11.626685500000008,1762983268.2302935,-0.018346058,1.5967731,-0.041132357,-0.079782106,0.011727754,0.0016039975,0.99674207
11.644103833333247,1762983268.247712,-0.018156707,1.5969342,-0.04108104,-0.07907826,0.011438513,0.0014604732,0.99680173
11.661538541666687,1762983268.2651467,-0.017985893,1.5970842,-0.041023944,-0.078436024,0.011128909,0.0012734868,0.9968562
11.679027791666613,1762983268.282636,-0.01784042,1.5972328,-0.040965725,-0.077806,0.010826183,0.0010327452,0.9969092
11.696649291666631,1762983268.3002574,-0.017723083,1.59738,-0.040895596,-0.07721172,0.0105782235,0.000944854,0.99695814
11.714171291666617,1762983268.3177795,-0.017636001,1.5975268,-0.040819794,-0.07663567,0.010442496,0.0010490863,0.9970039
11.732404208333264,1762983268.3360124,-0.017591715,1.5976892,-0.040736824,-0.075900376,0.010423037,0.0012401215,0.9970601
11.749088958333346,1762983268.3526971,-0.01759541,1.5978507,-0.040656358,-0.07512944,0.010524288,0.001439066,0.9971172
11.768144041666687,1762983268.3717523,-0.017638385,1.5980438,-0.040565625,-0.07422347,0.010808405,0.0017055311,0.9971816
11.78546337499995,1762983268.3890715,-0.017705726,1.5982091,-0.04047699,-0.073495135,0.011258691,0.0020120284,0.99723005
11.805688791666626,1762983268.409297,-0.017805815,1.5983748,-0.040371,-0.07269022,0.011972529,0.0024897272,0.9972796
11.823084958333311,1762983268.4266932,-0.017897427,1.5985001,-0.040289998,-0.07203705,0.012708264,0.0029547517,0.9973166
11.840521208333257,1762983268.4441292,-0.017988443,1.5986185,-0.040215746,-0.07143266,0.0135104945,0.0033572225,0.9973483
11.85826229166662,1762983268.4618704,-0.018071473,1.5987229,-0.040131792,-0.07092857,0.014258319,0.003552731,0.99737316
11.874634499999956,1762983268.4782426,-0.018128753,1.5988019,-0.040039375,-0.07056783,0.0147813,0.0035758016,0.99739105
11.892311374999963,1762983268.4959195,-0.018154442,1.5988798,-0.03993833,-0.070162475,0.015143747,0.0036035934,0.9974141
11.910480666666672,1762983268.5140889,-0.018139362,1.5989769,-0.039846897,-0.069667734,0.015307661,0.0038261712,0.99744546
11.927982916666679,1762983268.531591,-0.018087149,1.5991023,-0.03978613,-0.069132075,0.015307604,0.0041261916,0.9974815
11.945440333333295,1762983268.5490484,-0.01801145,1.5992545,-0.039751247,-0.06855538,0.015223407,0.0043679685,0.9975216
11.963058083333294,1762983268.5666661,-0.017926192,1.5994166,-0.03973568,-0.067876935,0.015108769,0.00452381,0.997569
11.980363208333301,1762983268.5839713,-0.017839432,1.5995858,-0.03974913,-0.06703928,0.0150525,0.0046144337,0.9976261
11.99765795833332,1762983268.6012661,-0.017753815,1.5997515,-0.039777134,-0.06618769,0.015125943,0.004655055,0.9976817
12.01519129166661,1762983268.6187994,-0.017665923,1.5998967,-0.03979504,-0.065547764,0.015348353,0.0046963184,0.99772036
12.037981291666597,1762983268.6415894,-0.01755774,1.6000292,-0.03976807,-0.065085515,0.015864048,0.0046356986,0.9977428
12.05538112499994,1762983268.6589892,-0.017489588,1.6000876,-0.03970552,-0.06494878,0.016328719,0.004406024,0.9977453
12.072779458333343,1762983268.6763875,-0.017431736,1.6001436,-0.03963475,-0.064836554,0.01670831,0.004027171,0.9977479
12.090094166666631,1762983268.6937022,-0.017372727,1.6002183,-0.03958033,-0.064552546,0.016984977,0.0037033886,0.9977629
12.107877499999972,1762983268.7114856,-0.017306566,1.6003176,-0.0395402,-0.0641364,0.017195083,0.0035968826,0.9977865
12.125310749999926,1762983268.7289188,-0.01721928,1.6004158,-0.039524514,-0.0637833,0.01737349,0.0036379492,0.9978059
12.142854624999927,1762983268.7464628,-0.017096257,1.6004968,-0.03954043,-0.06355988,0.017453412,0.0035810564,0.997819
12.160268374999987,1762983268.7638764,-0.016972648,1.6005684,-0.039569985,-0.06335997,0.017412838,0.003501463,0.9978327
12.177138624999998,1762983268.7807467,-0.016848326,1.6006227,-0.03961219,-0.06317139,0.017353013,0.0035211733,0.9978456
12.194552083333292,1762983268.7981603,-0.016716467,1.6006731,-0.03966142,-0.06310442,0.017347261,0.0036847,0.99784935
12.21285762499997,1762983268.8164659,-0.016579783,1.6007397,-0.03971972,-0.06300639,0.017370151,0.0037740523,0.9978548
12.230705666666609,1762983268.8343139,-0.016448235,1.600823,-0.039782334,-0.06278237,0.017385537,0.003571511,0.99786943
12.24824424999997,1762983268.8518524,-0.01631005,1.6009095,-0.039841924,-0.0625227,0.017412554,0.0033581553,0.99788594
12.265534333333335,1762983268.8691425,-0.016162945,1.6009852,-0.039891917,-0.062288128,0.017457796,0.0032542883,0.9979002
12.282955208333306,1762983268.8865633,-0.016007781,1.6010603,-0.039937958,-0.062041484,0.017520437,0.0031569283,0.9979148
12.305656999999997,1762983268.909265,-0.015798105,1.6011797,-0.040013988,-0.061478376,0.017535795,0.0029346123,0.99795
12.32324995833335,1762983268.9268582,-0.015631175,1.6012948,-0.040084947,-0.060970567,0.017491145,0.002631628,0.9979828
12.341002291666655,1762983268.9446104,-0.015463352,1.6014245,-0.040165707,-0.06043951,0.017464833,0.0023215704,0.99801636
12.358156208333298,1762983268.9617643,-0.015307844,1.6015587,-0.04026009,-0.05987544,0.017486596,0.0020052774,0.9980507
12.382738458333279,1762983268.9863465,-0.015086889,1.6017427,-0.040394917,-0.059116203,0.017514477,0.0017215585,0.9980959
12.405201625000018,1762983269.0088098,-0.014881707,1.6018659,-0.04049178,-0.058690753,0.01750868,0.0015734475,0.9981214
12.422550958333318,1762983269.026159,-0.0147204995,1.601948,-0.040548027,-0.058453567,0.017409157,0.0014210549,0.9981373
12.43981845833332,1762983269.0434265,-0.014553368,1.6020476,-0.04059778,-0.058188435,0.017222224,0.0012535279,0.99815625
12.457206499999984,1762983269.0608146,-0.014376938,1.6021706,-0.04064277,-0.05782108,0.016953759,0.0011322992,0.99818236
12.474528291666616,1762983269.0781364,-0.014194369,1.6023103,-0.040669218,-0.057356037,0.016607942,0.0011075127,0.998215
12.491878583333346,1762983269.0954866,-0.014004767,1.6024649,-0.04066728,-0.056839276,0.016204147,0.0011441858,0.9982512
12.50924320833326,1762983269.1128514,-0.013803303,1.6026288,-0.040620133,-0.056322645,0.015773932,0.0012141301,0.9982872
12.526629666666622,1762983269.1302378,-0.013570905,1.6027818,-0.040510908,-0.055881254,0.015338814,0.0014261786,0.99831855
12.544042249999961,1762983269.1476505,-0.013290382,1.6029475,-0.040356476,-0.05540161,0.014857889,0.001865845,0.9983519
12.561456249999992,1762983269.1650643,-0.012965537,1.6031835,-0.040198658,-0.054506596,0.014229525,0.0022447808,0.9984095
12.578925249999998,1762983269.1825333,-0.012596405,1.6034883,-0.040042985,-0.053124465,0.013318351,0.0023137508,0.9984964
12.596571458333301,1762983269.2001796,-0.011949397,1.6038184,-0.039930467,-0.051650457,0.012171808,0.0022064187,0.9985886
12.613991749999968,1762983269.2175999,-0.011374414,1.6040169,-0.039689705,-0.050571516,0.010847966,0.0019147298,0.9986597
12.638219541666672,1762983269.2418277,-0.010677206,1.6041279,-0.039167043,-0.049682654,0.008740292,0.00114397,0.9987261
12.655565708333256,1762983269.2591739,-0.010269761,1.6041746,-0.038725972,-0.04909273,0.007211971,0.0006692269,0.998768
12.673064583333257,1762983269.2766726,-0.00992347,1.6042366,-0.038269375,-0.048562296,0.005890287,0.00036182147,0.9988027
12.690562,1762983269.2941701,-0.0096474765,1.6043631,-0.037852105,-0.047931697,0.004902326,8.650359e-05,0.9988386
12.708260291666647,1762983269.3118684,-0.009452105,1.6045954,-0.037510186,-0.0469976,0.004200949,-0.00031034532,0.99888617
12.72583224999994,1762983269.3294404,-0.009324956,1.6048983,-0.037248474,-0.045865096,0.0037431954,-0.00076145696,0.99894035
12.74334562499996,1762983269.3469539,-0.009247732,1.6052107,-0.037042547,-0.04481442,0.0035243428,-0.0010817216,0.9989885
12.76081366666665,1762983269.3644218,-0.009221196,1.6055055,-0.036892936,-0.043866955,0.0035748417,-0.0012037513,0.99903023
12.778254500000003,1762983269.3818626,-0.009252883,1.6057928,-0.03679541,-0.042932123,0.0038488323,-0.0012300002,0.9990698
12.795671458333345,1762983269.3992796,-0.009341419,1.6060511,-0.036730066,-0.042063154,0.004232948,-0.0013562499,0.9991051
12.814153916666669,1762983269.417762,-0.009487152,1.6062587,-0.036678597,-0.041373495,0.004740645,-0.0013858518,0.99913156
12.837765083333352,1762983269.441373,-0.009724438,1.6064467,-0.03664756,-0.040839273,0.00563857,-0.000810482,0.9991495
12.855299500000001,1762983269.4589076,-0.009917784,1.6065574,-0.03667007,-0.040435854,0.0063996986,-6.34192e-05,0.99916166
12.873187458333291,1762983269.4767957,-0.010116518,1.6066571,-0.036742076,-0.040022418,0.0071606287,0.00074264285,0.99917287
12.89074170833328,1762983269.49435,-0.01030767,1.6067269,-0.036837667,-0.039718088,0.007899666,0.001508807,0.9991785
12.907981166666673,1762983269.5115893,-0.010483682,1.6067464,-0.036948487,-0.039667018,0.0086452225,0.002239352,0.99917305
12.925776374999941,1762983269.5293846,-0.0106217265,1.6067374,-0.03708896,-0.039731424,0.009399557,0.0029384731,0.99916184
12.943274999999971,1762983269.546883,-0.010697007,1.6067069,-0.037260532,-0.039790396,0.010091019,0.0035060328,0.99915093
12.96082366666667,1762983269.564432,-0.010746169,1.6066508,-0.03743733,-0.039905522,0.010778181,0.0040050647,0.9991373
12.978202333333343,1762983269.5818105,-0.010763764,1.6065769,-0.037607506,-0.040087618,0.011489251,0.0045320513,0.9991199
12.995931374999941,1762983269.5995395,-0.010748184,1.6064874,-0.03777479,-0.040382914,0.012240785,0.004968086,0.99909693
13.014126291666685,1762983269.6177344,-0.0106983185,1.6063769,-0.037940055,-0.04077369,0.012927451,0.005175872,0.99907136
13.043007624999973,1762983269.6466157,-0.010519958,1.6062059,-0.03821336,-0.04139985,0.013660877,0.0051809754,0.99903584
13.059895374999996,1762983269.6635034,-0.010334671,1.6061368,-0.038385957,-0.04162099,0.013739992,0.005167488,0.99902564
13.07957779166668,1762983269.6831858,-0.010052025,1.6060406,-0.038569614,-0.04200966,0.0134630585,0.0050073634,0.9990139
13.096974416666626,1762983269.7005825,-0.009767449,1.6059269,-0.038701553,-0.04246476,0.012986933,0.004751835,0.9990022
13.114296958333284,1762983269.717905,-0.009471774,1.6058238,-0.038819462,-0.042835925,0.012437242,0.004471515,0.9989947
13.140145416666655,1762983269.7437534,-0.009047187,1.6057379,-0.038968984,-0.043059103,0.011760362,0.0040975343,0.99899495
13.158530041666609,1762983269.7621381,-0.008776903,1.6056969,-0.0390445,-0.04310709,0.011500678,0.003853995,0.99899685
13.175634291666597,1762983269.7792425,-0.008558631,1.6056538,-0.039100975,-0.043173134,0.011400747,0.0035917745,0.99899614
13.193680083333334,1762983269.7972882,-0.008355498,1.6056191,-0.03916073,-0.043236073,0.011455827,0.0033526442,0.9989936
13.211293999999953,1762983269.814902,-0.008171976,1.6055819,-0.03922066,-0.043264806,0.011620799,0.0032739986,0.9989907
13.22883212499994,1762983269.8324401,-0.007999897,1.6055262,-0.03929083,-0.043338664,0.011902023,0.0033927264,0.9989838
13.249792749999983,1762983269.853401,-0.007820643,1.6054462,-0.03940161,-0.043457914,0.012366801,0.0035855102,0.9989723
13.274472916666582,1762983269.878081,-0.0076774955,1.6053067,-0.039560363,-0.043639235,0.013147871,0.0035709306,0.9989545
13.291883374999998,1762983269.8954916,-0.00763005,1.6051012,-0.039649636,-0.04424175,0.013826443,0.003375457,0.9989195
13.31237187499994,1762983269.91598,-0.007597804,1.6047702,-0.039704874,-0.045594282,0.014751892,0.0033853056,0.9988454
13.329853666666622,1762983269.933462,-0.007270634,1.6045859,-0.0397781,-0.047109447,0.015749538,0.0037874347,0.9987584
13.348127916666613,1762983269.951736,-0.006905198,1.6044079,-0.03982161,-0.048701707,0.016941115,0.0040759277,0.99866134
13.37872108333329,1762983269.9823291,-0.0066773295,1.6040981,-0.03976272,-0.05074741,0.018594367,0.0037655951,0.99853134
13.396249000000012,1762983269.9998572,-0.006621301,1.6040372,-0.03975843,-0.051097095,0.019191977,0.0035272357,0.998503
13.414272833333257,1762983270.017881,-0.0065556043,1.604048,-0.039805304,-0.050921846,0.019737551,0.0034731673,0.99850154
13.443627083333354,1762983270.0472353,-0.006469941,1.6039592,-0.039868627,-0.050888486,0.021137375,0.004018796,0.9984726
13.460824124999931,1762983270.0644321,-0.0064228773,1.6037649,-0.039854452,-0.05154758,0.02239658,0.0044463165,0.9984095
13.478361124999992,1762983270.0819693,-0.006193197,1.6035277,-0.03985173,-0.05279495,0.023832701,0.0045981733,0.9983104
13.495136041666683,1762983270.0987442,-0.0060198903,1.6032499,-0.03983724,-0.054203935,0.0250492,0.004174496,0.9982069
13.512983833333351,1762983270.116592,-0.00586052,1.6029457,-0.039833713,-0.055774476,0.026072547,0.003419698,0.99809706
13.530607541666654,1762983270.1342156,-0.0056896806,1.6026363,-0.0398352,-0.05729519,0.026957477,0.0029762923,0.9979889
13.548750291666579,1762983270.1523585,-0.005647397,1.6023006,-0.039819617,-0.05872048,0.02781456,0.0028220953,0.9978829
13.577660416666617,1762983270.1812685,-0.0055188537,1.6017053,-0.039770573,-0.061187766,0.029120544,0.002672147,0.99769783
13.595167124999989,1762983270.1987753,-0.005366206,1.601291,-0.03971468,-0.06293961,0.029892514,0.0025333946,0.99756634
13.612270666666632,1762983270.2158787,-0.005245924,1.6008999,-0.0396474,-0.064603336,0.03067562,0.0023853043,0.9974365
13.629741291666619,1762983270.2333493,-0.0051848763,1.6005253,-0.039587762,-0.06610179,0.0315526,0.0022463049,0.99731135
13.64712079166668,1762983270.2507288,-0.0051206946,1.6001681,-0.039532155,-0.067542545,0.03253596,0.002201304,0.9971833
13.676463583333316,1762983270.2800717,-0.0050687916,1.5995897,-0.039455313,-0.06988065,0.034342334,0.0022327388,0.99696153
13.693898999999988,1762983270.297507,-0.005111134,1.5993012,-0.039449308,-0.07101448,0.035395388,0.0021552674,0.9968447
13.710824583333306,1762983270.3144326,-0.00513947,1.5990858,-0.039475426,-0.07181146,0.036287986,0.0019277387,0.996756
13.728241291666677,1762983270.3318493,-0.005131781,1.5989275,-0.039506316,-0.07239264,0.037016004,0.0016574742,0.9966877
13.746714416666578,1762983270.3503225,-0.005078173,1.5987955,-0.03952383,-0.072894864,0.03758019,0.0013990278,0.9966304
13.774674083333252,1762983270.3782823,-0.004951179,1.5986195,-0.03954497,-0.07367429,0.038139626,0.0011298282,0.99655217
13.793160249999914,1762983270.3967683,-0.0048416853,1.5985246,-0.03957078,-0.07413137,0.038305752,0.00088972156,0.9965121
13.810903333333272,1762983270.4145114,-0.004721356,1.5984555,-0.03962018,-0.07443167,0.0383247,0.000525014,0.9964893
13.828317624999954,1762983270.4319258,-0.004588044,1.5983921,-0.039684225,-0.07469081,0.03826633,0.00016565024,0.99647224
13.845741333333308,1762983270.4493494,-0.0044507855,1.5983123,-0.03975108,-0.075087555,0.03818741,-0.00012188434,0.9964455
13.8632495833333,1762983270.4668577,-0.0043242574,1.598218,-0.039821237,-0.07557213,0.038055897,-0.00052916567,0.99641377
13.88089012499995,1762983270.4844983,-0.0042073727,1.5981276,-0.039910823,-0.07602587,0.037842672,-0.0010946017,0.9963868
13.898350124999979,1762983270.5019584,-0.0041046613,1.5980326,-0.040013906,-0.07647101,0.03757476,-0.0016516799,0.9963622
13.915357166666581,1762983270.5189652,-0.004030049,1.5979216,-0.040105104,-0.07699389,0.037296116,-0.0022274628,0.9963313
13.943200624999918,1762983270.5468087,-0.0039277547,1.5976794,-0.040193196,-0.078246765,0.036901545,-0.0033338491,0.99624527
13.959662666666645,1762983270.5632708,-0.003889501,1.5974779,-0.040171042,-0.07931905,0.03667772,-0.0040294994,0.99616617
13.977571416666592,1762983270.5811796,-0.0038737655,1.5972247,-0.040078536,-0.08062308,0.036422435,-0.0047818087,0.99606746
13.99493208333331,1762983270.5985403,-0.0038833618,1.5970024,-0.03995791,-0.08173493,0.036225986,-0.00538331,0.995981
14.015166458333283,1762983270.6187747,-0.0039191246,1.5968381,-0.039823145,-0.08247693,0.03611577,-0.0058035296,0.99592143
14.0410530416666,1762983270.6446612,-0.003999936,1.5967447,-0.039666217,-0.08257648,0.036276475,-0.005870365,0.99590695
14.05846833333328,1762983270.6620765,-0.0040737987,1.5966971,-0.039551154,-0.08238631,0.036515653,-0.0057511562,0.99591464
14.08265341666663,1762983270.6862617,-0.004182279,1.5966374,-0.03937985,-0.082073,0.036910813,-0.0055247745,0.9959273
14.108598916666665,1762983270.712207,-0.0042752028,1.5965464,-0.039168075,-0.08191457,0.037282616,-0.0052462644,0.99592793
14.125912291666623,1762983270.7295203,-0.0043281317,1.596443,-0.03899595,-0.0821707,0.037480403,-0.0052284077,0.9958995
14.14346754166661,1762983270.7470756,-0.00437063,1.5963386,-0.038817734,-0.08263199,0.037638977,-0.005302002,0.995855
14.16072154166659,1762983270.7643297,-0.0043958896,1.59628,-0.03866869,-0.08297342,0.037719376,-0.0053832363,0.99582314
14.178187499999922,1762983270.7817957,-0.0044079423,1.5962822,-0.038563356,-0.08302356,0.037763257,-0.0054704747,0.9958168
14.19554391666668,1762983270.7991521,-0.0044089556,1.5963212,-0.038490415,-0.08288867,0.037795275,-0.0055896407,0.9958261
14.214728291666688,1762983270.8183365,-0.0043976307,1.5963633,-0.038430005,-0.08272698,0.03775077,-0.0058245747,0.99583995
14.245054666666647,1762983270.8486629,-0.0043542385,1.5964286,-0.038388357,-0.08249057,0.03735325,-0.0063145906,0.9958716
14.268832041666656,1762983270.87244,-0.004313147,1.5964266,-0.038384635,-0.082591146,0.03688373,-0.0065699844,0.99587905
14.285814125000002,1762983270.8894222,-0.004293561,1.5963941,-0.038392827,-0.08286908,0.0365652,-0.0066468655,0.99586725
14.308817041666657,1762983270.9124253,-0.0042929053,1.596364,-0.03845024,-0.08324038,0.036224656,-0.0067218463,0.9958482
14.32561499999997,1762983270.929223,-0.004297614,1.596356,-0.03853734,-0.08341559,0.036033686,-0.0068970686,0.9958393
14.34306341666661,1762983270.9466715,-0.0042919517,1.5963492,-0.038660794,-0.08364084,0.035892107,-0.0071347384,0.9958238
14.360413249999965,1762983270.9640214,-0.004301429,1.5963278,-0.03880045,-0.08395861,0.0358447,-0.007375056,0.99579704
14.378003124999964,1762983270.9816113,-0.0043262006,1.5962907,-0.03895748,-0.08437395,0.035835702,-0.0076656905,0.99576
14.395572124999944,1762983270.9991803,-0.0043596625,1.5962386,-0.03912896,-0.08483953,0.03579409,-0.007995295,0.9957194
14.417032875000018,1762983271.020641,-0.004403293,1.5961577,-0.03935182,-0.08547596,0.035607733,-0.008443043,0.99566793
14.441310666666595,1762983271.0449188,-0.0044486523,1.5960591,-0.03962031,-0.08614502,0.035223056,-0.008842078,0.9956205
14.458815833333347,1762983271.062424,-0.00448476,1.5959892,-0.039817613,-0.086645946,0.034872662,-0.008962273,0.9955883
14.476793374999943,1762983271.0804014,-0.0045345426,1.5959173,-0.040016517,-0.087233596,0.03451459,-0.009082437,0.99554837
14.494415166666613,1762983271.0980234,-0.004600501,1.5958556,-0.04020858,-0.08777914,0.034186985,-0.00918543,0.99551076
14.511938958333303,1762983271.1155472,-0.0046766996,1.5958074,-0.04039885,-0.08820801,0.03392814,-0.0092854025,0.9954808
14.541522999999984,1762983271.145131,-0.004845357,1.5957181,-0.040656183,-0.088852435,0.033502627,-0.009696436,0.995434
14.558573791666618,1762983271.1621819,-0.004968405,1.5956751,-0.040775895,-0.08917594,0.03322169,-0.0101715475,0.9954097
14.587384833333317,1762983271.190993,-0.0051995516,1.5956266,-0.040958658,-0.08951842,0.03275937,-0.010634497,0.99538946
14.607707083333253,1762983271.2113152,-0.005398857,1.5955784,-0.04106086,-0.089642845,0.032399498,-0.010833698,0.9953879
14.625263625000002,1762983271.2288718,-0.0056016445,1.5955226,-0.041133597,-0.08975664,0.032111973,-0.010873372,0.99538654
14.643281541666624,1762983271.2468896,-0.0058372617,1.5954652,-0.041207686,-0.08983483,0.031988766,-0.010730838,0.995385
14.660698333333244,1762983271.2643065,-0.0061042905,1.5954247,-0.041295156,-0.08987952,0.03201529,-0.01054993,0.9953821
14.677849666666589,1762983271.281458,-0.006411648,1.595396,-0.041405085,-0.089891076,0.032139838,-0.010521783,0.9953773
14.696778458333256,1762983271.3003867,-0.006791413,1.5953625,-0.041551217,-0.09000868,0.032354172,-0.010587897,0.995359
14.71423629166668,1762983271.3178444,-0.007151842,1.5953226,-0.04170218,-0.09032271,0.03275619,-0.01029642,0.99532044
14.740900624999995,1762983271.3445086,-0.0076627135,1.5951747,-0.041934103,-0.0912828,0.033731457,-0.009277191,0.99521035
14.758449416666622,1762983271.3620574,-0.007969069,1.595007,-0.04206052,-0.09218791,0.0344129,-0.008605507,0.9951096
14.779861291666634,1762983271.3834693,-0.008302915,1.5947661,-0.042187866,-0.09322156,0.03508532,-0.008037792,0.9949946
14.797461624999983,1762983271.4010696,-0.008533716,1.5945711,-0.042271927,-0.093859665,0.035464454,-0.0077169887,0.99492365
14.814545666666618,1762983271.4181538,-0.008704615,1.5943975,-0.042339716,-0.094372794,0.03570197,-0.007385009,0.9948691
14.833624124999915,1762983271.4372323,-0.008834577,1.5942663,-0.042426664,-0.09472621,0.03576002,-0.007110716,0.99483544
14.850728499999946,1762983271.4543366,-0.00890559,1.5942388,-0.04252629,-0.09479528,0.0356797,-0.006880766,0.9948334
14.879370166666604,1762983271.4829783,-0.008967674,1.5942873,-0.04269937,-0.094608404,0.035317253,-0.006848759,0.99486434
14.896933708333336,1762983271.500542,-0.0089889765,1.5943091,-0.042772934,-0.09463487,0.034979668,-0.007158685,0.99487156
14.916577083333323,1762983271.5201852,-0.009003818,1.5943208,-0.04282233,-0.09478543,0.034577806,-0.0075608073,0.9948683
14.9415561666666,1762983271.5451643,-0.009012282,1.594354,-0.04291852,-0.094809294,0.034064047,-0.008066052,0.9948798
14.959124499999916,1762983271.5627327,-0.009018696,1.5944102,-0.04300948,-0.09466121,0.03373375,-0.008250969,0.9949036
14.976080499999966,1762983271.5796885,-0.00903672,1.5944837,-0.043109328,-0.094450094,0.033466805,-0.008477705,0.9949308
14.99348166666664,1762983271.5970898,-0.009073234,1.5945702,-0.043219734,-0.09416521,0.03318723,-0.008824262,0.9949641
15.013761291666583,1762983271.6173694,-0.009130335,1.5946457,-0.04333881,-0.09390891,0.03285158,-0.009203585,0.9949961
15.03009254166659,1762983271.6337006,-0.009195745,1.5946565,-0.04340616,-0.09391827,0.032587346,-0.009506634,0.995001
15.047532458333308,1762983271.6511407,-0.009286821,1.594634,-0.04346043,-0.094106495,0.032356314,-0.009708993,0.99498886
15.066838916666597,1762983271.670447,-0.009408593,1.5946159,-0.043530956,-0.0943036,0.032238603,-0.009644523,0.9949746
15.084449583333253,1762983271.6880577,-0.009552598,1.5946114,-0.043610513,-0.09436223,0.032232534,-0.009641294,0.9949693
15.109341624999956,1762983271.7129498,-0.009817958,1.5945892,-0.04370983,-0.094445795,0.03229109,-0.009802378,0.99495786
15.126724416666661,1762983271.7303326,-0.010011852,1.5945339,-0.04375662,-0.09463654,0.032441977,-0.00966792,0.99493617
15.145280291666609,1762983271.7488885,-0.010217977,1.5944564,-0.043791626,-0.09487072,0.032648023,-0.009398066,0.9949097
15.163308749999942,1762983271.766917,-0.010438502,1.5944074,-0.04382378,-0.09498782,0.032742843,-0.009392757,0.99489546
15.180704916666627,1762983271.784313,-0.010654665,1.5943867,-0.043851484,-0.09506275,0.03276698,-0.009438614,0.99488705
15.209031374999995,1762983271.8126395,-0.010999274,1.5943825,-0.043871645,-0.09504818,0.032768756,-0.00907385,0.99489176
15.226563708333288,1762983271.8301718,-0.011208236,1.5943956,-0.04387316,-0.09493929,0.032801423,-0.008794671,0.9949036
15.248587541666666,1762983271.8521957,-0.011470377,1.5944154,-0.043852538,-0.09484569,0.03282398,-0.008552357,0.994914
15.268409083333268,1762983271.8720171,-0.011711955,1.5944289,-0.043820232,-0.09479808,0.03287245,-0.008388457,0.9949183
15.285764583333275,1762983271.8893728,-0.011933315,1.5944581,-0.043791454,-0.094701424,0.032988235,-0.008212076,0.9949251
15.30508466666663,1762983271.9086928,-0.012179911,1.5945178,-0.043761715,-0.094519645,0.033315614,-0.007885734,0.99493414
15.322492208333301,1762983271.9261003,-0.0123820305,1.594569,-0.04371476,-0.09432536,0.033778135,-0.007535811,0.9949397
15.34220716666664,1762983271.9458153,-0.012590706,1.5945966,-0.043631896,-0.09410454,0.03427968,-0.007546902,0.9949434
15.360007666666661,1762983271.963616,-0.012764561,1.5946256,-0.043555196,-0.09369387,0.03454681,-0.007974089,0.99496955
15.377489541666591,1762983271.9810977,-0.012910664,1.5946672,-0.043489978,-0.093116894,0.0345544,-0.008484549,0.9950192
15.395745333333252,1762983271.9993534,-0.013042844,1.5946939,-0.043433744,-0.09237251,0.034233313,-0.00897956,0.9950954
15.414707208333311,1762983272.0183153,-0.013159168,1.5946962,-0.043377746,-0.091789275,0.03355053,-0.00934122,0.9951692
15.436267291666582,1762983272.0398755,-0.013282955,1.594646,-0.043298423,-0.09163,0.032662615,-0.009183111,0.9952149
15.453671291666637,1762983272.0572793,-0.0134047745,1.5945705,-0.04323065,-0.091854826,0.03212734,-0.008688892,0.9952161
15.474294166666596,1762983272.0779023,-0.013597262,1.5945014,-0.04318625,-0.09222543,0.03177307,-0.008035917,0.99519867
15.493220708333297,1762983272.096829,-0.013823426,1.594507,-0.043215085,-0.092275605,0.031577542,-0.0077109016,0.9952028
15.510849124999936,1762983272.1144574,-0.014064491,1.5945587,-0.04329574,-0.0920725,0.031452935,-0.0076747425,0.99522585
15.528311083333278,1762983272.1319191,-0.014298439,1.5946064,-0.043374106,-0.09188546,0.03143158,-0.0075579113,0.9952447
15.5461581666666,1762983272.1497662,-0.014529026,1.5946082,-0.04341327,-0.09199239,0.03150814,-0.007297246,0.9952343
15.56352574999994,1762983272.1671338,-0.014751769,1.5945666,-0.043421317,-0.09232563,0.031605214,-0.0070198607,0.99520236
15.581266791666621,1762983272.184875,-0.014974713,1.594526,-0.043428287,-0.09267719,0.031643156,-0.006893795,0.9951694
15.59885020833326,1762983272.2024584,-0.015183568,1.5945098,-0.043445274,-0.09282909,0.03156897,-0.006873221,0.9951577
15.615540541666633,1762983272.2191486,-0.01535914,1.5945128,-0.043466303,-0.09282984,0.031468995,-0.0067511215,0.99516165
15.632695624999997,1762983272.2363038,-0.015514791,1.5945172,-0.043474257,-0.09280325,0.031390958,-0.006496415,0.9951683
15.651444791666677,1762983272.2550528,-0.015665054,1.5945027,-0.04345861,-0.092799656,0.031324647,-0.0062550926,0.99517226
15.678459333333308,1762983272.2820675,-0.01585567,1.5944703,-0.04342024,-0.09270562,0.031202028,-0.0062595108,0.9951849
15.69618187499998,1762983272.29979,-0.01597476,1.5944623,-0.04340647,-0.092478074,0.031026248,-0.0065544466,0.99520963
15.713982874999942,1762983272.317591,-0.016076326,1.5944451,-0.04339519,-0.09224064,0.030785546,-0.0068931123,0.9952369
15.732784041666605,1762983272.3363922,-0.016162813,1.5943944,-0.043357387,-0.09209237,0.03048416,-0.007083741,0.9952585
15.75000816666659,1762983272.3536162,-0.01623181,1.594317,-0.043299098,-0.09218105,0.030119399,-0.0072042085,0.9952606
15.775149333333275,1762983272.3787575,-0.016342925,1.5942067,-0.043200117,-0.09234225,0.029258031,-0.007712971,0.9952675
15.792311541666663,1762983272.3959196,-0.016432166,1.5941744,-0.04314594,-0.09231003,0.028498732,-0.0081251105,0.9952892
15.810544083333298,1762983272.4141521,-0.016537583,1.5941756,-0.043096486,-0.092121236,0.027725495,-0.008195874,0.99532795
15.827964749999978,1762983272.431573,-0.016666532,1.5941844,-0.043053046,-0.09185298,0.027126765,-0.008010953,0.9953708
15.845885708333299,1762983272.449494,-0.016841268,1.5941899,-0.04300766,-0.091510855,0.026708126,-0.00773854,0.99541575
15.863303874999929,1762983272.466912,-0.017049646,1.5941826,-0.042961586,-0.09122754,0.026578505,-0.00746647,0.99544734
15.885287500000004,1762983272.4888957,-0.017356753,1.5941436,-0.04288642,-0.09102016,0.026714657,-0.0072176456,0.99546444
15.91151170833325,1762983272.5151198,-0.01775682,1.5940711,-0.042792216,-0.09095848,0.026983302,-0.007234131,0.9954627
15.934995791666665,1762983272.538604,-0.018077718,1.594041,-0.04272711,-0.09087459,0.027116725,-0.0071427766,0.9954675
15.952387875,1762983272.555996,-0.018264519,1.5940443,-0.042692747,-0.09074606,0.027209645,-0.0067510987,0.99547946
15.974814124999966,1762983272.5784223,-0.01848036,1.59407,-0.042668805,-0.09047799,0.027312066,-0.0061311107,0.995505
15.992195833333312,1762983272.595804,-0.018633246,1.5941024,-0.04266666,-0.090234354,0.027333645,-0.0059651644,0.99552757
16.010906208333267,1762983272.6145144,-0.018778013,1.594138,-0.042672303,-0.08999666,0.027251372,-0.005999279,0.9955511
16.02877970833333,1762983272.6323879,-0.01888305,1.5941514,-0.042672098,-0.08983782,0.02700624,-0.006012466,0.99557203
16.046400791666656,1762983272.650009,-0.018944873,1.5941339,-0.04265486,-0.08980654,0.026642976,-0.0057942024,0.9955859
16.063830749999966,1762983272.667439,-0.018975675,1.5940931,-0.04262027,-0.089839205,0.026288431,-0.0054228017,0.9955945
16.081575958333246,1762983272.685184,-0.018999398,1.5940263,-0.042557597,-0.08984928,0.026011841,-0.0051800297,0.9956022
16.09831541666665,1762983272.7019236,-0.019029057,1.5939498,-0.042471338,-0.08996378,0.025901299,-0.0051976093,0.9955946
16.115768541666625,1762983272.7193766,-0.01905936,1.593884,-0.042360142,-0.090134196,0.025891285,-0.005465734,0.995578
16.147129749999976,1762983272.750738,-0.019089758,1.5938656,-0.04217267,-0.090073064,0.025923112,-0.0060284617,0.9955795
16.164498999999978,1762983272.7681072,-0.01910088,1.5938901,-0.042085294,-0.08982857,0.025965856,-0.006106688,0.9956
16.183473875000004,1762983272.787082,-0.019108832,1.5939356,-0.042003006,-0.08949431,0.02604735,-0.006038296,0.9956284
16.21205299999997,1762983272.8156612,-0.019113826,1.5940245,-0.041895237,-0.08904347,0.02599069,-0.0060559013,0.9956702
16.229796083333326,1762983272.8334043,-0.019100785,1.5940788,-0.041843712,-0.08883964,0.025812915,-0.0059843287,0.9956934
16.247547499999996,1762983272.8511555,-0.019073354,1.5941379,-0.041811626,-0.088648565,0.02555425,-0.0058248164,0.9957181
16.27562649999993,1762983272.8792346,-0.0190081,1.5942315,-0.041798577,-0.08837738,0.025106695,-0.0053476086,0.9957562
16.29339508333328,1762983272.8970032,-0.018953264,1.5942909,-0.041811675,-0.088192925,0.024931751,-0.005023104,0.9957787
16.31097054166662,1762983272.9145787,-0.018904865,1.594348,-0.04183936,-0.08803698,0.024851574,-0.0049191457,0.995795
16.33324329166669,1762983272.9368515,-0.01883936,1.5944076,-0.04190798,-0.08777095,0.024797203,-0.005099669,0.9958189
16.35075058333325,1762983272.9543588,-0.018771887,1.594425,-0.041972354,-0.0877146,0.024812147,-0.005229241,0.99582285
16.375773458333356,1762983272.9793816,-0.018658698,1.5944107,-0.04204537,-0.08788051,0.024897853,-0.0053475876,0.99580544
16.394436916666677,1762983272.998045,-0.018570065,1.5943973,-0.04209408,-0.088016875,0.024877641,-0.0057311184,0.9957918
16.412675124999964,1762983273.0162833,-0.018473327,1.5943933,-0.042137668,-0.08808279,0.024733104,-0.00613522,0.99578714
16.430237666666585,1762983273.033846,-0.018361425,1.5944002,-0.042174626,-0.088083096,0.024471914,-0.006365646,0.99579215
16.44784412499996,1762983273.0514522,-0.018230677,1.5944,-0.042202666,-0.0881018,0.024082372,-0.006421047,0.9957996
16.465053874999967,1762983273.068662,-0.018089414,1.5943916,-0.042219833,-0.08814548,0.023621103,-0.006358599,0.99580723
16.482546958333273,1762983273.0861552,-0.017944872,1.594377,-0.042233616,-0.08817813,0.023156576,-0.006289571,0.9958157
16.511359125000013,1762983273.1149673,-0.017741144,1.5943387,-0.0422557,-0.08819044,0.022618733,-0.0063353013,0.99582666
16.528946625000003,1762983273.1325548,-0.017640842,1.5942897,-0.042243276,-0.08831696,0.02245412,-0.0064221476,0.99581856
16.54876774999991,1762983273.152376,-0.01753764,1.5942031,-0.042183664,-0.08866506,0.02241828,-0.0064062076,0.9957886
16.58477420833333,1762983273.1883824,-0.017350376,1.5940907,-0.042060494,-0.08926064,0.022471337,-0.006315527,0.99573475
16.610606666666627,1762983273.2142148,-0.017200708,1.5940874,-0.041993648,-0.08920556,0.022341305,-0.0063535743,0.9957424
16.628593583333327,1762983273.2322018,-0.017083287,1.5940919,-0.041930422,-0.08910651,0.022081029,-0.0064438153,0.99575645
16.64612704166666,1762983273.249735,-0.016951954,1.5940791,-0.041827593,-0.08920588,0.021754624,-0.006373986,0.9957552
16.663524999999936,1762983273.2671332,-0.016802788,1.5940535,-0.041681275,-0.089416385,0.021435251,-0.0061242515,0.9957448
16.682783125000014,1762983273.2863913,-0.016623557,1.5940472,-0.041506693,-0.08945334,0.02100015,-0.0058770394,0.9957523
16.709860958333252,1762983273.3134692,-0.016337931,1.5940976,-0.04128495,-0.08885387,0.020047417,-0.00585423,0.9958257
16.727330416666632,1762983273.3309386,-0.016126335,1.5941036,-0.04112172,-0.08855318,0.019209813,-0.00581432,0.9958692
16.748819291666678,1762983273.3524275,-0.015855884,1.5940442,-0.040877644,-0.0885397,0.01811058,-0.005620233,0.9958921
16.77614349999999,1762983273.3797517,-0.015535653,1.5939133,-0.04052794,-0.08892295,0.01697036,-0.005521288,0.9958787
16.796041958333262,1762983273.39965,-0.015342451,1.5937979,-0.04024983,-0.08946875,0.01652436,-0.005535463,0.9958372
16.81277579166658,1762983273.416384,-0.015186965,1.5937207,-0.040024996,-0.08981451,0.016280228,-0.005535344,0.9958101
16.829698833333282,1762983273.433307,-0.015027165,1.5936942,-0.039826363,-0.089966744,0.01604822,-0.005496455,0.9958003
16.847180666666645,1762983273.4507887,-0.014875054,1.5937146,-0.039646342,-0.089930646,0.015822629,-0.005600824,0.9958066
16.875969541666677,1762983273.4795778,-0.014671624,1.5938222,-0.03938757,-0.089637816,0.015476457,-0.0060523506,0.99583584
16.89634929166664,1762983273.4999573,-0.014562762,1.5939384,-0.03922208,-0.08934827,0.015333809,-0.0062258905,0.99586296
16.91558966666662,1762983273.5191977,-0.014482868,1.5940632,-0.039097328,-0.08900257,0.015367024,-0.0063550095,0.9958925
16.939026416666593,1762983273.5426345,-0.014396191,1.5942097,-0.038983494,-0.088439345,0.01562026,-0.0062935594,0.99593914
16.9567654166666,1762983273.5603735,-0.014352418,1.5943016,-0.03889327,-0.0881017,0.015909346,-0.0059836074,0.9959665
16.974440749999985,1762983273.578049,-0.014318407,1.594388,-0.038802773,-0.08780824,0.016257865,-0.0055593066,0.9959892
16.993172125,1762983273.5967803,-0.014294863,1.5944908,-0.038711384,-0.08749069,0.01664214,-0.005244555,0.9960125
17.010841625000012,1762983273.6144497,-0.014267445,1.5945988,-0.03864135,-0.08710702,0.016955873,-0.0050645154,0.9960418
17.028467833333252,1762983273.632076,-0.014228058,1.5946978,-0.038578693,-0.086687826,0.017218022,-0.0048101884,0.9960751
17.045662833333267,1762983273.649271,-0.014181781,1.594764,-0.038510527,-0.086345285,0.017515797,-0.0044311727,0.99610144
17.063151708333294,1762983273.6667597,-0.014125943,1.5948017,-0.038427427,-0.086137116,0.017887486,-0.004076586,0.9961144
17.083504791666655,1762983273.6871128,-0.014056444,1.594813,-0.038313597,-0.086021416,0.018303528,-0.0038562035,0.9961177
17.106240958333274,1762983273.709849,-0.013946712,1.5947851,-0.038164794,-0.08607853,0.018668361,-0.0037393735,0.99610645
17.125133124999934,1762983273.7287412,-0.013812161,1.5947475,-0.038041044,-0.08614528,0.018885242,-0.0035908676,0.9960971
17.142565708333336,1762983273.7461739,-0.013659704,1.5947313,-0.037943836,-0.086159475,0.019058863,-0.0034849567,0.9960929
17.160089541666594,1762983273.7636976,-0.013496983,1.5947388,-0.037853148,-0.08605891,0.019158449,-0.0035675964,0.9960994
17.17713408333327,1762983273.7807422,-0.013331354,1.5947671,-0.037767246,-0.08586256,0.019125782,-0.0038902494,0.9961158
17.194521624999993,1762983273.7981298,-0.013147878,1.5948099,-0.037674796,-0.085651785,0.01897648,-0.004231213,0.9961354
17.212344833333304,1762983273.815953,-0.012950063,1.594852,-0.037562907,-0.085480705,0.018744055,-0.004379026,0.9961539
17.23010124999996,1762983273.8337095,-0.012757063,1.5948877,-0.03743565,-0.08535357,0.018486355,-0.0044364757,0.9961693
17.248950666666587,1762983273.8525589,-0.0125668645,1.5949259,-0.03729245,-0.08518455,0.018175278,-0.0044880873,0.9961893
17.27935112499995,1762983273.8829594,-0.012309051,1.5949855,-0.03704687,-0.0849162,0.017787639,-0.004454553,0.99621934
17.29673212499995,1762983273.9003403,-0.012204326,1.5950208,-0.036897916,-0.084741525,0.017746314,-0.004379758,0.9962353
17.314249666666683,1762983273.917858,-0.012132811,1.5950645,-0.036750656,-0.08453137,0.017857116,-0.0043307273,0.9962514
17.33187558333327,1762983273.9354837,-0.012086213,1.5951246,-0.036633313,-0.08423892,0.018087696,-0.0042808494,0.9962722
17.349252999999976,1762983273.952861,-0.012063146,1.5951997,-0.036558867,-0.08388242,0.018429808,-0.004205117,0.99629635
17.375721124999927,1762983273.9793293,-0.0120600825,1.5953257,-0.03647827,-0.08323672,0.019154677,-0.003984474,0.9963377
17.39347799999996,1762983273.997086,-0.012065507,1.5954183,-0.036449943,-0.082775325,0.019718397,-0.0038128651,0.99636585
17.412875750000012,1762983274.0164838,-0.012067556,1.5955484,-0.03646426,-0.08217178,0.020349441,-0.0036421572,0.9964038
17.430221333333293,1762983274.0338295,-0.012055755,1.5957015,-0.036530837,-0.08151723,0.020846669,-0.0034717822,0.99644786
17.447594958333298,1762983274.051203,-0.012023866,1.5958529,-0.036627084,-0.080887586,0.021239161,-0.0032867892,0.9964915
17.479320708333262,1762983274.082929,-0.011966407,1.595931,-0.036714256,-0.08069371,0.021701142,-0.0034652106,0.9964967
17.497356958333285,1762983274.100965,-0.011951387,1.5958376,-0.036643296,-0.08127845,0.02188242,-0.0039030227,0.99644357
17.514816208333286,1762983274.1184244,-0.011941946,1.5957282,-0.036510337,-0.08190965,0.02207654,-0.0042512035,0.9963861
17.54321374999995,1762983274.146822,-0.011867404,1.5956771,-0.03626202,-0.08230745,0.022332912,-0.004436605,0.99634683
17.56060229166667,1762983274.1642103,-0.011790454,1.5957575,-0.036112607,-0.08205853,0.022322936,-0.004330472,0.99636805
17.577293166666664,1762983274.1809013,-0.011704576,1.5959088,-0.035968933,-0.081509225,0.022132283,-0.0042164307,0.9964179
17.594371583333327,1762983274.1979797,-0.011607063,1.5961218,-0.035812426,-0.080665685,0.021833329,-0.0040855235,0.9964937
17.61258783333335,1762983274.216196,-0.011498272,1.5963931,-0.035628244,-0.07954156,0.021557193,-0.003772201,0.9965913
17.629761499999972,1762983274.2333696,-0.011394978,1.5966794,-0.035444915,-0.07826806,0.021447014,-0.0034323393,0.9966957
17.64843483333334,1762983274.252043,-0.011288143,1.5970039,-0.035234977,-0.07671978,0.021510543,-0.0031752945,0.99681556
17.678972208333334,1762983274.2825804,-0.011151112,1.597456,-0.034853358,-0.074420884,0.021853246,-0.0032420778,0.9969822
17.69641066666668,1762983274.3000188,-0.011090315,1.5976574,-0.034627113,-0.07337442,0.022097725,-0.0034906422,0.9970535
17.713854541666592,1762983274.3174627,-0.011029673,1.5978317,-0.03441063,-0.07250891,0.022321735,-0.0036871913,0.9971111
17.731243708333295,1762983274.3348517,-0.010949135,1.5979929,-0.034221277,-0.071755484,0.022493074,-0.0038603686,0.9971611
17.748650083333246,1762983274.3522582,-0.010850549,1.598134,-0.03405854,-0.071128465,0.022566685,-0.0040387046,0.99720365
17.77398574999995,1762983274.377594,-0.010718524,1.5982715,-0.033837393,-0.07056862,0.02252701,-0.0043662046,0.9972429
17.79275870833328,1762983274.3963668,-0.010625243,1.5983423,-0.033687547,-0.07031365,0.022444604,-0.004396088,0.9972627
17.81131020833334,1762983274.4149184,-0.010538972,1.5984164,-0.033558596,-0.070035905,0.022443568,-0.0041101845,0.99728346
17.82888433333335,1762983274.4324925,-0.010469556,1.5985024,-0.033454895,-0.06968733,0.022558853,-0.0037470863,0.99730676
17.845756958333254,1762983274.4493651,-0.010417975,1.5985936,-0.03336503,-0.06928081,0.022748614,-0.0035630073,0.99733144
17.86231399999997,1762983274.465922,-0.010383606,1.5986915,-0.033280566,-0.068859525,0.022924852,-0.0036808737,0.9973561
17.879347833333327,1762983274.482956,-0.0103539,1.5988041,-0.033201862,-0.0683407,0.023070324,-0.0039580627,0.9973874
17.89680649999991,1762983274.5004146,-0.010322464,1.5989383,-0.03312816,-0.0678025,0.023184365,-0.004078431,0.997421
17.9142837083333,1762983274.517892,-0.010288107,1.5990735,-0.033058774,-0.067282975,0.023292545,-0.004043434,0.9974538
17.944534999999973,1762983274.5481431,-0.010217416,1.5993128,-0.033009198,-0.0662303,0.023454336,-0.003894319,0.99752104
17.961978374999944,1762983274.5655866,-0.010175264,1.5994637,-0.033014778,-0.06556571,0.023549331,-0.0038574375,0.9975629
17.97948974999997,1762983274.583098,-0.010140121,1.5996349,-0.033039957,-0.06482406,0.02366691,-0.003963746,0.9976081
17.99705045833332,1762983274.6006587,-0.010110617,1.5998094,-0.033076465,-0.06410626,0.023810199,-0.00417204,0.99765027
18.014477083333304,1762983274.6180851,-0.010087955,1.5999684,-0.033114534,-0.06350266,0.023916941,-0.0043799835,0.99768543
18.032007916666657,1762983274.635616,-0.010060168,1.600123,-0.03316534,-0.06293768,0.02402906,-0.004525441,0.99771786
18.04958499999998,1762983274.6531932,-0.010030508,1.6002859,-0.033227697,-0.06235178,0.024149058,-0.004590007,0.9977515
18.077868708333312,1762983274.6814768,-0.00999552,1.600544,-0.033351168,-0.06128363,0.024219165,-0.0048590982,0.99781466
18.09527445833328,1762983274.6988826,-0.009982503,1.6006873,-0.03342809,-0.060616855,0.024140492,-0.005171956,0.9978557
18.11423408333326,1762983274.717842,-0.009972632,1.6008143,-0.033481926,-0.06003061,0.02398073,-0.005394365,0.99789387
18.131724874999918,1762983274.735333,-0.009979248,1.6008819,-0.033486247,-0.059820976,0.023883175,-0.0054038605,0.9979088
18.14880812499996,1762983274.7524164,-0.010013998,1.6009076,-0.0334436,-0.05985456,0.02388995,-0.0052764895,0.9979073
18.17659125,1762983274.7801993,-0.010116673,1.6010227,-0.033314247,-0.059626404,0.023919014,-0.005391885,0.99791956
18.193970083333284,1762983274.797578,-0.010199345,1.6012406,-0.03327455,-0.058842074,0.023796914,-0.005665288,0.99796754
18.2116274166666,1762983274.8152356,-0.010284424,1.601588,-0.03329946,-0.057445195,0.023459109,-0.005837577,0.99805593
18.229026916666612,1762983274.8326352,-0.010135687,1.6020831,-0.033648286,-0.05569062,0.023025475,-0.0057844347,0.9981658
18.24896262499999,1762983274.8525708,-0.009974576,1.6026422,-0.03405725,-0.053623006,0.022524003,-0.0052542,0.99829334
18.27584079166661,1762983274.879449,-0.010015547,1.6031649,-0.034265548,-0.05141218,0.022081954,-0.00433695,0.99842393
18.29272816666662,1762983274.8963363,-0.010128236,1.6033882,-0.034260157,-0.050369732,0.021975031,-0.0038778873,0.99848133
18.31195783333328,1762983274.915566,-0.010254729,1.603633,-0.034230154,-0.04927447,0.021996623,-0.0034500323,0.9985371
18.329494291666606,1762983274.9331024,-0.010359049,1.6038873,-0.03420697,-0.048201464,0.022096576,-0.0031162337,0.9985883
18.353147041666602,1762983274.9567552,-0.010477043,1.6043063,-0.0342107,-0.046473514,0.022297358,-0.0028724344,0.9986665
18.374551208333287,1762983274.9781594,-0.010557092,1.6047342,-0.03423861,-0.044621337,0.022426102,-0.0028099571,0.9987483
18.392630666666605,1762983274.9962387,-0.010597444,1.6050899,-0.03426372,-0.04298715,0.022450028,-0.0027956946,0.9988195
18.409946499999933,1762983275.0135546,-0.010615051,1.6054085,-0.034288958,-0.041478142,0.022384716,-0.0028187877,0.9988847
18.427355749999947,1762983275.030964,-0.010614705,1.6057137,-0.034316275,-0.04003351,0.022238046,-0.0028435867,0.9989468
18.4448045416666,1762983275.0484126,-0.0105983615,1.6060097,-0.03434992,-0.038668476,0.022018403,-0.0028703022,0.9990054
18.462916708333296,1762983275.0665247,-0.0105775595,1.6063075,-0.034392312,-0.03732606,0.021731919,-0.0029180532,0.99906254
18.481115875,1762983275.084724,-0.010555136,1.6066189,-0.03445145,-0.036060177,0.021392269,-0.0029982897,0.9991161
18.506115874999978,1762983275.109724,-0.010520041,1.6070955,-0.034570083,-0.034151014,0.020859722,-0.0030040606,0.9991945
18.523399749999953,1762983275.127008,-0.010484636,1.6074584,-0.034673363,-0.032763604,0.020560885,-0.0028207784,0.99924767
18.54225195833328,1762983275.1458602,-0.010416687,1.6078913,-0.03483711,-0.031017577,0.020310195,-0.0025170576,0.9993093
18.56098120833326,1762983275.1645894,-0.010226524,1.6084012,-0.03519881,-0.028879225,0.020017676,-0.0024371915,0.99937946
18.58824945833328,1762983275.1918576,-0.00996387,1.6092635,-0.03573793,-0.025128504,0.019311327,-0.0023705186,0.99949485
18.612003958333275,1762983275.2156122,-0.009725344,1.6100857,-0.036208022,-0.021669239,0.018646326,-0.0018275412,0.9995896
18.629859499999952,1762983275.2334676,-0.009543896,1.6107005,-0.036573395,-0.01896285,0.018270759,-0.0010394511,0.9996527
18.647693249999975,1762983275.2513013,-0.009357191,1.6113534,-0.036994923,-0.015948107,0.017895835,-0.00022222319,0.99971265
18.665218208333272,1762983275.2688262,-0.009162903,1.612103,-0.03750533,-0.012523295,0.01739861,0.00023118667,0.99977016
18.683233125000015,1762983275.2868412,-0.0089460015,1.6129436,-0.038119063,-0.008651262,0.016737737,0.00029075,0.99982244
18.707788041666618,1762983275.3113961,-0.008608448,1.6140358,-0.039006602,-0.003727502,0.015825683,0.00049198064,0.99986774
18.725673916666665,1762983275.329282,-0.0083088875,1.6147733,-0.039700866,-0.00058229174,0.015196822,0.0007570488,0.99988407
18.74320545833325,1762983275.3468137,-0.008003116,1.6154974,-0.040462583,0.0025269329,0.014393216,0.00055216806,0.99989307
18.76068162499996,1762983275.3642898,-0.007715285,1.6162558,-0.041299745,0.00584514,0.013207409,-0.00017327166,0.9998957
18.77802779166666,1762983275.381636,-0.0074492097,1.6170303,-0.042205602,0.009230976,0.011667232,-0.001147896,0.99988866
18.795455791666654,1762983275.3990638,-0.007219255,1.6177689,-0.043164298,0.012386492,0.009995718,-0.002031808,0.99987125
18.81465958333331,1762983275.4182677,-0.007039547,1.6185085,-0.044257298,0.015407488,0.008245968,-0.0025980019,0.99984396
18.840855541666656,1762983275.4444637,-0.0069422126,1.6194141,-0.04583648,0.019134654,0.0060879136,-0.0027653028,0.9997946
18.87515374999998,1762983275.478762,-0.0070585012,1.6205473,-0.048137724,0.024064938,0.0034233832,-0.0026943441,0.9997009
18.89508208333325,1762983275.4986901,-0.0072293878,1.6211307,-0.049572647,0.026433919,0.0020289766,-0.0023577372,0.9996457
18.914505874999918,1762983275.518114,-0.007472468,1.6216357,-0.05100513,0.028273564,0.00087701564,-0.0019265641,0.99959797
18.942636541666616,1762983275.5462446,-0.0078882575,1.622292,-0.053100258,0.030388765,-0.0003517762,-0.0011797484,0.9995374
18.960062791666587,1762983275.5636709,-0.008166492,1.6226435,-0.05437188,0.031371742,-0.00092087185,-0.0005213432,0.9995072
18.97743316666663,1762983275.5810413,-0.008453429,1.6229408,-0.055606067,0.03213501,-0.0013866223,0.00015603517,0.9994826
18.994348249999916,1762983275.5979564,-0.00873673,1.6231868,-0.05677475,0.032706797,-0.0018036871,0.0007968927,0.9994631
19.013227958333346,1762983275.616836,-0.00903672,1.6234152,-0.05802384,0.033147447,-0.0023360536,0.0014511939,0.99944663
19.030589125000006,1762983275.6341972,-0.009287655,1.62361,-0.059124887,0.033406187,-0.0028927869,0.0021060673,0.9994354
19.04805849999991,1762983275.6516666,-0.009514511,1.623783,-0.060184583,0.033565972,-0.003506646,0.0028366575,0.9994263
19.075884583333277,1762983275.6794927,-0.00981158,1.6239719,-0.06175922,0.033446617,-0.00438818,0.0042410605,0.9994219
19.093254208333292,1762983275.6968622,-0.0099589,1.6240178,-0.06268193,0.03313288,-0.004861782,0.005013477,0.99942654
19.11177158333328,1762983275.7153797,-0.0100858575,1.6239644,-0.06363353,0.032516956,-0.0053307987,0.005549035,0.99944156
19.129196750000006,1762983275.7328048,-0.010163796,1.623789,-0.06452287,0.0313822,-0.0057479218,0.005712847,0.9994746
19.147352291666607,1762983275.7509604,-0.010174609,1.6234499,-0.0654556,0.029340062,-0.00620348,0.005523293,0.99953496
19.164700999999923,1762983275.768309,-0.010161591,1.6229452,-0.06631135,0.026548205,-0.006623807,0.005183658,0.99961215
19.182146166666598,1762983275.7857542,-0.010141432,1.622306,-0.06712735,0.023240969,-0.007043944,0.004798453,0.9996936
19.20711066666661,1762983275.8107188,-0.010089874,1.6212237,-0.068208024,0.017752813,-0.007622357,0.004323747,0.999804
19.22507295833327,1762983275.828681,-0.010038376,1.6204062,-0.06890802,0.013791496,-0.008040171,0.0041258982,0.99986404
19.245890541666654,1762983275.8494987,-0.00997287,1.6195564,-0.06963171,0.0098605575,-0.008574512,0.003928756,0.9999069
19.263319333333357,1762983275.8669274,-0.009919107,1.6189392,-0.070154205,0.007123102,-0.009022496,0.003800287,0.9999267
19.28078420833333,1762983275.8843923,-0.009873152,1.6183904,-0.070594266,0.004704003,-0.009409702,0.0037467594,0.99993765
19.298502083333346,1762983275.90211,-0.009831286,1.6179122,-0.070977405,0.0026061533,-0.009801515,0.0037006403,0.9999417
19.31592879166658,1762983275.9195368,-0.009792209,1.6175258,-0.07131453,0.00090979785,-0.01028521,0.003533906,0.99994045
19.34335966666663,1762983275.9469678,-0.009728134,1.6170573,-0.071777,-0.0012205036,-0.011264258,0.0035589475,0.9999294
19.360763333333352,1762983275.9643714,-0.009687185,1.616822,-0.072047144,-0.0023076483,-0.011859837,0.0038300958,0.99991965
19.378232166666635,1762983275.9818404,-0.009652853,1.6166233,-0.072300956,-0.003243398,-0.012343267,0.004146362,0.99990994
19.39567308333335,1762983275.9992812,-0.009623647,1.6164496,-0.07253513,-0.004109822,-0.012740487,0.0044109016,0.99990064
19.415220708333322,1762983276.0188289,-0.00959003,1.6162746,-0.07278626,-0.0050350805,-0.013121476,0.004566207,0.9998908
19.432622166666647,1762983276.0362303,-0.009553969,1.6161451,-0.0730114,-0.0057319338,-0.013403662,0.0046852166,0.99988276
19.450054000000023,1762983276.053662,-0.009510398,1.6160411,-0.0732456,-0.0062964936,-0.01359371,0.0047859224,0.9998763
19.475439833333326,1762983276.079048,-0.0094406605,1.6158972,-0.07358283,-0.00707528,-0.01371852,0.004922192,0.99986875
19.493666374999975,1762983276.0972745,-0.009391117,1.615793,-0.07382297,-0.0076241097,-0.013718918,0.004816034,0.99986523
19.512124499999913,1762983276.1157327,-0.009347558,1.6157081,-0.07406595,-0.008099553,-0.013690599,0.004559781,0.9998631
19.529672541666628,1762983276.1332808,-0.009303331,1.6156383,-0.07429545,-0.008491273,-0.013681458,0.0042309263,0.9998614
19.54830812499995,1762983276.1519163,-0.009239614,1.6155546,-0.07453364,-0.008836817,-0.013742305,0.0038424095,0.99985915
19.576846083333294,1762983276.1804543,-0.009132183,1.6153959,-0.0748893,-0.0094637135,-0.014033497,0.0033763892,0.99985105
19.594232499999976,1762983276.1978407,-0.009065092,1.6152587,-0.07509759,-0.009993921,-0.014316477,0.0032128245,0.9998424
19.61239083333328,1762983276.215999,-0.008980751,1.6151044,-0.07532002,-0.010572098,-0.014758614,0.0030718993,0.9998305
19.629054166666606,1762983276.2326622,-0.008868265,1.6149402,-0.0755224,-0.011198762,-0.015444555,0.003005709,0.9998135
19.647022458333254,1762983276.2506306,-0.008659256,1.6147054,-0.075722955,-0.012097567,-0.016734388,0.002928394,0.9997825
19.664937958333326,1762983276.268546,-0.008275926,1.6143929,-0.07589121,-0.013209771,-0.0189406,0.00293247,0.99972904
19.68233779166667,1762983276.285946,-0.0077409507,1.6140684,-0.07603186,-0.014518095,-0.02228831,0.0030616485,0.9996415
19.714831499999946,1762983276.3184397,-0.0061768293,1.6134331,-0.076232895,-0.017515093,-0.03274555,0.0033082946,0.9993048
19.74256333333335,1762983276.3461714,-0.004178226,1.6130135,-0.07640436,-0.019718992,-0.047116313,0.0036032284,0.9986883
19.760125000000016,1762983276.363733,-0.0025434494,1.6128418,-0.07648888,-0.020711917,-0.058728445,0.0041217953,0.99805063
19.77836283333329,1762983276.381971,-0.00060305616,1.6126939,-0.076529086,-0.021619864,-0.07217588,0.0049965265,0.99714506
19.795733541666664,1762983276.3993416,0.0013731718,1.6125839,-0.0765392,-0.022337964,-0.08556357,0.0061239004,0.9960635
19.814029124999934,1762983276.4176373,0.0035031077,1.6125518,-0.07655646,-0.022567581,-0.099734224,0.007486583,0.99473
19.844332916666644,1762983276.447941,0.0069144606,1.6126754,-0.076642066,-0.021933714,-0.121926226,0.010253304,0.99224377
19.861774624999953,1762983276.4653828,0.008637953,1.6127623,-0.07673661,-0.02160597,-0.13255045,0.011777629,0.9908707
19.879249791666666,1762983276.482858,0.010038853,1.6128349,-0.07690005,-0.021442177,-0.14059088,0.012837708,0.9897523
19.89660195833335,1762983276.50021,0.011035919,1.6128726,-0.07714264,-0.021505585,-0.1455967,0.013252022,0.9890215
19.913977458333306,1762983276.5175855,0.01163435,1.6128705,-0.07746622,-0.021764094,-0.14769883,0.013119927,0.9887059
19.943901583333286,1762983276.5475097,0.011781716,1.6127398,-0.07803789,-0.022159005,-0.14532313,0.011827991,0.98906535
19.961418916666616,1762983276.565027,0.011451066,1.6126795,-0.078462675,-0.022111004,-0.14125638,0.010693401,0.9896683
19.978833083333257,1762983276.5824413,0.010918665,1.6126634,-0.07895408,-0.021814074,-0.13600679,0.009489291,0.9904222
19.99629533333325,1762983276.5999036,0.010259234,1.6126807,-0.07948057,-0.021356331,-0.13016494,0.008254793,0.991228
20.014577916666667,1762983276.618186,0.009572589,1.6126809,-0.079986915,-0.020916864,-0.12398731,0.007055512,0.99203825
20.043663833333312,1762983276.6472719,0.008613122,1.6126331,-0.08065552,-0.020584555,-0.115243204,0.0057293093,0.9931075
20.061087999999927,1762983276.6646962,0.008107007,1.612559,-0.080982864,-0.020680346,-0.11085005,0.004971841,0.9936095
20.08313895833328,1762983276.686747,0.007532716,1.6124552,-0.08133964,-0.020970345,-0.10607856,0.004032757,0.9941284
20.112117541666635,1762983276.7157257,0.0069025992,1.6124294,-0.08176285,-0.020901736,-0.1011676,0.0030397477,0.9946451
20.12963562499999,1762983276.7332437,0.0066400766,1.6124847,-0.08202395,-0.020735485,-0.09894499,0.0025867766,0.9948735
20.147254249999946,1762983276.7508624,0.0064716935,1.612556,-0.08227671,-0.020614063,-0.09723616,0.0023043223,0.9950452
20.175376041666595,1762983276.778984,0.0062295794,1.6126392,-0.08260126,-0.020392258,-0.09511506,0.0022343823,0.9952549
20.194420333333255,1762983276.7980285,0.0060478686,1.6126862,-0.08278166,-0.020208778,-0.09388817,0.0022990077,0.995375
20.211819333333324,1762983276.8154275,0.0058741695,1.6127387,-0.0829295,-0.019970642,-0.09289071,0.0023653684,0.9954732
20.229240000000004,1762983276.832848,0.0056969523,1.6128185,-0.08307425,-0.019717606,-0.09208324,0.0025158175,0.9955529
20.246919333333267,1762983276.8505275,0.0055174953,1.6129122,-0.08320396,-0.019544056,-0.09145676,0.0027617484,0.9956134
20.26429670833329,1762983276.867905,0.0053404444,1.6129856,-0.08330017,-0.019503875,-0.09091955,0.0030244093,0.9956626
20.28177279166664,1762983276.885381,0.005154324,1.6130489,-0.08337765,-0.019435575,-0.0903559,0.0032455309,0.9957146
20.312864833333265,1762983276.916473,0.0048161745,1.6131995,-0.083490945,-0.018920971,-0.08933126,0.0037492695,0.9958152
