{
  "audio_start" : 0.14103637499999877,
  "start_uptime" : 475.3591577916667,
  "start_wall" : 1760560470.493223,
  "world_anchor" : {
    "id" : "FB602FD0-A05C-4B09-A3E4-9B46016472A8"
  }
}