{
  "leftIntrinsics" : {
    "m21" : 352,
    "m00" : 496.95917,
    "m20" : 432,
    "m10" : 0,
    "m12" : 0,
    "m01" : 0,
    "m22" : 1,
    "m11" : 496.95917,
    "m02" : 0
  },
  "rightExtrinsics" : {
    "m10" : -2.0336968e-09,
    "m31" : 0,
    "m02" : -2.451543e-09,
    "m21" : 2.6181226e-09,
    "m11" : -1.0000001,
    "m03" : -0.031875852,
    "m00" : 1,
    "m13" : -0.025370182,
    "m12" : 2.6181226e-09,
    "m23" : -0.05227636,
    "m33" : 1.0000001,
    "m01" : -7.6027096e-10,
    "m22" : -1,
    "m20" : 2.451543e-09,
    "m32" : 0,
    "m30" : 0
  },
  "leftExtrinsics" : {
    "m22" : -1,
    "m12" : -7.222711e-11,
    "m03" : 0.031896107,
    "m00" : 0.99999994,
    "m32" : 0,
    "m13" : -0.02526945,
    "m01" : -1.0825014e-09,
    "m02" : -1.202686e-08,
    "m31" : 0,
    "m20" : 1.202686e-08,
    "m10" : 2.176429e-10,
    "m11" : -0.99999994,
    "m33" : 1,
    "m21" : 2.3134383e-11,
    "m30" : 0,
    "m23" : -0.0521599
  },
  "rightIntrinsics" : {
    "m21" : 352,
    "m00" : 496.95917,
    "m20" : 432,
    "m10" : 0,
    "m12" : 0,
    "m01" : 0,
    "m22" : 1,
    "m11" : 496.95917,
    "m02" : 0
  }
}