t_mono,t_wall,x,y,z,qx,qy,qz,qw
0.36951924999993935,1762983177.3658333,0.0009164214,1.5835724,-0.07702683,-0.009010122,0.008321324,0.0014538136,0.99992377
0.3879037916666448,1762983177.3842177,0.00077693333,1.5830133,-0.07628546,-0.010409107,0.0084840935,0.0011636057,0.9999091
0.40450508333333346,1762983177.400819,0.0006078018,1.5825785,-0.07568725,-0.011301308,0.008539378,0.0007462099,0.9998994
0.42180641666664087,1762983177.4181204,0.0004248619,1.5821698,-0.07513866,-0.011931192,0.008500601,0.00011864622,0.9998927
0.43906570833325986,1762983177.4353797,0.0002117753,1.5817997,-0.0746557,-0.012469144,0.0083613945,-0.0006544329,0.9998871
0.45632629166664174,1762983177.4526403,-1.7285347e-05,1.5814323,-0.07422428,-0.01310938,0.008104826,-0.0013288384,0.9998804
0.4735924999999952,1762983177.4699066,-0.00025767088,1.5810521,-0.073852494,-0.0138631165,0.007749975,-0.0017165727,0.9998724
0.49085649999994985,1762983177.4871705,-0.0005159742,1.5806891,-0.07355436,-0.0145275835,0.007390051,-0.0016659179,0.9998658
0.5081312083333387,1762983177.5044453,-0.00079905987,1.5803646,-0.07333012,-0.015057598,0.007070436,-0.0012932144,0.9998608
0.5259085000000141,1762983177.5222225,-0.0011250973,1.5800875,-0.07316336,-0.015424059,0.0068182657,-0.00076489686,0.99985754
0.5488452083333186,1762983177.5451593,-0.0015955336,1.5798448,-0.07304717,-0.015740894,0.0066675995,-0.00010024515,0.9998539
0.5661802083333214,1762983177.5624943,-0.0019767648,1.5797136,-0.07302911,-0.01600066,0.0067376597,0.00034599833,0.9998492
0.5846048333332874,1762983177.5809188,-0.0023909807,1.5795686,-0.07305822,-0.01660703,0.0070861545,0.0008848201,0.9998366
0.6019777499999464,1762983177.5982919,-0.0027804738,1.579417,-0.07312781,-0.017430507,0.0076629184,0.0015096163,0.9998176
0.6188768749999554,1762983177.615191,-0.0031533604,1.5792619,-0.073240764,-0.018337687,0.0084033245,0.0020709517,0.9997944
0.6361804583333424,1762983177.6324944,-0.003517641,1.5790902,-0.07340907,-0.01939656,0.009297432,0.0025300037,0.99976546
0.6552033749999282,1762983177.6515174,-0.003893733,1.5788975,-0.07365467,-0.020545641,0.01035975,0.0028387206,0.99973124
0.6724581249999346,1762983177.6687722,-0.0042119026,1.5787313,-0.073930666,-0.021600239,0.011334203,0.0029209813,0.99969816
0.6897774583333103,1762983177.6860914,-0.004503727,1.5785774,-0.074249655,-0.022672866,0.01227079,0.0029444823,0.99966335
0.707096166666588,1762983177.7034101,-0.0047695637,1.5784264,-0.074593395,-0.023679623,0.013066694,0.0028251093,0.9996302
0.7244155833333252,1762983177.7207296,-0.005010426,1.5782723,-0.074952215,-0.02463406,0.013707621,0.0026575986,0.99959904
0.7419293333332462,1762983177.7382433,-0.0052254796,1.5781054,-0.075332046,-0.025537878,0.014189471,0.0024953808,0.99957
0.759170083333288,1762983177.755484,-0.0054025184,1.5779312,-0.075722344,-0.026405958,0.01451616,0.0023967733,0.999543
0.7765299166666182,1762983177.772844,-0.0055655604,1.5777379,-0.07610872,-0.027222633,0.014698809,0.002275435,0.99951875
0.7939444583332715,1762983177.7902584,-0.0057207346,1.5775337,-0.076486066,-0.028056676,0.014775198,0.002137239,0.99949485
0.8160569166666392,1762983177.812371,-0.005917549,1.5772651,-0.076949835,-0.029190414,0.014750493,0.0019046471,0.99946326
0.8334301249999498,1762983177.829744,-0.0060780644,1.5770605,-0.07730837,-0.03005961,0.014701181,0.0017352795,0.99943846
0.8511927916666764,1762983177.8475068,-0.0062530404,1.576853,-0.077669404,-0.030907452,0.01461626,0.0016251714,0.999414
0.8684731666666039,1762983177.864787,-0.006440103,1.5766581,-0.078022525,-0.03170212,0.014593525,0.0015972725,0.9993895
0.8858614583332383,1762983177.8821754,-0.006652117,1.5764642,-0.07837659,-0.032477506,0.0146614285,0.0016409379,0.9993636
0.9032062083332448,1762983177.8995202,-0.0068900455,1.5762693,-0.078730844,-0.033297114,0.01484449,0.0016909346,0.99933386
0.920838124999932,1762983177.9171522,-0.007160902,1.5760692,-0.07909487,-0.034113202,0.015129035,0.0016578207,0.9993021
0.938354708333236,1762983177.9346688,-0.007441044,1.5758862,-0.079459995,-0.034803268,0.01546583,0.0016190968,0.99927324
0.9642766666665921,1762983177.9605906,-0.007860826,1.5756402,-0.07999868,-0.035697013,0.01614964,0.001773085,0.9992306
0.9956882916666245,1762983177.9920022,-0.00842464,1.5753899,-0.08064589,-0.03668953,0.017229605,0.0019755545,0.9991762
1.0241315833333147,1762983178.0204456,-0.00896889,1.5752137,-0.08120687,-0.037634563,0.018301386,0.0020726374,0.99912184
1.0415484999999762,1762983178.0378625,-0.0093051195,1.575109,-0.0815237,-0.038224418,0.01899333,0.002274729,0.9990861
1.0591586250000091,1762983178.0554726,-0.009642518,1.5749954,-0.08182248,-0.03886961,0.01974657,0.002626871,0.9990457
1.076477541666577,1762983178.0727916,-0.009970129,1.5748811,-0.08210759,-0.039509572,0.020493397,0.0029871552,0.99900454
1.09394487499992,1762983178.0902588,-0.01029507,1.5747969,-0.08240173,-0.04001729,0.02125207,0.0033128916,0.99896747
1.111347374999923,1762983178.1076615,-0.0106166005,1.574738,-0.08270249,-0.040385332,0.022031445,0.003653289,0.99893457
1.1288659999999027,1762983178.12518,-0.010933889,1.5746788,-0.08300602,-0.04074683,0.022876274,0.003986408,0.99889964
1.1624003333332666,1762983178.1587143,-0.01149664,1.5745593,-0.083577596,-0.041513883,0.02447247,0.0046077883,0.9988275
1.1857747499999505,1762983178.1820889,-0.011847019,1.5744575,-0.08395366,-0.042191498,0.025517575,0.0048886277,0.99877167
1.2041775000000143,1762983178.2004917,-0.012099445,1.5743589,-0.0842285,-0.042802423,0.026239244,0.004959902,0.9987266
1.2277491249999457,1762983178.2240632,-0.012377716,1.5742155,-0.084559746,-0.043597892,0.026982453,0.0049918876,0.99867225
1.2639970416665847,1762983178.2603111,-0.0127090085,1.5739696,-0.085017644,-0.044788778,0.027811373,0.0051294337,0.99859613
1.2902016666665759,1762983178.2865157,-0.012873388,1.5738031,-0.08532455,-0.045548122,0.028083462,0.005048566,0.9985545
1.306905625000013,1762983178.3032196,-0.012943566,1.5737011,-0.08550802,-0.04599583,0.028107364,0.004947047,0.99853384
1.3273210416666643,1762983178.323635,-0.013000203,1.5735736,-0.08571533,-0.04645536,0.02798028,0.0047676587,0.9985171
1.356046666666657,1762983178.3523607,-0.013017178,1.5733899,-0.08596918,-0.047083985,0.027548919,0.0045665647,0.9985005
1.373530374999973,1762983178.3698444,-0.012998415,1.5732783,-0.08610361,-0.047469538,0.02712849,0.0044359304,0.9984944
1.3903530416665717,1762983178.386667,-0.012972653,1.5731683,-0.0862197,-0.04791237,0.026674492,0.004220158,0.9984864
1.4076959583333064,1762983178.40401,-0.012943983,1.5730678,-0.08633202,-0.04829866,0.02619607,0.0039549503,0.9984816
1.4267855833332987,1762983178.4230995,-0.012911177,1.5729982,-0.08646358,-0.04861731,0.025689796,0.003702501,0.9984802
1.450133416666631,1762983178.4464474,-0.012877931,1.5729377,-0.08662863,-0.04889688,0.025177412,0.0035147946,0.99848026
1.4677233333333106,1762983178.4640374,-0.012858199,1.5728961,-0.08675126,-0.049138673,0.024904326,0.0034040452,0.9984757
1.4851788333332934,1762983178.481493,-0.012844695,1.5728611,-0.08686829,-0.049412243,0.0246871,0.0032884323,0.9984679
1.5026401249999708,1762983178.498954,-0.012833774,1.5728272,-0.08698216,-0.04970216,0.024529213,0.0031749005,0.9984578
1.5204639999999472,1762983178.516778,-0.012821602,1.5727955,-0.08709984,-0.050050944,0.024419874,0.0030965828,0.9984433
1.5382059583332648,1762983178.53452,-0.012802041,1.5727773,-0.08722817,-0.05036659,0.024343112,0.0030195208,0.99842954
1.5555577499999345,1762983178.5518718,-0.012779295,1.572778,-0.087368205,-0.0506362,0.024314849,0.0028548853,0.9984171
1.5730149583332604,1762983178.569329,-0.012759315,1.572776,-0.0874994,-0.05097223,0.024296183,0.0026257073,0.99840105
1.5904665416666148,1762983178.5867805,-0.012729025,1.5727545,-0.08761031,-0.051452897,0.024289731,0.0025199982,0.99837685
1.607791999999904,1762983178.604106,-0.01268214,1.5727174,-0.087699875,-0.051956307,0.024312573,0.0025749316,0.9983501
1.6271704999999201,1762983178.6234846,-0.01261431,1.5726925,-0.087790236,-0.052396037,0.024404505,0.0027354497,0.9983244
1.650331958333254,1762983178.646646,-0.012508405,1.5726731,-0.08788838,-0.05270849,0.024543295,0.0028798592,0.9983041
1.6671266666666043,1762983178.6634407,-0.012412429,1.5726495,-0.08795017,-0.052835394,0.02471634,0.0029386447,0.99829304
1.6894804166665836,1762983178.6857944,-0.012264526,1.5725949,-0.08801315,-0.053036075,0.02505296,0.0029624645,0.9982739
1.706798208333339,1762983178.7031124,-0.012134373,1.5725433,-0.088053614,-0.05313937,0.02530452,0.00282943,0.99826247
1.7243804583332576,1762983178.7206945,-0.011989332,1.5724899,-0.08809238,-0.05322083,0.02549897,0.0025755167,0.9982538
1.7420342499999606,1762983178.7383482,-0.0118300915,1.5724394,-0.088130206,-0.05330612,0.0256094,0.0023081517,0.99824715
1.759234708333338,1762983178.7555487,-0.011661947,1.5723917,-0.088172,-0.053431902,0.025647456,0.00214888,0.9982398
1.7765653333333375,1762983178.7728794,-0.011472093,1.5723561,-0.088219635,-0.053553484,0.025656579,0.002117422,0.9982331
1.7939071249999188,1762983178.7902212,-0.011263013,1.5723426,-0.0882871,-0.053601827,0.02558792,0.002118779,0.99823225
1.810553499999969,1762983178.8068676,-0.01104641,1.5723557,-0.088378176,-0.053538736,0.025443234,0.0020604078,0.99823946
1.8280470416666503,1762983178.824361,-0.010801196,1.5723917,-0.08849302,-0.053467806,0.025219126,0.0019874726,0.9982491
1.8534179166666718,1762983178.849732,-0.010412574,1.5724503,-0.088686004,-0.053425495,0.024714505,0.0019283658,0.99826413
1.8707496249999167,1762983178.8670638,-0.010136485,1.572505,-0.08885242,-0.053358287,0.024306312,0.0018624151,0.99827784
1.8986597916666597,1762983178.8949738,-0.009679675,1.5726138,-0.08917111,-0.053225216,0.023699766,0.0019271033,0.9982994
1.9180897499999219,1762983178.914404,-0.009354889,1.5726707,-0.08940321,-0.053241808,0.023387875,0.0020436742,0.9983057
1.9372139166666784,1762983178.933528,-0.009026766,1.5727295,-0.089646384,-0.053185415,0.023141928,0.002096274,0.99831426
1.9545265833332905,1762983178.9508407,-0.008714795,1.5727904,-0.089879036,-0.05311378,0.02292126,0.0020872029,0.9983232
1.9719707916666493,1762983178.9682848,-0.008380353,1.5728469,-0.090101376,-0.05309797,0.022696339,0.002064386,0.9983292
1.9896459166666318,1762983178.98596,-0.008029878,1.5729076,-0.09031282,-0.05314962,0.022481536,0.001958248,0.99833155
2.0070599999999104,1762983179.003374,-0.007675982,1.5730004,-0.09051766,-0.053028386,0.022262312,0.0017631527,0.9983433
2.0307729999999538,1762983179.027087,-0.007161796,1.5731528,-0.09076762,-0.052719872,0.021988178,0.0016149256,0.99836594
2.0485828333332847,1762983179.0448968,-0.0067556966,1.573259,-0.090918966,-0.05254129,0.02182502,0.001535369,0.99837905
2.065912708333258,1762983179.0622268,-0.006348325,1.5733688,-0.09104643,-0.05225678,0.021632751,0.0013559314,0.99839836
2.0846502499999815,1762983179.0809643,-0.0058845878,1.5735071,-0.09116563,-0.051814456,0.021411667,0.0011617633,0.9984265
2.104148291666661,1762983179.1004624,-0.005384326,1.5736655,-0.09125604,-0.0513371,0.021207951,0.0010250601,0.99845564
2.1219577916666594,1762983179.1182718,-0.004924834,1.5738112,-0.091303945,-0.05088641,0.021006204,0.0007208496,0.99848324
2.1395447916665944,1762983179.1358588,-0.0044485927,1.5739567,-0.09133038,-0.050487053,0.020714585,0.00033404471,0.9985098
2.155990541666597,1762983179.1523046,-0.003983438,1.5741048,-0.09135108,-0.050037622,0.020347202,3.062212e-05,0.9985401
2.173442416666603,1762983179.1697564,-0.0034941202,1.5742825,-0.091357745,-0.049446397,0.01987973,-0.000298199,0.9985789
2.1909625833333166,1762983179.1872766,-0.0030139452,1.574467,-0.09134024,-0.048775062,0.019362807,-0.00057639525,0.99862194
2.2086555416666442,1762983179.2049696,-0.0025415288,1.5746417,-0.091307186,-0.04794893,0.0188896,-0.00065802684,0.998671
2.2260778333333064,1762983179.2223918,-0.0020965934,1.5748116,-0.09127776,-0.047009,0.018501658,-0.00056132843,0.998723
2.24605295833328,1762983179.242367,-0.0016260511,1.5750077,-0.09124903,-0.04585472,0.01812369,-0.00048756748,0.9987836
2.2634218333332683,1762983179.2597358,-0.0012457139,1.5751623,-0.091215275,-0.04500429,0.017856002,-0.0005352719,0.99882704
2.2808796250000114,1762983179.2771938,-0.0008808142,1.5753026,-0.09117233,-0.04434643,0.01772186,-0.0004896916,0.9988589
2.298382666666612,1762983179.2946968,-0.00054365396,1.5754561,-0.0911423,-0.04366669,0.017694231,-0.00039626856,0.9988894
2.317753833333313,1762983179.3140678,-0.00020623207,1.5757012,-0.09115884,-0.04275948,0.017736282,-0.00049252616,0.99892783
2.3351231249999955,1762983179.331437,6.4373016e-05,1.5759718,-0.09121159,-0.041819975,0.017740186,-0.0005676968,0.9989675
2.3539623749999237,1762983179.3502765,0.00034095175,1.5762472,-0.09128597,-0.040884208,0.01781059,-0.0003836629,0.99900514
2.3713229583332804,1762983179.367637,0.0005878806,1.5764863,-0.091377094,-0.040016778,0.017998274,2.9654077e-05,0.9990369
2.3877869166666414,1762983179.384101,0.0008093947,1.5767208,-0.0915148,-0.039028596,0.018176792,0.00036105604,0.99907273
2.4059273749999193,1762983179.4022415,0.0010501378,1.5769941,-0.09173789,-0.037783105,0.018306188,0.00068513036,0.99911803
2.4234007916666087,1762983179.419715,0.0012888312,1.5772294,-0.092004046,-0.036715377,0.018407986,0.0011334287,0.9991556
2.4409124999999676,1762983179.4372265,0.0015263789,1.5773876,-0.09230838,-0.03592665,0.018599292,0.001666674,0.99917996
2.4583604999999125,1762983179.4546745,0.0017444491,1.5774688,-0.09264825,-0.035451256,0.018840887,0.0019822968,0.9991919
2.4870125833332395,1762983179.4833267,0.0020822287,1.5775753,-0.09331314,-0.03489466,0.01926558,0.0023494808,0.99920255
2.505267583333307,1762983179.5015817,0.002303885,1.5776825,-0.09382849,-0.034575652,0.019616785,0.0029583548,0.9992052
2.522953166666639,1762983179.5192673,0.0025096172,1.5778198,-0.09440451,-0.03415693,0.019954914,0.0034416148,0.9992113
2.5412962499999594,1762983179.5376103,0.0026879774,1.5779543,-0.09507436,-0.03386237,0.020219838,0.0035324611,0.9992157
2.559733583333241,1762983179.5560477,0.0028351545,1.5779972,-0.09576376,-0.03408943,0.020382617,0.0032366936,0.9992057
2.584809708333296,1762983179.5811238,0.0030300617,1.5778639,-0.09667419,-0.035213556,0.020805556,0.003272232,0.9991579
2.602260291666653,1762983179.5985744,0.0031769872,1.577764,-0.09734909,-0.03571466,0.02126657,0.003929434,0.99912804
2.6202213749999146,1762983179.6165354,0.0033206576,1.577703,-0.09809769,-0.035790574,0.021751283,0.0042393436,0.99911356
2.6376114583332537,1762983179.6339254,0.0034517283,1.577575,-0.098801814,-0.036020927,0.02209083,0.003938876,0.9990991
2.6550772916666574,1762983179.6513913,0.0036016107,1.5772843,-0.09943205,-0.036754187,0.022314502,0.0034456183,0.9990693
2.672493999999915,1762983179.668808,0.0037759542,1.5768636,-0.09997229,-0.0378986,0.022558227,0.0032126685,0.99902177
2.6889764166666055,1762983179.6852906,0.0039507747,1.57642,-0.10041422,-0.039167926,0.022774598,0.0030259287,0.99896854
2.7063363333332973,1762983179.7026503,0.004139566,1.5759491,-0.100814514,-0.040553007,0.022835622,0.0025251415,0.9989132
2.722787749999952,1762983179.719102,0.004327857,1.575533,-0.101151355,-0.041749973,0.022661371,0.0018293047,0.99886936
2.7403510833332803,1762983179.7366652,0.0045204163,1.5751932,-0.10149506,-0.042695023,0.022230761,0.0009807028,0.99884033
2.7578929583332865,1762983179.754207,0.004686475,1.5749986,-0.10184841,-0.043057684,0.021579709,8.917984e-05,0.9988395
2.7747987083332646,1762983179.7711127,0.004820668,1.5749176,-0.10220163,-0.04310322,0.020832766,-0.00063598563,0.9988532
2.79317658333332,1762983179.7894907,0.004918158,1.5748892,-0.10259588,-0.042964574,0.019960027,-0.0012393498,0.99887645
2.8241546250000056,1762983179.8204687,0.004898416,1.5749643,-0.10333509,-0.042544074,0.018730173,-0.0019802232,0.99891704
2.8419106249999686,1762983179.8382246,0.004769683,1.5750062,-0.103799716,-0.042470887,0.018243229,-0.0022833976,0.99892855
2.8597995000000083,1762983179.8561134,0.0045585036,1.5750386,-0.10431191,-0.04250901,0.018005066,-0.0024436417,0.9989308
2.8864196666665975,1762983179.8827338,0.004085087,1.5751197,-0.10518334,-0.04243048,0.018134486,-0.0026375186,0.99893135
2.9050951250000026,1762983179.9014091,0.0036522017,1.5751759,-0.10585088,-0.04239837,0.018463938,-0.0029636936,0.99892575
2.9228032916665825,1762983179.9191175,0.0031849379,1.575168,-0.10648439,-0.042552665,0.018857934,-0.0032105169,0.9989111
2.939930624999988,1762983179.9362447,0.0027159685,1.5750903,-0.10708649,-0.042939,0.01931608,-0.0032548518,0.9988857
2.957436833333304,1762983179.9537508,0.0022307734,1.5749588,-0.107684925,-0.043452647,0.01984269,-0.0031656292,0.9988534
2.974786333333327,1762983179.9711003,0.0017294884,1.5747892,-0.10825306,-0.04404283,0.020333685,-0.003079956,0.998818
2.9934873749999724,1762983179.9898014,0.001174258,1.5745741,-0.10882334,-0.044684827,0.020759266,-0.0030676983,0.9987807
3.010915291666606,1762983180.0072293,0.0006517172,1.5743527,-0.109308064,-0.04527627,0.02103062,-0.0031319284,0.99874824
3.02830583333332,1762983180.0246198,0.00012773275,1.574132,-0.109738156,-0.045899644,0.021171687,-0.0031732023,0.99871665
3.054071458333283,1762983180.0503855,-0.00064331293,1.5738196,-0.11026588,-0.046780534,0.021192925,-0.0030937036,0.9986756
3.072639499999923,1762983180.0689535,-0.0012028217,1.5736074,-0.110558435,-0.0474354,0.021157656,-0.002989984,0.9986458
3.091455041666677,1762983180.087769,-0.0017854571,1.5734224,-0.110771716,-0.048055068,0.021161657,-0.0029189687,0.9986162
3.1088587916666484,1762983180.1051729,-0.0023429394,1.5732822,-0.110883564,-0.048570275,0.021238646,-0.0028779106,0.9985898
3.1263148749999345,1762983180.122629,-0.002919376,1.573159,-0.1108962,-0.049086627,0.021398941,-0.0028586234,0.9985612
3.1521750833333044,1762983180.1484892,-0.0037932992,1.573011,-0.11070977,-0.049839746,0.021719923,-0.002913759,0.9985168
3.1693195833332766,1762983180.1656337,-0.004377842,1.572958,-0.11046262,-0.050178964,0.021886652,-0.0030048166,0.99849594
3.1874882916665683,1762983180.1838024,-0.004989492,1.5729353,-0.1101091,-0.050302863,0.021989102,-0.003025688,0.99848735
3.2054472499999065,1762983180.2017612,-0.005587399,1.572944,-0.1096708,-0.050292622,0.021985197,-0.0028877114,0.99848837
3.2226797083333167,1762983180.2189937,-0.0061616665,1.5729685,-0.10916639,-0.050189376,0.021888005,-0.0027843548,0.998496
3.23923149999996,1762983180.2355456,-0.006718755,1.5729955,-0.108600795,-0.050070807,0.021734638,-0.0026594033,0.9985056
3.2566830416666335,1762983180.2529972,-0.0072951913,1.5730178,-0.10796328,-0.050027102,0.021580216,-0.0022956887,0.998512
3.273770291666665,1762983180.2700844,-0.007853389,1.5730386,-0.10724108,-0.050065033,0.021527587,-0.0018007822,0.99851227
3.290963999999917,1762983180.287278,-0.008420265,1.5730871,-0.10642066,-0.050089028,0.021509422,-0.001517899,0.9985119
3.3085065416665884,1762983180.3048205,-0.009001315,1.5731766,-0.10550858,-0.04996815,0.021432048,-0.0015618025,0.9985196
3.326129250000008,1762983180.3224432,-0.009581245,1.5733092,-0.10453475,-0.049703825,0.02122887,-0.0017038039,0.99853694
3.3436104583332735,1762983180.3399246,-0.01015079,1.5734603,-0.10354519,-0.049287394,0.020913268,-0.0018005554,0.99856406
3.369250583333269,1762983180.3655646,-0.010965288,1.5736461,-0.102060005,-0.04873486,0.020322848,-0.0016427322,0.99860364
3.390256999999906,1762983180.386571,-0.011609614,1.5736699,-0.10079323,-0.048667587,0.019729134,-0.0014812512,0.9986191
3.4085106249999626,1762983180.4048247,-0.012167918,1.5736029,-0.09967827,-0.048906032,0.0191553,-0.0015023161,0.9986186
3.4262474999999313,1762983180.4225616,-0.012706816,1.5735192,-0.09862426,-0.049120054,0.018556695,-0.0016476858,0.99861914
3.443751333333239,1762983180.4400654,-0.013227976,1.5734208,-0.097622745,-0.049245656,0.017974928,-0.0017917586,0.9986233
3.461158208333245,1762983180.4574723,-0.013749659,1.573314,-0.09666221,-0.04941048,0.017470162,-0.0016667477,0.9986244
3.4927143749999914,1762983180.4890285,-0.014717281,1.5730903,-0.09500663,-0.049829904,0.016796358,-0.0011788107,0.9986158
3.510206083333287,1762983180.50652,-0.015271353,1.5729314,-0.09411875,-0.050190132,0.016533285,-0.0010884651,0.9986023
3.5284992499999817,1762983180.5248134,-0.015873611,1.5727481,-0.09320952,-0.05062265,0.016350718,-0.0010588001,0.99858344
3.555011499999978,1762983180.5513256,-0.016766824,1.5724903,-0.09193569,-0.051185086,0.016301446,-0.00091137004,0.9985558
3.572444833333293,1762983180.568759,-0.017349362,1.5723288,-0.09113294,-0.051516246,0.01644493,-0.00067724887,0.9985365
3.590191749999917,1762983180.586506,-0.017933168,1.5721625,-0.09034068,-0.051866267,0.016689505,-0.00040519735,0.9985145
3.6090549166666506,1762983180.6053689,-0.018550038,1.5719697,-0.08952117,-0.05234906,0.016967408,-0.00030405508,0.9984847
3.634454083333253,1762983180.630768,-0.019359754,1.5716774,-0.08846367,-0.053239126,0.017290909,-0.00029545365,0.99843204
3.653090249999991,1762983180.6494043,-0.019934833,1.5714743,-0.08776191,-0.053964313,0.017492786,-0.00020825944,0.9983896
3.6716259583332658,1762983180.66794,-0.020505846,1.5712659,-0.08713797,-0.05474404,0.01767658,-0.00016355184,0.99834394
3.689462416666629,1762983180.6857765,-0.021055626,1.5710217,-0.08658511,-0.055662733,0.017844519,-7.153931e-05,0.9982901
3.707104500000014,1762983180.7034185,-0.02160263,1.5707569,-0.086087316,-0.05675771,0.018050946,0.00010948346,0.9982248
3.7247076666666317,1762983180.7210217,-0.022161795,1.5704969,-0.08563178,-0.057824895,0.018307038,0.00033976816,0.9981588
3.7509580416666495,1762983180.747272,-0.0230335,1.5701255,-0.08507964,-0.059244003,0.018863564,0.00075499254,0.998065
3.7686992083332598,1762983180.7650132,-0.023638189,1.5698136,-0.084755525,-0.06033074,0.019335542,0.0009829951,0.99799067
3.786723249999909,1762983180.7830372,-0.024251832,1.5694281,-0.08445395,-0.0616194,0.019906478,0.0012362383,0.9979004
3.804792958333337,1762983180.801107,-0.024845256,1.5690051,-0.08415321,-0.063020624,0.020549718,0.0016467986,0.9977992
3.824312166666573,1762983180.8206263,-0.025469005,1.568535,-0.083841965,-0.064432606,0.021205515,0.0018634892,0.99769497
3.842077374999917,1762983180.8383915,-0.026013507,1.5680729,-0.08358201,-0.06570373,0.021718685,0.0018499501,0.9976011
3.862883708333243,1762983180.8591979,-0.02660314,1.567507,-0.08327732,-0.0673191,0.022198189,0.0019575574,0.9974826
3.887459624999906,1762983180.8837736,-0.02723658,1.5668737,-0.08289853,-0.06910352,0.022647345,0.0022106946,0.99735
3.90515179166664,1762983180.901466,-0.02766335,1.5664394,-0.0826568,-0.070243396,0.022869281,0.0022631919,0.99726516
3.922802499999989,1762983180.9191165,-0.028071178,1.5660102,-0.08242083,-0.07136243,0.022975331,0.0022085726,0.9971833
3.9397785833332364,1762983180.9360926,-0.028456308,1.5656128,-0.08220597,-0.072397046,0.023053577,0.002151932,0.9971071
3.9572589166666603,1762983180.953573,-0.028852522,1.5652496,-0.08201377,-0.073277526,0.023156837,0.00226544,0.99704015
3.974730124999951,1762983180.971044,-0.029237164,1.5649298,-0.081845246,-0.07408675,0.023325356,0.0025848066,0.99697566
3.993005749999952,1762983180.9893198,-0.029637612,1.5646149,-0.08167093,-0.075026914,0.023580186,0.0029725668,0.99689823
4.010080166666626,1762983181.0063941,-0.03001368,1.5643833,-0.08153489,-0.075795956,0.023947475,0.0033657285,0.9968301
4.026714999999967,1762983181.023029,-0.030374097,1.5642642,-0.08145694,-0.07616243,0.024487494,0.003886344,0.99678713
4.047164874999908,1762983181.043479,-0.030803025,1.5642397,-0.081427306,-0.07621278,0.025442492,0.0046799188,0.99675596
4.064669874999936,1762983181.060984,-0.031160235,1.5642843,-0.08144346,-0.07611863,0.026463522,0.005404271,0.9967329
4.088975333333337,1762983181.0852895,-0.03163266,1.5644209,-0.08153409,-0.075894885,0.028003456,0.0061485637,0.99670357
4.106247374999953,1762983181.1025615,-0.031940743,1.5645485,-0.08164813,-0.075686775,0.02907302,0.0064881616,0.99668664
4.1236470416665725,1762983181.119961,-0.032215178,1.5646675,-0.08178948,-0.075546674,0.030180307,0.006878145,0.99666166
4.141212291666648,1762983181.1375263,-0.03246057,1.5647627,-0.08193827,-0.0755934,0.031327333,0.007351958,0.9966194
4.15977820833325,1762983181.1560922,-0.032690108,1.5648327,-0.08209969,-0.07573503,0.03248042,0.0077685323,0.99656856
4.18687024999997,1762983181.1831844,-0.03294295,1.5649121,-0.08238466,-0.075897686,0.033817552,0.008013823,0.9965098
4.205478041666652,1762983181.201792,-0.033059,1.5649654,-0.08261153,-0.07585278,0.034547105,0.008129433,0.9964872
4.225185874999966,1762983181.2215,-0.033145346,1.5649915,-0.082844354,-0.07585859,0.035151515,0.008174863,0.99646527
4.241862666666634,1762983181.2381768,-0.033188567,1.5649781,-0.083021544,-0.076049715,0.035495106,0.008067601,0.9964394
4.259574333333262,1762983181.2558885,-0.033207595,1.5649549,-0.08320314,-0.07625004,0.035662692,0.007826572,0.99642
4.277031291666617,1762983181.2733452,-0.033204615,1.564945,-0.08339305,-0.07633491,0.035604224,0.007428919,0.99641865
4.294932124999946,1762983181.2912462,-0.033187807,1.5649384,-0.08359079,-0.07632374,0.03535575,0.0069757802,0.99643165
4.322474583333246,1762983181.3187885,-0.03314489,1.5648758,-0.083851114,-0.07645924,0.034671225,0.0063606277,0.9964494
4.340965708333329,1762983181.3372798,-0.033131756,1.5648084,-0.08400116,-0.07670473,0.03406404,0.005974397,0.99645394
4.358604291666666,1762983181.3549182,-0.03314177,1.5647433,-0.08413722,-0.07689385,0.033416543,0.005664156,0.99646306
4.384388124999987,1762983181.3807023,-0.033194005,1.5646822,-0.08432822,-0.07699184,0.0323864,0.0053022793,0.9964915
4.401874666666572,1762983181.3981888,-0.03326124,1.5646899,-0.0844731,-0.076820314,0.031715274,0.005110555,0.9965273
4.421724041666607,1762983181.4180381,-0.033374645,1.5647508,-0.084664576,-0.07639823,0.03101901,0.0049562887,0.99658245
4.439136624999946,1762983181.4354508,-0.033514336,1.564821,-0.08484224,-0.07593485,0.030490479,0.0047763134,0.996635
4.4565443333333405,1762983181.4528584,-0.033688486,1.5648767,-0.08501056,-0.07557601,0.030067876,0.0046563074,0.9966757
4.47470624999994,1762983181.4710202,-0.03389752,1.5649128,-0.08516966,-0.07542373,0.029796751,0.0048103365,0.9966947
4.492572708333341,1762983181.4888868,-0.034129538,1.5649356,-0.08532206,-0.07541499,0.029729448,0.0051693073,0.9966956
4.5099434166666015,1762983181.5062575,-0.03438592,1.5649751,-0.08547816,-0.0753702,0.029797923,0.0055069514,0.9966951
4.527016083333251,1762983181.5233302,-0.034660324,1.5650448,-0.08564957,-0.075188145,0.029954916,0.0057297177,0.9967029
4.544351249999977,1762983181.5406654,-0.034941792,1.5651278,-0.085818484,-0.07490538,0.030182805,0.0060828137,0.9967152
4.561783208333281,1762983181.5580974,-0.0352116,1.5651944,-0.08597947,-0.07466069,0.030507302,0.006656625,0.99672
4.591121791666637,1762983181.5874357,-0.035622478,1.5652329,-0.08620919,-0.07454283,0.031196026,0.007760082,0.9966996
4.608520624999983,1762983181.6048346,-0.03583592,1.5652263,-0.08633436,-0.0745159,0.031685542,0.008323812,0.99668163
4.62615158333324,1762983181.6224656,-0.03602729,1.5652202,-0.08646331,-0.07444766,0.032244768,0.008766345,0.99666494
4.6436138749999145,1762983181.6399279,-0.03618543,1.5652074,-0.0865852,-0.07435628,0.032829974,0.009071653,0.9966499
4.661218833333237,1762983181.657533,-0.03630835,1.565177,-0.086695045,-0.074298784,0.033419255,0.009267653,0.9966328
4.6819307083333115,1762983181.6782448,-0.036394835,1.5651191,-0.08680114,-0.07435285,0.034022324,0.009403529,0.9966071
4.699650458333281,1762983181.6959646,-0.036414146,1.5650828,-0.086891055,-0.074406,0.034416787,0.00942743,0.99658936
4.723554791666629,1762983181.719869,-0.036358774,1.5650854,-0.08702767,-0.07436574,0.034720875,0.009429997,0.9965818
4.741000041666666,1762983181.737314,-0.036266804,1.5651062,-0.08713263,-0.07430255,0.0347998,0.009387597,0.9965842
4.758469249999962,1762983181.7547834,-0.036142685,1.5651503,-0.08724902,-0.07421823,0.03480828,0.00932453,0.9965908
4.775856041666657,1762983181.77217,-0.03598118,1.5652137,-0.0873678,-0.074023895,0.034760844,0.009230565,0.9966077
4.793615041666612,1762983181.7899292,-0.035782397,1.5652957,-0.08749944,-0.07377338,0.034653604,0.0090448465,0.99663174
4.819461875000002,1762983181.8157759,-0.035446085,1.5654821,-0.08774374,-0.07316514,0.034318637,0.008485143,0.9966931
4.837323708333315,1762983181.8336377,-0.03518361,1.5656728,-0.08797754,-0.0724883,0.033934835,0.007973988,0.9967599
4.854224708333277,1762983181.8505387,-0.034916103,1.5658755,-0.08824217,-0.071755484,0.033464603,0.0074735656,0.99683267
4.871367125000006,1762983181.8676813,-0.03462396,1.5660771,-0.08853986,-0.07107571,0.032930676,0.0070642917,0.99690217
4.888871791666588,1762983181.885186,-0.034307823,1.566273,-0.08887135,-0.07054159,0.03239063,0.006787876,0.99695975
4.906307791666677,1762983181.9026217,-0.033987343,1.5664635,-0.08922593,-0.070128486,0.031900365,0.0065484955,0.9970063
4.923865708333324,1762983181.9201798,-0.033667803,1.5666473,-0.089596555,-0.069873795,0.031438936,0.006207702,0.997041
4.941480041666637,1762983181.9377942,-0.033362962,1.5668228,-0.08997785,-0.069785096,0.031010784,0.0058099255,0.99706304
4.959266083333318,1762983181.9555802,-0.033083186,1.5670022,-0.09038561,-0.069717005,0.030563677,0.0052964827,0.99708444
4.97659966666663,1762983181.9729137,-0.03281796,1.5672119,-0.090814725,-0.069494694,0.030110124,0.0047688475,0.99711645
4.9939668749999555,1762983181.9902809,-0.03255546,1.5674481,-0.09127341,-0.06910163,0.029675238,0.004336212,0.99715877
5.020129666666662,1762983182.0164437,-0.03216958,1.5677686,-0.091978654,-0.06844101,0.029155876,0.0037689433,0.99722195
5.038043124999945,1762983182.034357,-0.03192021,1.5679144,-0.09244082,-0.068092,0.028778756,0.0031865765,0.9972588
5.056413124999949,1762983182.0527272,-0.031668127,1.5679703,-0.092871144,-0.0679509,0.028335737,0.0025262127,0.997283
5.07380999999998,1762983182.0701241,-0.03142438,1.5679189,-0.09321312,-0.0681752,0.027941734,0.0020971762,0.9972798
5.09175854166665,1762983182.0880725,-0.031178392,1.5677603,-0.09349265,-0.06876284,0.027596893,0.0017466613,0.9972498
5.109195,1762983182.105509,-0.030950533,1.5675439,-0.09371147,-0.06952095,0.02731429,0.0014142143,0.9972055
5.126236999999946,1762983182.122551,-0.03073752,1.5673118,-0.09388995,-0.07037351,0.027048433,0.0010336584,0.9971534
5.153713624999909,1762983182.1500278,-0.030426182,1.5669585,-0.09411385,-0.07174537,0.02663091,0.00042903298,0.99706733
5.171169249999934,1762983182.1674833,-0.030238986,1.5667318,-0.09421486,-0.072493374,0.026342858,0.00013620868,0.99702096
5.188599583333257,1762983182.1849136,-0.030054271,1.5664762,-0.09426291,-0.07332938,0.02610296,3.0155627e-05,0.9969661
5.205811541666662,1762983182.2021255,-0.029876053,1.5661925,-0.09424165,-0.074257016,0.025937632,-6.647118e-05,0.99690175
5.223118541666622,1762983182.2194326,-0.02971077,1.5659235,-0.09416589,-0.07514117,0.025813911,-0.00022335716,0.9968387
5.2408393749999505,1762983182.2371535,-0.029553248,1.5657182,-0.09407597,-0.07577938,0.025721714,-0.00037281506,0.99679273
5.258359999999925,1762983182.254674,-0.029408932,1.5656163,-0.09401967,-0.07603267,0.02571827,-0.00045989855,0.99677354
5.275791291666678,1762983182.2721055,-0.029267311,1.5656011,-0.09399426,-0.07597171,0.025789754,-0.000514087,0.9967763
5.293482999999924,1762983182.289797,-0.029124677,1.5656354,-0.093997896,-0.075694114,0.025831262,-0.0006036366,0.99679625
5.310897541666577,1762983182.3072116,-0.028986096,1.5656873,-0.09402667,-0.07536981,0.025775174,-0.000854532,0.9968221
5.328519083333276,1762983182.3248332,-0.028846204,1.5657349,-0.09407793,-0.07517755,0.025621355,-0.0012054889,0.99684024
5.355629708333254,1762983182.3519437,-0.028639661,1.5657673,-0.09418718,-0.075234726,0.02519716,-0.0015741636,0.99684626
5.373135208333338,1762983182.3694491,-0.028523756,1.5657868,-0.09430034,-0.07528317,0.02491427,-0.0016749039,0.99684954
5.390517624999916,1762983182.3868318,-0.028432727,1.565812,-0.09444834,-0.07529426,0.024726003,-0.0016847629,0.9968533
5.408008041666676,1762983182.4043221,-0.028365195,1.5658181,-0.09460786,-0.075366706,0.024682246,-0.001609726,0.9968491
5.426028624999958,1762983182.4223428,-0.028321875,1.5657862,-0.09476488,-0.07557291,0.024810629,-0.0014688616,0.99683046
5.456324458333256,1762983182.4526386,-0.028315939,1.5657041,-0.09504149,-0.076042,0.025312433,-0.001371304,0.99678236
5.4734931250000045,1762983182.4698071,-0.02832471,1.5656605,-0.095200814,-0.0762723,0.025622994,-0.0012805866,0.996757
5.491897583333298,1762983182.4882116,-0.028323926,1.565621,-0.095368154,-0.07648691,0.025890142,-0.0010993187,0.99673384
5.510232333333306,1762983182.5065465,-0.028303325,1.5655917,-0.0955376,-0.07656268,0.026052456,-0.00089942204,0.99672395
5.5276497083333425,1762983182.5239637,-0.02825892,1.5655764,-0.09570144,-0.07659014,0.026094427,-0.0006881166,0.9967209
5.55823799999996,1762983182.554552,-0.028124796,1.5655504,-0.09595897,-0.07664749,0.026064543,-0.00024718823,0.9967175
5.5755943333332425,1762983182.5719085,-0.028027223,1.5655289,-0.09608578,-0.07678156,0.026066892,-1.5498417e-05,0.99670714
5.593183500000009,1762983182.5894976,-0.02791363,1.5655129,-0.0962102,-0.07686636,0.026086008,0.00018941484,0.9967001
5.622840499999938,1762983182.6191545,-0.02768141,1.5654697,-0.09641221,-0.0770537,0.026251383,0.00044967717,0.9966812
5.640774916666601,1762983182.637089,-0.027516186,1.5654209,-0.09653579,-0.07725345,0.026363738,0.00049360475,0.9966628
5.658157624999944,1762983182.6544716,-0.027333595,1.5653782,-0.09667293,-0.07742397,0.026428938,0.00044498552,0.99664783
5.674942833333262,1762983182.6712568,-0.027134717,1.5653421,-0.09680931,-0.07754494,0.02646222,0.0002967646,0.9966376
5.697907041666667,1762983182.694221,-0.026828706,1.5652907,-0.09698814,-0.0777461,0.026514156,0.00015475109,0.9966206
5.725078583333243,1762983182.7213926,-0.026419438,1.565242,-0.09718151,-0.078013554,0.026489748,-1.5267387e-05,0.99660033
5.742512291666571,1762983182.7388263,-0.026142478,1.565237,-0.09729858,-0.07811717,0.026324598,-0.00036930383,0.99659646
5.759929166666666,1762983182.7562432,-0.025855161,1.5652571,-0.09740866,-0.07814534,0.025987132,-0.00088658044,0.99660283
5.7903846250000015,1762983182.7866986,-0.02531568,1.5653507,-0.09757423,-0.078039594,0.025159003,-0.001444623,0.99663174
5.80781741666658,1762983182.8041315,-0.025011696,1.5654421,-0.09766623,-0.0777979,0.024715634,-0.0015604597,0.99666154
5.8260837499999525,1762983182.8223977,-0.024713017,1.5655699,-0.09777176,-0.07741137,0.024382459,-0.0016076579,0.99669975
5.852714375000005,1762983182.8490283,-0.024344504,1.5658104,-0.09798777,-0.076545335,0.024176393,-0.0017024148,0.9967715
5.871446208333282,1762983182.8677602,-0.02412598,1.566011,-0.09819997,-0.07574667,0.02423395,-0.0018908444,0.9968308
5.887861999999927,1762983182.884176,-0.023947537,1.5661893,-0.0984209,-0.07506796,0.024383776,-0.0021008155,0.996878
5.905712874999949,1762983182.902027,-0.023752928,1.5663773,-0.09868859,-0.07453463,0.024602931,-0.0022770495,0.9969123
5.923341541666673,1762983182.9196556,-0.023557186,1.5665622,-0.09899032,-0.07412378,0.024815898,-0.0024591116,0.9969372
5.942123166666647,1762983182.9384372,-0.023343183,1.5667717,-0.099379756,-0.07368039,0.02498319,-0.0027760104,0.99696505
5.959823166666638,1762983182.9561372,-0.023133337,1.5669701,-0.099813,-0.07324321,0.02508972,-0.0030864247,0.9969937
5.987316291666616,1762983182.9836304,-0.022792459,1.5672486,-0.10059635,-0.072748154,0.025158219,-0.0034572456,0.99702704
6.0050921666666,1762983183.0014062,-0.0225567,1.5673953,-0.10116289,-0.07255831,0.025129456,-0.0036120622,0.99704105
6.024951708333333,1762983183.0212657,-0.022280194,1.5675241,-0.10184155,-0.0724505,0.024912473,-0.0038469671,0.99705344
6.042359374999933,1762983183.0386734,-0.022031903,1.5676279,-0.10250561,-0.072451495,0.024553962,-0.004124066,0.99706113
6.060077708333324,1762983183.0563917,-0.021774173,1.5677427,-0.10327132,-0.07244408,0.024044782,-0.0043206047,0.99707323
6.085454166666636,1762983183.0817683,-0.021471381,1.5679455,-0.1046796,-0.072228104,0.023220073,-0.0042356215,0.9971088
6.103587416666642,1762983183.0999014,-0.021260202,1.5681174,-0.105749294,-0.07202222,0.022731356,-0.0039884336,0.997136
6.121117666666578,1762983183.1174316,-0.021071233,1.5683074,-0.10682752,-0.07179433,0.02238807,-0.0037376164,0.99716115
6.138917541666615,1762983183.1352315,-0.020903766,1.5685205,-0.10796131,-0.07146259,0.022159737,-0.0035997767,0.9971906
6.155444166666598,1762983183.1517582,-0.020763256,1.5687176,-0.10903839,-0.071131274,0.022043856,-0.0035119026,0.9972172
6.172838708333302,1762983183.1691527,-0.020606257,1.5688812,-0.11017392,-0.07094724,0.02205919,-0.00333138,0.9972306
6.190037666666626,1762983183.1863518,-0.020436525,1.5690066,-0.11129144,-0.07102319,0.022237828,-0.0030566952,0.99722207
6.207198958333265,1762983183.203513,-0.020259188,1.5691168,-0.11241802,-0.07110451,0.022536458,-0.0029092936,0.99721
6.227548083333318,1762983183.2238622,-0.020029187,1.569243,-0.11379139,-0.07105989,0.022927724,-0.003034103,0.99720395
6.257475833333274,1762983183.25379,-0.019584596,1.5693601,-0.11587523,-0.070969775,0.023316842,-0.003150487,0.99720097
6.275140791666672,1762983183.2714548,-0.01925391,1.5693796,-0.117135674,-0.07094394,0.02340605,-0.0031805502,0.9972006
6.292636291666668,1762983183.2889504,-0.018890835,1.5693762,-0.11841085,-0.07091065,0.023287198,-0.003448352,0.99720484
6.311456791666615,1762983183.3077707,-0.01846236,1.5693481,-0.11981033,-0.07095473,0.022892939,-0.0038908792,0.9972092
6.328891416666579,1762983183.3252056,-0.01803224,1.5692759,-0.12110915,-0.07108542,0.022318864,-0.0043408712,0.9972111
6.356633124999917,1762983183.3529472,-0.01730691,1.5690731,-0.123178355,-0.07130368,0.020989083,-0.005036532,0.9972211
6.374100874999954,1762983183.370415,-0.016842412,1.5688964,-0.12448216,-0.07156611,0.019980535,-0.005491669,0.99722064
6.390950041666656,1762983183.387264,-0.016406966,1.5686606,-0.12570573,-0.07203668,0.019002441,-0.0058763013,0.9972036
6.408429333333288,1762983183.4047434,-0.015980102,1.5683339,-0.12691846,-0.07286624,0.018091619,-0.0062270574,0.99715817
6.42581554166668,1762983183.4221296,-0.015580058,1.56794,-0.1280568,-0.07394854,0.017362133,-0.0063962825,0.9970904
6.4432244166666806,1762983183.4395385,-0.015241206,1.5674852,-0.12911195,-0.07525174,0.016828382,-0.0063438956,0.9970024
6.461450583333317,1762983183.4577646,-0.014948355,1.5669557,-0.13010076,-0.07686125,0.016511314,-0.006136151,0.99688625
6.491158458333302,1762983183.4874725,-0.014582276,1.5659943,-0.13145201,-0.07991139,0.01653417,-0.005959621,0.99664706
6.5087619583332526,1762983183.505076,-0.014403475,1.5654044,-0.13208227,-0.081964746,0.01678945,-0.0061836303,0.9964746
6.526157249999983,1762983183.5224712,-0.014225102,1.564866,-0.13257967,-0.083902694,0.017123966,-0.006520458,0.99630547
6.543621708333262,1762983183.5399358,-0.013983978,1.5644037,-0.1329602,-0.08566546,0.017490411,-0.0067845755,0.9961473
6.560662541666602,1762983183.5569766,-0.013710737,1.5640117,-0.13317423,-0.08717172,0.017842367,-0.0069411695,0.9960093
6.588260083333239,1762983183.5845742,-0.013259159,1.5635707,-0.13327725,-0.088818505,0.01831917,-0.0070740297,0.99585426
6.6057850833333305,1762983183.6020992,-0.012964619,1.5634557,-0.1332418,-0.089140266,0.018547432,-0.007086604,0.9958212
6.6258938333332935,1762983183.6222079,-0.012611197,1.563455,-0.13313495,-0.0889339,0.018704176,-0.0070140697,0.9958372
6.6432894999999235,1762983183.6396036,-0.012295461,1.5635295,-0.13298391,-0.088374384,0.018751368,-0.006930171,0.99588674
6.661545208333337,1762983183.6578593,-0.011961758,1.5636414,-0.13276483,-0.08772797,0.018714879,-0.006871866,0.995945
6.6896434583333075,1762983183.6859574,-0.011451936,1.5638319,-0.13240357,-0.08684864,0.018560477,-0.0069834003,0.99602413
6.70711095833326,1762983183.703425,-0.011139214,1.563961,-0.13221814,-0.08622491,0.018446466,-0.007068049,0.99607986
6.724558499999944,1762983183.7208726,-0.010827661,1.5640595,-0.13206238,-0.08567245,0.018364076,-0.007036425,0.9961293
6.742092291666609,1762983183.7384064,-0.010517776,1.5640844,-0.131916,-0.08542485,0.018355867,-0.006952161,0.99615127
6.7594757916666595,1762983183.7557898,-0.010222375,1.5640312,-0.13177446,-0.085481465,0.018410465,-0.0069315005,0.99614555
6.776869833333308,1762983183.7731838,-0.00993979,1.5639267,-0.1316451,-0.08574729,0.018475795,-0.0070251287,0.99612087
6.794903333333309,1762983183.7912173,-0.009656466,1.5637826,-0.13151996,-0.086154245,0.018513745,-0.007204272,0.99608374
6.822386749999964,1762983183.8187008,-0.009234846,1.5635078,-0.1313244,-0.08695094,0.018500427,-0.007383036,0.99601346
6.840291416666673,1762983183.8366055,-0.008953201,1.5633073,-0.13120428,-0.08738229,0.018410398,-0.0073792594,0.9959774
6.857773708333298,1762983183.8540878,-0.008681989,1.5631126,-0.13109368,-0.08769165,0.01827286,-0.007313721,0.9959532
6.87494737499992,1762983183.8712614,-0.008423186,1.5629375,-0.1309693,-0.08789116,0.018166754,-0.007179905,0.99593854
6.891409916666589,1762983183.887724,-0.008186519,1.5627762,-0.13083103,-0.088052854,0.018084629,-0.007074741,0.9959265
6.90894154166665,1762983183.9052556,-0.007946193,1.5626066,-0.13065922,-0.08819697,0.017970784,-0.0070124255,0.99591625
6.926388041666655,1762983183.922702,-0.0077126753,1.562455,-0.13046943,-0.08830607,0.017836161,-0.0069081476,0.9959097
6.956468583333276,1762983183.9527826,-0.0073281527,1.5622723,-0.13008377,-0.08845661,0.01769845,-0.0066217263,0.9959008
6.974013583333317,1762983183.9703276,-0.007119132,1.5622163,-0.12980881,-0.088473,0.017652161,-0.0065994044,0.99590033
6.991707291666671,1762983183.9880214,-0.0069156056,1.5622046,-0.12948096,-0.08849904,0.017621676,-0.006573863,0.99589866
7.00941004166657,1762983184.0057242,-0.0067084795,1.562233,-0.12909324,-0.08852473,0.017632812,-0.006459882,0.995897
7.027033916666596,1762983184.0233479,-0.006491936,1.5623075,-0.12865244,-0.08849312,0.017669752,-0.0062651196,0.9959004
7.0435935833332906,1762983184.0399077,-0.0062787896,1.5624255,-0.12820622,-0.08833032,0.017722107,-0.006107261,0.9959149
7.061319708333258,1762983184.0576336,-0.0060465336,1.5625957,-0.1276879,-0.08804255,0.017733501,-0.006025145,0.9959406
7.0934453749999875,1762983184.0897593,-0.005583763,1.5630099,-0.12659247,-0.08715929,0.017785648,-0.00599316,0.9960176
7.111228458333244,1762983184.1075425,-0.0052995086,1.5632802,-0.12589307,-0.08650076,0.017797902,-0.0059681195,0.996075
7.12886812499994,1762983184.1251822,-0.004992353,1.5635468,-0.12515949,-0.08585925,0.017810633,-0.00595493,0.9961303
7.155313874999933,1762983184.151628,-0.0044508707,1.5639038,-0.123941265,-0.08494834,0.017719066,-0.0061931503,0.9962085
7.172526666666613,1762983184.1688406,-0.0040692687,1.5641247,-0.12304282,-0.08440266,0.017485907,-0.0065592094,0.9962567
7.190832124999929,1762983184.1871462,-0.0036548376,1.5643644,-0.12199037,-0.08377108,0.017073825,-0.0069719823,0.99631435
7.208378041666606,1762983184.2046921,-0.0032593375,1.5646089,-0.12089879,-0.083045945,0.016572515,-0.007342141,0.99638087
7.227302416666589,1762983184.2236164,-0.0028463965,1.5648967,-0.11965082,-0.082032695,0.015996594,-0.0076695587,0.99647176
7.257884791666584,1762983184.2541988,-0.002274096,1.5653944,-0.11748232,-0.08013409,0.015161208,-0.00803408,0.99663645
7.2755485000000135,1762983184.2718625,-0.0019854174,1.5656402,-0.11611738,-0.07916525,0.014811807,-0.008156882,0.9967181
7.296961458333271,1762983184.2932756,-0.0016690857,1.5658678,-0.11434544,-0.07814415,0.014504797,-0.008350748,0.99680156
7.325582916666576,1762983184.321897,-0.0012945533,1.5661285,-0.11182466,-0.07690271,0.014186518,-0.008728088,0.9968995
7.342299166666635,1762983184.3386133,-0.0011324055,1.566295,-0.11031785,-0.07600443,0.01404304,-0.009003507,0.9969679
7.359483124999997,1762983184.3557973,-0.001024223,1.5664705,-0.10875311,-0.07502086,0.013949264,-0.009245119,0.9970415
7.387427499999944,1762983184.3837416,-0.00088465214,1.5666978,-0.10612731,-0.073432714,0.013926355,-0.009518444,0.9971575
7.405407541666591,1762983184.4017215,-0.00081562996,1.5667764,-0.10437557,-0.07259649,0.014002839,-0.009615266,0.99721676
7.425245666666569,1762983184.4215598,-0.00076264143,1.5668261,-0.10241154,-0.07176517,0.014153997,-0.009698029,0.997274
7.4427356666666356,1762983184.4390497,-0.00074511766,1.5668745,-0.10068944,-0.07091202,0.014317216,-0.009907658,0.9973306
7.460445666666601,1762983184.4567597,-0.00074765744,1.5669013,-0.098953895,-0.07008064,0.014454181,-0.0101610925,0.99738485
7.477797708333242,1762983184.4741118,-0.00075274706,1.5668797,-0.097255096,-0.06937539,0.014576193,-0.010274099,0.9974312
7.495153374999973,1762983184.4914675,-0.0007660389,1.5668296,-0.095579475,-0.068715565,0.01471895,-0.010243925,0.99747515
7.512483208333265,1762983184.5087972,-0.00078213215,1.566776,-0.09396291,-0.06795014,0.01484758,-0.010086112,0.99752724
7.530039708333334,1762983184.5263538,-0.00079015555,1.5667179,-0.092403226,-0.067087755,0.014951073,-0.009774132,0.9975872
7.559046958333283,1762983184.555361,-0.00080958667,1.5666548,-0.090063296,-0.065359905,0.01499404,-0.009546353,0.99770343
7.5763942499999075,1762983184.5727084,-0.0008290178,1.5666543,-0.08884408,-0.064180925,0.01491479,-0.009682864,0.99777985
7.593782749999946,1762983184.5900967,-0.00084096193,1.5666858,-0.087777704,-0.062923424,0.014886248,-0.009613978,0.997861
7.62151091666658,1762983184.617825,-0.00083134236,1.566848,-0.086443536,-0.060832772,0.015223662,-0.008965535,0.9979916
7.638966458333243,1762983184.6352806,-0.00080416264,1.5670851,-0.08590666,-0.059033047,0.015650306,-0.008466776,0.9980974
7.662156208333272,1762983184.6584702,-0.00072699785,1.5675163,-0.085572496,-0.05617709,0.016233794,-0.008051681,0.9982563
7.686054916666649,1762983184.682369,-0.0006509423,1.5679146,-0.085600585,-0.05350407,0.01677545,-0.008016742,0.99839455
7.7038129583332875,1762983184.7001271,-0.0006135702,1.5680513,-0.085754976,-0.05234342,0.017160736,-0.008147005,0.9984485
7.721298708333279,1762983184.7176127,-0.0005880594,1.5680158,-0.085937366,-0.05226132,0.017544154,-0.008326283,0.9984446
7.738813666666601,1762983184.7351277,-0.0005677706,1.5678158,-0.086109705,-0.05316349,0.017899849,-0.008481901,0.99838936
7.756279583333253,1762983184.7525935,-0.0005554093,1.5674999,-0.08625331,-0.054806717,0.018201908,-0.008591941,0.99829406
7.773967958333287,1762983184.770282,-0.0005587703,1.5671266,-0.08637201,-0.056889996,0.01841381,-0.008641067,0.99817324
7.791500916666678,1762983184.7878149,-0.00055366755,1.5667384,-0.08647527,-0.059101433,0.018539103,-0.008579741,0.99804294
7.808264583333312,1762983184.8045785,-0.00054353476,1.5664121,-0.08657655,-0.060982063,0.018616712,-0.008422481,0.9979297
7.826016624999966,1762983184.8223307,-0.00052656065,1.5661324,-0.086694755,-0.062441677,0.018667417,-0.008257312,0.9978398
7.85483120833328,1762983184.8511453,-0.0005246997,1.5658367,-0.08688514,-0.06366648,0.018792003,-0.00806788,0.99776167
7.872208624999985,1762983184.8685226,-0.0005296469,1.5656996,-0.08699997,-0.064014785,0.019002952,-0.007984671,0.9977361
7.892817624999907,1762983184.8891318,-0.0005351669,1.5655212,-0.087118424,-0.06442057,0.019356769,-0.007952231,0.99770343
7.911138999999935,1762983184.907453,-0.00052797794,1.565339,-0.08721508,-0.06480237,0.019690225,-0.007984272,0.99767196
7.928736500000014,1762983184.9250505,-0.00050091743,1.5651577,-0.08730705,-0.065105684,0.019934373,-0.008016112,0.99764705
7.955732708333244,1762983184.9520469,-0.0004093647,1.5648706,-0.08746305,-0.06555825,0.020111652,-0.008142794,0.99761283
7.973267333333297,1762983184.9695814,-0.00030481815,1.5646703,-0.08756742,-0.066008255,0.020059446,-0.008112569,0.99758446
7.990040416666602,1762983184.9863544,-0.00016981363,1.5644743,-0.0876693,-0.06657706,0.019952143,-0.007955335,0.9975501
8.007611499999939,1762983185.0039256,-3.4338618e-06,1.5642853,-0.0877826,-0.06724676,0.01981027,-0.0077901734,0.9975093
8.026827416666606,1762983185.0231414,0.00020033121,1.5641267,-0.08793384,-0.06787926,0.019650474,-0.007665801,0.99747056
8.057818249999968,1762983185.0541322,0.0005617274,1.56404,-0.08820405,-0.06851515,0.019343356,-0.0074958443,0.9974344
8.076385583333263,1762983185.0726995,0.00078701973,1.5640633,-0.088385314,-0.06883195,0.019189922,-0.0075125312,0.99741536
8.094014458333277,1762983185.0903285,0.001005888,1.5641242,-0.08858235,-0.06904496,0.01906151,-0.0076408535,0.9974022
8.121221208333282,1762983185.1175354,0.0013688438,1.5642252,-0.088914104,-0.06938763,0.018811122,-0.007787442,0.99738204
8.14200383333332,1762983185.1383178,0.0016589992,1.5642924,-0.08918051,-0.06970491,0.018646626,-0.0077696554,0.99736315
8.159466416666646,1762983185.1557806,0.0019026399,1.564364,-0.0894092,-0.07007255,0.018524881,-0.0078053097,0.99733937
8.177803499999982,1762983185.1741176,0.002165185,1.5644665,-0.089654155,-0.07043388,0.018342309,-0.007872596,0.9973167
8.198098374999972,1762983185.1944125,0.0024769902,1.5646132,-0.0899335,-0.070803866,0.018124271,-0.007814561,0.997295
8.227256874999966,1762983185.2235708,0.0029604668,1.5648779,-0.090362184,-0.07105689,0.017902507,-0.007454645,0.99728376
8.254789458333335,1762983185.2511034,0.0034433603,1.5650916,-0.09077503,-0.071176745,0.017798282,-0.0071135727,0.9972795
8.271582458333341,1762983185.2678964,0.003749609,1.5651819,-0.09102067,-0.07132992,0.017778574,-0.0070153256,0.99726963
8.291990333333274,1762983185.2883043,0.0041388273,1.5652692,-0.09132755,-0.071618564,0.017821627,-0.0069257366,0.9972489
8.32289308333327,1762983185.3192072,0.004770756,1.565377,-0.09181078,-0.07204885,0.017910331,-0.006878417,0.9972166
8.341122708333273,1762983185.3374367,0.0051561594,1.5654157,-0.092084736,-0.07246285,0.017860299,-0.0071171513,0.9971858
8.358176833333346,1762983185.354491,0.005517125,1.5654368,-0.09232342,-0.072960556,0.01770787,-0.007441303,0.9971498
8.375737208333248,1762983185.3720512,0.005893492,1.5654377,-0.0925406,-0.07356711,0.017502755,-0.0076819155,0.9971071
8.397962458333268,1762983185.3942766,0.0063608885,1.5654358,-0.09277539,-0.074325815,0.01734891,-0.0078100036,0.9970525
8.421382041666675,1762983185.417696,0.006820513,1.5654461,-0.09296771,-0.07506686,0.017272875,-0.007936743,0.9969973
8.438768583333285,1762983185.4350827,0.00712198,1.565453,-0.093076244,-0.07548208,0.017216288,-0.00805257,0.99696606
8.456645624999965,1762983185.4529598,0.0073943967,1.5654527,-0.09315135,-0.07582977,0.017255507,-0.008019604,0.99693924
8.474152666666669,1762983185.4704666,0.0076475143,1.5654385,-0.093169674,-0.07611718,0.017494477,-0.007761844,0.9969152
8.490560583333263,1762983185.4868746,0.007870578,1.5654023,-0.09313706,-0.07636428,0.017919544,-0.007436268,0.9968912
8.508203666666645,1762983185.5045178,0.008091473,1.5653349,-0.09304888,-0.07666359,0.018522728,-0.007146174,0.9968594
8.526545624999926,1762983185.5228596,0.008310937,1.5652392,-0.09291244,-0.077060044,0.01922144,-0.0069981976,0.99681664
8.54404620833327,1762983185.5403602,0.008528054,1.5651314,-0.09275764,-0.077444606,0.019892102,-0.0068764067,0.9967745
8.56621995833325,1762983185.562534,0.008828663,1.5650053,-0.092557915,-0.07770567,0.02076282,-0.006660047,0.9967379
8.587061458333324,1762983185.5833755,0.009134495,1.5648739,-0.09237128,-0.07785852,0.02149949,-0.006499237,0.9967114
8.60507337499996,1762983185.6013875,0.009408176,1.5647495,-0.09221174,-0.077911764,0.0220371,-0.006501215,0.9966955
8.625970875000007,1762983185.622285,0.009734154,1.5646007,-0.09204051,-0.07785267,0.022509966,-0.0066896356,0.9966883
8.646048916666587,1762983185.642363,0.0100428695,1.5644557,-0.09190043,-0.07779783,0.0228127,-0.00691395,0.9966842
8.663878416666648,1762983185.6601925,0.010307848,1.5643198,-0.091788754,-0.07788648,0.022969708,-0.0070605567,0.9966726
8.681640124999944,1762983185.6779542,0.010578871,1.5642058,-0.09169823,-0.07790261,0.023074707,-0.0070520095,0.996669
8.69885895833329,1762983185.695173,0.010850728,1.5641572,-0.09164706,-0.07780779,0.023119317,-0.0069268094,0.9966762
8.71915899999999,1762983185.715473,0.011173023,1.5642084,-0.09165507,-0.07741445,0.023165882,-0.0068105827,0.9967066
8.738270083333305,1762983185.734584,0.011470556,1.5643439,-0.091726825,-0.0768599,0.023100741,-0.007051406,0.99674934
8.75594308333325,1762983185.752257,0.011747612,1.5645058,-0.091838606,-0.07631235,0.022899715,-0.007399572,0.99679357
8.772678708333274,1762983185.7689927,0.012019932,1.5646687,-0.09198326,-0.075796746,0.02263701,-0.0075931316,0.99683744
8.789180458333249,1762983185.7854946,0.012295961,1.5648295,-0.09216797,-0.075294524,0.022347627,-0.007570703,0.99688214
8.806779249999977,1762983185.8030932,0.012588024,1.5649887,-0.09241274,-0.07480058,0.022019995,-0.0075319097,0.9969269
8.825052958333345,1762983185.821367,0.0128811,1.565121,-0.0927085,-0.0744137,0.021703692,-0.007614036,0.9969622
8.851187708333327,1762983185.8475018,0.013233506,1.5652356,-0.09318548,-0.074280895,0.021465912,-0.0077583175,0.99697614
8.868631999999934,1762983185.8649461,0.013431549,1.5652671,-0.093540564,-0.07447259,0.02145289,-0.007913272,0.9969609
8.8879217916666,1762983185.8842359,0.013631486,1.5652816,-0.093966596,-0.074862756,0.021470627,-0.008193914,0.996929
8.905909333333284,1762983185.9022233,0.013813926,1.5652839,-0.09440497,-0.07532656,0.021497793,-0.0084458,0.99689144
8.923987458333272,1762983185.9203014,0.013996171,1.5652759,-0.09487166,-0.07592788,0.021490492,-0.008664287,0.99684405
8.941478999999958,1762983185.937793,0.014173531,1.5652614,-0.095334224,-0.07665899,0.021416234,-0.0088856965,0.9967877
8.95914316666665,1762983185.9554572,0.014354527,1.5652423,-0.095803976,-0.07744943,0.021243315,-0.00910927,0.99672836
8.976519749999966,1762983185.9728339,0.014537417,1.5652193,-0.096255936,-0.07821634,0.020983033,-0.009269599,0.99667245
8.99360216666662,1762983185.9899163,0.014713728,1.5651972,-0.09668069,-0.07895013,0.020683046,-0.009365983,0.99662
9.011106666666592,1762983186.0074208,0.014886379,1.5651824,-0.09709002,-0.079617895,0.020392098,-0.009418247,0.9965724
9.028423541666598,1762983186.0247376,0.015044355,1.5651773,-0.09746324,-0.080150686,0.020126192,-0.009453713,0.9965347
9.05819566666662,1762983186.0545096,0.015260124,1.5651913,-0.09800229,-0.08074248,0.019815082,-0.009421092,0.9964935
9.075629916666571,1762983186.071944,0.015351236,1.5652058,-0.09825499,-0.08095478,0.019711211,-0.009362793,0.99647886
9.093301416666577,1762983186.0896156,0.015419328,1.5652243,-0.098476954,-0.08103916,0.01964418,-0.009322266,0.9964737
9.110704416666636,1762983186.1070185,0.015472293,1.5652325,-0.09866454,-0.08110537,0.019624721,-0.009257148,0.9964693
9.128263416666641,1762983186.1245775,0.015514361,1.5652076,-0.09879962,-0.08131184,0.019660935,-0.009041584,0.99645376
9.158162583333251,1762983186.1544766,0.015555143,1.5651238,-0.098905265,-0.0819354,0.019846786,-0.008541412,0.9964034
9.17558274999999,1762983186.1718967,0.015554905,1.5650785,-0.09890279,-0.08223301,0.019957444,-0.008354018,0.99637824
9.193076499999961,1762983186.1893907,0.015532911,1.5650134,-0.09882757,-0.08253447,0.02004201,-0.00824052,0.99635255
9.211376416666667,1762983186.2076905,0.015497088,1.5649259,-0.09865932,-0.082871124,0.020197876,-0.007940221,0.99632394
9.22913508333329,1762983186.225449,0.015451359,1.5648775,-0.09844694,-0.08292046,0.020461008,-0.007474927,0.99631804
9.255006666666645,1762983186.2513206,0.01536622,1.5649629,-0.09812369,-0.08198833,0.021073323,-0.0065755914,0.9963888
9.272353666666618,1762983186.2686677,0.015314877,1.5650771,-0.09789243,-0.080978565,0.021587813,-0.0059962925,0.996464
9.29072716666667,1762983186.2870412,0.015273631,1.5652094,-0.09762584,-0.079914585,0.022022843,-0.005580757,0.9965428
9.308219874999963,1762983186.304534,0.015260124,1.5653561,-0.09737118,-0.07891143,0.022192499,-0.005509664,0.99661934
9.325895124999988,1762983186.3222091,0.015280783,1.5655433,-0.09713782,-0.077857375,0.022099294,-0.0054647564,0.9967046
9.343292749999932,1762983186.3396068,0.015335858,1.5657492,-0.096925646,-0.07684641,0.021791963,-0.0053521316,0.9967904
9.36066254166667,1762983186.3569765,0.015419424,1.565968,-0.09672773,-0.07603515,0.021431375,-0.005000498,0.9968623
9.378155249999963,1762983186.3744693,0.015520407,1.5662315,-0.09657369,-0.07524262,0.02111605,-0.004430353,0.99693185
9.395844499999953,1762983186.3921585,0.01562532,1.5665808,-0.09649672,-0.074216746,0.020908859,-0.0038899619,0.99701536
9.414965583333242,1762983186.4112797,0.015738271,1.5670267,-0.09649784,-0.07303797,0.02096175,-0.0033302214,0.99710333
9.43169383333327,1762983186.4280078,0.015815817,1.5674151,-0.096558906,-0.07202802,0.02123324,-0.0030001267,0.99717206
9.456779333333316,1762983186.4530933,0.015892766,1.5680219,-0.0967947,-0.07036842,0.021899635,-0.0029616475,0.99727625
9.47422712499997,1762983186.4705412,0.015956163,1.5684685,-0.09705974,-0.06909892,0.022443406,-0.0030338122,0.9973527
9.494776958333318,1762983186.491091,0.01604291,1.5689449,-0.09744101,-0.06788193,0.022966493,-0.0032262248,0.99742377
9.52610791666666,1762983186.522422,0.01621437,1.5696102,-0.0982077,-0.066184506,0.022927875,-0.003960708,0.9975361
9.543593666666652,1762983186.5399077,0.016306281,1.5699837,-0.098755494,-0.06508625,0.022465078,-0.004132162,0.9976182
9.560981999999967,1762983186.557296,0.016352892,1.5703182,-0.099355355,-0.06403573,0.021758614,-0.0042002443,0.9977016
9.578063958333246,1762983186.574378,0.016396403,1.5705984,-0.09999159,-0.06328524,0.020892186,-0.0043299654,0.9977674
9.595503124999937,1762983186.5918171,0.016429113,1.5708619,-0.10071296,-0.062611304,0.019964494,-0.0043603596,0.9978288
9.62120395833324,1762983186.617518,0.016442418,1.571341,-0.1019987,-0.061185982,0.018630747,-0.004310845,0.9979432
9.638608999999974,1762983186.634923,0.016426444,1.5717334,-0.10301484,-0.059996136,0.017837446,-0.004402577,0.99802953
9.657494666666594,1762983186.6538088,0.016369773,1.5721369,-0.10418738,-0.059015702,0.017160889,-0.0046276664,0.99809885
9.675030791666586,1762983186.6713448,0.016256439,1.5724446,-0.10531961,-0.058513463,0.016753903,-0.004880461,0.99813414
9.692803083333274,1762983186.6891172,0.016095638,1.5727072,-0.10650745,-0.058303952,0.016579898,-0.0050569493,0.9981484
9.710741999999982,1762983186.707056,0.01590358,1.5729393,-0.107735656,-0.058354158,0.016637476,-0.004945733,0.998145
9.727155083333287,1762983186.723469,0.015705824,1.5731255,-0.10886648,-0.058572955,0.016838158,-0.004741643,0.99812984
9.74376254166657,1762983186.7400765,0.01545012,1.5732664,-0.110027,-0.05880071,0.01708796,-0.0047997157,0.99811196
9.761202958333342,1762983186.757517,0.0151203275,1.5733658,-0.111279786,-0.05875606,0.01735321,-0.005178251,0.9981081
9.785562333333246,1762983186.7818763,0.014635765,1.5734646,-0.113066696,-0.058337025,0.017794415,-0.005479494,0.9981233
9.803896666666674,1762983186.8002107,0.014268779,1.5734656,-0.11438555,-0.058262642,0.018198919,-0.0053411005,0.9981211
9.822732291666625,1762983186.8190463,0.013887286,1.5733979,-0.115702,-0.058415662,0.018562777,-0.005158545,0.9981064
9.84021554166668,1762983186.8365295,0.013507568,1.5733136,-0.11692231,-0.05836292,0.018744707,-0.0053439704,0.99810517
9.860544166666614,1762983186.8568583,0.013041437,1.5732459,-0.118371814,-0.057936046,0.01888552,-0.0056350087,0.9981258
9.88942633333329,1762983186.8857403,0.012340688,1.5731691,-0.120452665,-0.057112448,0.019158738,-0.0057622003,0.9981673
9.906937791666678,1762983186.903252,0.011877179,1.573071,-0.12166686,-0.05693444,0.019341523,-0.005749817,0.998174
9.924938916666633,1762983186.921253,0.011373533,1.5728627,-0.1228291,-0.05710957,0.019483984,-0.0057611507,0.9981612
9.94245962499997,1762983186.9387736,0.010857248,1.5725533,-0.12386615,-0.05769876,0.019711165,-0.005467193,0.9981244
9.959866124999962,1762983186.95618,0.010318541,1.5721756,-0.1248024,-0.058595706,0.020172516,-0.004705426,0.9980669
9.977194333333273,1762983186.9735084,0.009764791,1.571727,-0.12561901,-0.05977915,0.020875063,-0.0038305533,0.997986
9.99470195833328,1762983186.991016,0.009156048,1.5711963,-0.12630638,-0.06123511,0.021724405,-0.003166644,0.9978819
10.014266833333295,1762983187.0105808,0.008490443,1.5705422,-0.12689872,-0.063248366,0.022769008,-0.0026815084,0.9977345
10.031062666666571,1762983187.0273767,0.007924795,1.5700035,-0.12726487,-0.065159164,0.023754422,-0.0022587765,0.9975896
10.058557666666616,1762983187.0548718,0.007052564,1.569275,-0.12763163,-0.06819259,0.025254864,-0.0016702856,0.9973511
10.075967249999962,1762983187.0722814,0.0065955753,1.5689497,-0.1277695,-0.06970238,0.02584857,-0.0016058377,0.9972316
10.093551583333237,1762983187.0898657,0.006205393,1.5687801,-0.12787803,-0.07055324,0.026135953,-0.0016895956,0.9971642
10.110873499999911,1762983187.1071875,0.0058673024,1.5687706,-0.12797198,-0.07068422,0.026197096,-0.0016442224,0.99715334
10.128396333333285,1762983187.1247103,0.0055641662,1.568892,-0.12806012,-0.07023908,0.026127178,-0.001393842,0.997187
10.15533449999998,1762983187.1516485,0.0051418776,1.5692362,-0.12820819,-0.06884882,0.025960568,-0.0008948943,0.9972889
10.172852499999976,1762983187.1691666,0.004876554,1.5694747,-0.12832825,-0.067795515,0.025965367,-0.00067802885,0.9973611
10.193421249999915,1762983187.1897354,0.0045669675,1.5696944,-0.1284908,-0.06678719,0.026163828,-0.00053161086,0.997424
10.222000624999964,1762983187.2183146,0.0041428804,1.5698626,-0.12875167,-0.0661486,0.026591735,-0.0005552066,0.99745524
10.23922216666665,1762983187.235536,0.0039055347,1.5698733,-0.12892139,-0.06619605,0.026863966,-0.0006055915,0.99744475
10.257806291666611,1762983187.2541203,0.0036697984,1.5697819,-0.1291002,-0.06661925,0.027131993,-0.00061259035,0.99740934
10.275645416666634,1762983187.2719595,0.003451036,1.5696098,-0.12926579,-0.06742388,0.027440226,-0.0006592687,0.99734676
10.29453174999992,1762983187.2908459,0.003223681,1.5693755,-0.1294392,-0.06842074,0.027715303,-0.00079959235,0.99727124
10.311991624999905,1762983187.3083057,0.0030276775,1.5691346,-0.12960245,-0.06937062,0.02782519,-0.0010282743,0.9972023
10.328541124999902,1762983187.324855,0.0028633012,1.5689034,-0.12975742,-0.070253536,0.027834086,-0.0011629469,0.9971401
10.360176166666633,1762983187.3564901,0.0025958056,1.5685546,-0.13002805,-0.07144029,0.027711455,-0.0010565092,0.9970593
10.377745791666598,1762983187.37406,0.0024660826,1.5684137,-0.1301565,-0.07191324,0.027605174,-0.0009810935,0.99702835
10.394548458333247,1762983187.3908625,0.0023463368,1.5682933,-0.1302591,-0.07230332,0.027491651,-0.0009893099,0.99700326
10.421892041666638,1762983187.418206,0.0021600127,1.568109,-0.1303855,-0.07281792,0.027360443,-0.0009683941,0.99696946
10.439301541666623,1762983187.4356155,0.0020454526,1.5680038,-0.13045152,-0.073022835,0.02730577,-0.00094727124,0.996956
10.459500833333323,1762983187.4558148,0.0019076102,1.567866,-0.1305088,-0.07327038,0.027215246,-0.0011319745,0.9969401
10.477231125000003,1762983187.473545,0.0017875433,1.5677142,-0.13052593,-0.07364031,0.027131809,-0.0013139391,0.99691486
10.494704833333344,1762983187.4910188,0.001674546,1.5675313,-0.13050836,-0.07412192,0.027026642,-0.0013708221,0.99688196
10.512154166666619,1762983187.5084682,0.0015694135,1.5673484,-0.13046801,-0.07464438,0.026929248,-0.0012142244,0.99684584
10.529804000000013,1762983187.526118,0.0014669531,1.5671995,-0.13040939,-0.07506531,0.026814777,-0.0009704573,0.9968176
10.55644099999995,1762983187.552755,0.0013026595,1.5670478,-0.13028459,-0.07537909,0.026650235,-0.00071731274,0.9967985
10.573990249999952,1762983187.5703044,0.0011838675,1.5669935,-0.1301601,-0.07539767,0.026608046,-0.0005805802,0.99679834
10.59055987499994,1762983187.586874,0.0010647178,1.5669767,-0.13001083,-0.075332604,0.026667757,-0.00042010762,0.99680173
10.60807029166665,1762983187.6043844,0.000936697,1.5669867,-0.1297998,-0.075224325,0.026827414,-0.0002080428,0.99680567
10.627941083333326,1762983187.6242552,0.0007938279,1.5669987,-0.12946752,-0.07524607,0.027115308,7.264364e-05,0.99679625
10.655195583333239,1762983187.6515095,0.0006095171,1.5670247,-0.12883902,-0.075462215,0.027681977,0.000429747,0.99676424
10.672605249999947,1762983187.6689193,0.0005123019,1.5670841,-0.12834287,-0.07552304,0.02811009,0.0006825432,0.99674755
10.693575958333327,1762983187.68989,0.00042458708,1.5671979,-0.12764974,-0.07550559,0.028640931,0.0009035155,0.99673355
10.711304916666677,1762983187.707619,0.00037499602,1.5673232,-0.12697461,-0.07544873,0.029046476,0.00095437025,0.9967261
10.728333625000005,1762983187.7246478,0.00035332315,1.5674547,-0.12624611,-0.07537002,0.02938062,0.0009421479,0.9967222
10.75901024999996,1762983187.7553244,0.00032783873,1.5677035,-0.12477412,-0.07502325,0.029821483,0.0009857693,0.99673533
10.776496041666633,1762983187.77281,0.00032627583,1.567831,-0.12383996,-0.07473259,0.030025445,0.0011209663,0.9967509
10.794197958333257,1762983187.790512,0.00034987926,1.5679512,-0.122832835,-0.0743464,0.030206395,0.0012076375,0.9967742
10.811294249999946,1762983187.8076084,0.00039291382,1.5680599,-0.12180714,-0.0739143,0.030383637,0.0012221134,0.9968009
10.83323970833328,1762983187.8295538,0.00043958426,1.5681757,-0.120386854,-0.073481634,0.030632794,0.0011334947,0.99682534
10.856394749999936,1762983187.8527088,0.00048470497,1.5682447,-0.11875141,-0.07325875,0.03088245,0.00089015986,0.9968343
10.873768624999911,1762983187.8700826,0.00053777633,1.5682657,-0.11744585,-0.073185265,0.03102492,0.00068694935,0.9968355
10.896989041666643,1762983187.8933032,0.000625968,1.5682871,-0.115611225,-0.073017575,0.031223997,0.0005451811,0.9968416
10.931017208333287,1762983187.9273312,0.00077337027,1.5683455,-0.11279294,-0.07251867,0.031600658,0.0005454418,0.99686617
10.952411124999912,1762983187.9487252,0.000885725,1.5683597,-0.110983655,-0.07214482,0.031819917,0.00056217157,0.9968863
10.970154874999935,1762983187.9664688,0.0009846323,1.5683501,-0.109483294,-0.07183625,0.03202656,0.0005212488,0.996902
10.987533624999969,1762983187.9838476,0.0010767215,1.5683273,-0.10801724,-0.07149647,0.032290306,0.0005590555,0.9969179
11.004979416666629,1762983188.0012934,0.0011683106,1.5682874,-0.106553674,-0.071194105,0.03264882,0.00071796076,0.9969278
11.022858916666678,1762983188.019173,0.0012559759,1.5682391,-0.105067186,-0.07083171,0.03311438,0.0009293416,0.99693805
11.040364624999938,1762983188.0366788,0.0013168454,1.5681869,-0.10366936,-0.07038244,0.033573966,0.0009231283,0.9969545
11.063018583333246,1762983188.0593326,0.0013793838,1.5680977,-0.10190853,-0.069831535,0.034164533,0.0008098642,0.9969733
11.086606791666668,1762983188.0829208,0.0014743209,1.5679811,-0.100085646,-0.06936854,0.03487384,0.0010015524,0.9969809
11.104736374999902,1762983188.1010504,0.0015665293,1.5678815,-0.0987131,-0.06890821,0.03537607,0.0012964685,0.99699473
11.126589916666603,1762983188.122904,0.001689924,1.5677111,-0.09710155,-0.06834388,0.035855,0.0014575836,0.99701625
11.163203583333257,1762983188.1595175,0.0018361211,1.5673656,-0.09451321,-0.06783431,0.03635608,0.0013845284,0.997033
11.198892458333262,1762983188.1952064,0.0019082427,1.5670455,-0.09221928,-0.06714115,0.036711782,0.0012052614,0.99706715
11.221407916666635,1762983188.217722,0.0019107461,1.5668123,-0.09086126,-0.06691245,0.037109036,0.0010831457,0.9970679
11.238797499999919,1762983188.2351115,0.001869142,1.5666516,-0.08984953,-0.06695609,0.03753927,0.0009415041,0.99704903
11.259629416666598,1762983188.2559435,0.0017821789,1.5665519,-0.08872257,-0.06688967,0.038081005,0.0007296187,0.9970332
11.28516574999992,1762983188.2814798,0.0017129183,1.5664903,-0.08748372,-0.06664838,0.03858908,0.00052517065,0.9970299
11.302880125000001,1762983188.299194,0.0016882055,1.56646,-0.086705066,-0.06643761,0.038752772,0.00039070685,0.99703765
11.321909916666641,1762983188.318224,0.0016743541,1.5664735,-0.085965306,-0.06609007,0.03882062,0.00037463114,0.99705815
11.339299583333286,1762983188.3356137,0.0016639829,1.5665386,-0.08540492,-0.0655456,0.03888786,0.0005340742,0.9970914
11.356775083333332,1762983188.353089,0.0016488897,1.5666366,-0.08496567,-0.06479904,0.039043006,0.0007867051,0.997134
11.374274083333262,1762983188.370588,0.0016289353,1.5667324,-0.08464219,-0.06399266,0.039315656,0.001050713,0.9971751
11.39635495833329,1762983188.392669,0.0015934241,1.5667976,-0.08436718,-0.063247286,0.039808694,0.0012729213,0.9972028
11.417466333333323,1762983188.4137805,0.0015408993,1.5667789,-0.084216446,-0.06305071,0.040409416,0.0011674836,0.99719125
11.435026541666616,1762983188.4313407,0.0014904141,1.566678,-0.08412744,-0.06339537,0.040895134,0.0008530085,0.9971499
11.45362529166664,1762983188.4499393,0.0014492273,1.5664825,-0.08404295,-0.064332835,0.041258376,0.00054381223,0.99707514
11.471150166666575,1762983188.4674642,0.0014305346,1.5662627,-0.08398921,-0.06556509,0.04139012,0.00034416572,0.9969895
11.492178499999909,1762983188.4884925,0.0014359355,1.56603,-0.08397077,-0.0670706,0.04121478,0.00015672002,0.9968966
11.509498666666673,1762983188.5058126,0.0014592874,1.565879,-0.0839813,-0.06823605,0.040827878,7.3118e-05,0.99683344
11.528052749999915,1762983188.5243669,0.0014932156,1.5657554,-0.08400108,-0.069307625,0.04029674,8.1992366e-05,0.9967812
11.550145749999956,1762983188.54646,0.0015219318,1.5656674,-0.08403445,-0.07026006,0.039677586,0.00012933224,0.99673927
11.56747816666666,1762983188.5637922,0.0015348196,1.5656395,-0.08407794,-0.070749864,0.039320543,0.00027855608,0.99671876
11.584943124999995,1762983188.581257,0.0015388727,1.5656301,-0.084141284,-0.071051896,0.039048605,0.00031780486,0.996708
11.602360958333293,1762983188.598675,0.001527571,1.5656173,-0.08420328,-0.07136035,0.038850952,0.00018387161,0.9966937
11.619923999999969,1762983188.616238,0.0015048385,1.5655699,-0.084242314,-0.071804136,0.038722023,-0.00010228805,0.99666685
11.63742016666663,1762983188.6337342,0.001476897,1.5655068,-0.08426874,-0.072328664,0.038643897,-0.00045284952,0.99663186
11.658121499999993,1762983188.6544356,0.001445055,1.5654459,-0.08430132,-0.07277878,0.038564343,-0.00076360226,0.996602
11.675418374999936,1762983188.6717324,0.0014336705,1.565395,-0.084326416,-0.07312826,0.038524076,-0.00086437823,0.99657786
11.692724083333246,1762983188.689038,0.001437962,1.5653248,-0.08433743,-0.07346086,0.03844144,-0.0009095125,0.9965566
11.718120583333302,1762983188.7144346,0.0014710426,1.5652144,-0.084346816,-0.0738979,0.038173564,-0.0010394822,0.9965344
11.735602458333346,1762983188.7319164,0.001516723,1.5651608,-0.08435766,-0.07408633,0.037933666,-0.0010957535,0.9965295
11.752406416666645,1762983188.7487204,0.0015712016,1.5651327,-0.08438032,-0.07416576,0.03769879,-0.0012144987,0.9965324
11.77001054166658,1762983188.7663245,0.0016341209,1.5651413,-0.084424764,-0.07408329,0.037411965,-0.0015103514,0.99654895
11.787332291666644,1762983188.7836463,0.0017038815,1.5651851,-0.08449706,-0.073852696,0.037052225,-0.0018846975,0.9965789
11.804807791666576,1762983188.801122,0.0017764437,1.5652682,-0.08459992,-0.07350408,0.03667443,-0.0022679127,0.9966178
11.822137458333259,1762983188.8184514,0.0018509495,1.5653764,-0.08471765,-0.07313207,0.036321666,-0.002543167,0.9966574
11.839656375000004,1762983188.8359704,0.0019167297,1.565487,-0.0848467,-0.07285727,0.035953302,-0.002716525,0.99669045
11.863780958333336,1762983188.860095,0.0019868612,1.5656437,-0.08505888,-0.07252802,0.0353635,-0.003034517,0.9967347
11.886829499999976,1762983188.8831437,0.0020532012,1.5657954,-0.085302785,-0.07219172,0.034650855,-0.0033313774,0.99678314
11.904169833333299,1762983188.9004838,0.0021057725,1.5658966,-0.085505724,-0.072027564,0.034146223,-0.003362965,0.9968123
11.921846958333276,1762983188.918161,0.0021545887,1.5659763,-0.0857185,-0.07197924,0.033744648,-0.0032746142,0.9968298
11.939356750000002,1762983188.9356709,0.0021840334,1.566037,-0.08593796,-0.07202597,0.033469364,-0.0032322418,0.9968358
11.956770249999977,1762983188.9530842,0.0021960372,1.5660912,-0.0861718,-0.072046705,0.03327399,-0.0034144172,0.99684024
11.974204458333247,1762983188.9705186,0.0021936297,1.5661533,-0.08642241,-0.0720217,0.03312272,-0.0037347963,0.99684596
11.991651124999976,1762983188.987965,0.0021817917,1.566202,-0.08667568,-0.07199594,0.033042587,-0.004078285,0.9968491
12.00905120833329,1762983189.0053654,0.0021607876,1.5662258,-0.08692056,-0.072058536,0.03304727,-0.004381601,0.99684316
12.026450583333258,1762983189.0227647,0.0021374226,1.5662335,-0.08715886,-0.0721299,0.0330683,-0.0046894206,0.99683595
12.055465874999982,1762983189.05178,0.0021162033,1.5661889,-0.08749637,-0.07230246,0.03306176,-0.005061966,0.99682176
12.072839875,1762983189.069154,0.002121879,1.566145,-0.08766339,-0.072460085,0.032972887,-0.005214,0.9968125
12.09027658333332,1762983189.0865905,0.0021474957,1.5661097,-0.08782026,-0.07246045,0.03277165,-0.005421011,0.996818
12.107598791666646,1762983189.1039128,0.0021988153,1.5660826,-0.087967694,-0.072276436,0.032415926,-0.005661826,0.99684167
12.129049124999938,1762983189.125363,0.0022982955,1.5660484,-0.08813533,-0.07197778,0.031776786,-0.0059444224,0.9968822
12.149979958333347,1762983189.146294,0.0024202466,1.5659918,-0.08826795,-0.07176917,0.030942433,-0.0062123146,0.9969219
12.166777458333286,1762983189.1630914,0.0025282502,1.5659317,-0.08836436,-0.07161447,0.030176014,-0.006438654,0.99695504
12.18460904166659,1762983189.180923,0.0026432872,1.5658711,-0.08846839,-0.071410105,0.029331908,-0.006618284,0.9969937
12.201991083333269,1762983189.1983051,0.002739668,1.5658214,-0.08857353,-0.07119418,0.028499067,-0.0068645845,0.9970316
12.219933541666592,1762983189.2162476,0.0028175944,1.5657879,-0.088688396,-0.07101861,0.027659392,-0.007248214,0.9970651
12.237367500000005,1762983189.2336814,0.0028608441,1.5657932,-0.08880837,-0.07088033,0.026922723,-0.007547344,0.9970929
12.255196249999926,1762983189.2515104,0.0028560758,1.5658681,-0.088954866,-0.07060783,0.026328893,-0.007701266,0.99712694
12.272675791666643,1762983189.2689898,0.0028115974,1.5659882,-0.08913352,-0.070221044,0.025989372,-0.007806785,0.9971623
12.290132708333317,1762983189.2864468,0.0027252669,1.5661405,-0.08934059,-0.06975505,0.025880901,-0.007871172,0.99719733
12.307538541666645,1762983189.3038526,0.002610051,1.5663054,-0.08956977,-0.069281,0.025979899,-0.007902897,0.9972276
12.325620999999956,1762983189.321935,0.0024690032,1.5664606,-0.08982201,-0.06897685,0.026263438,-0.007905886,0.9972412
12.352196749999962,1762983189.3485107,0.0022581453,1.5665995,-0.09020243,-0.06900233,0.026837064,-0.007951646,0.9972238
12.369961375000003,1762983189.3662753,0.002136671,1.5666385,-0.090451606,-0.06920436,0.027150858,-0.007916184,0.99720156
12.386753791666592,1762983189.3830678,0.0020371543,1.5666369,-0.09068205,-0.06945955,0.027349709,-0.007965888,0.99717796
12.405506999999943,1762983189.4018211,0.0019459724,1.5666013,-0.090924054,-0.06985614,0.02743385,-0.0079589635,0.99714804
12.422775541666624,1762983189.4190896,0.0019006598,1.5665686,-0.09114549,-0.07019234,0.027342027,-0.007836283,0.9971279
12.440185541666665,1762983189.4364996,0.0018838644,1.5665447,-0.09138349,-0.07047152,0.027059795,-0.007664107,0.9971172
12.457488749999925,1762983189.4538028,0.0018913746,1.5665047,-0.091622025,-0.070820294,0.026647776,-0.00748552,0.997105
12.48377691666667,1762983189.4800909,0.0019465685,1.5664023,-0.09193802,-0.07164977,0.025844896,-0.0072509735,0.9970686
12.50111712499995,1762983189.4974313,0.0019975305,1.5663054,-0.09210655,-0.07235329,0.025281852,-0.0072024073,0.99703264
12.518469791666575,1762983189.5147839,0.00205189,1.5662152,-0.09225653,-0.07295959,0.024721755,-0.0072265216,0.99700224
12.535817041666633,1762983189.5321312,0.002093994,1.5661424,-0.09239786,-0.07335189,0.024235377,-0.00741787,0.99698406
12.553151041666638,1762983189.5494652,0.0021182299,1.5660796,-0.092515916,-0.073620476,0.023882223,-0.007612076,0.99697125
12.570517541666618,1762983189.5668316,0.0021246672,1.5660136,-0.0925948,-0.07386297,0.02367498,-0.0077309613,0.99695736
12.588171833333263,1762983189.5844858,0.002106511,1.565945,-0.09263473,-0.07413024,0.023647172,-0.007841809,0.99693733
12.605522833333339,1762983189.601837,0.0020688176,1.5658964,-0.092645094,-0.074313946,0.02375603,-0.007906157,0.9969205
12.62286820833333,1762983189.6191823,0.0020213127,1.5658695,-0.09263624,-0.07438847,0.023922136,-0.007896083,0.9969111
12.640294833333314,1762983189.6366088,0.00197196,1.5658411,-0.0926141,-0.07450901,0.024082318,-0.007745893,0.9968994
12.657639333333236,1762983189.6539533,0.0019273758,1.5657982,-0.09257886,-0.07474183,0.024242023,-0.007525447,0.9968798
12.675413083333297,1762983189.6717272,0.001891911,1.565747,-0.092527926,-0.07505311,0.02436985,-0.0072591496,0.99685526
12.692824583333277,1762983189.6891387,0.0018722647,1.5657146,-0.09248083,-0.07523474,0.024428604,-0.00700428,0.99684197
12.71618962499997,1762983189.7125037,0.0018567079,1.5656813,-0.09241093,-0.07540892,0.024442589,-0.006808393,0.99682987
12.733588291666592,1762983189.7299023,0.0018505454,1.5656434,-0.09234133,-0.07554249,0.024506304,-0.0066533843,0.9968192
12.751272583333275,1762983189.7475867,0.0018518567,1.5656002,-0.092254,-0.07567559,0.024659468,-0.006396439,0.996807
12.76860766666664,1762983189.7649217,0.0018609762,1.5655524,-0.09215248,-0.07571595,0.024854325,-0.006189397,0.9968004
12.786163458333249,1762983189.7824776,0.0018698705,1.5655053,-0.09203235,-0.0757379,0.025033716,-0.006200354,0.9967942
12.803562499999998,1762983189.7998765,0.0018880599,1.5654734,-0.09190788,-0.075679585,0.025145484,-0.0063201133,0.99679506
12.825007374999927,1762983189.8213215,0.0019352436,1.5654849,-0.09177163,-0.07540235,0.025121681,-0.0063552647,0.99681646
12.842324166666572,1762983189.8386383,0.0019743675,1.5655321,-0.09169728,-0.075111024,0.025029944,-0.0061950106,0.9968417
12.859779374999903,1762983189.8560934,0.0020016069,1.5656081,-0.091675915,-0.07480774,0.02493788,-0.0058855363,0.9968688
12.87740324999993,1762983189.8737173,0.0020355815,1.5657071,-0.09169229,-0.074437045,0.024811165,-0.0055680443,0.99690145
12.894841833333317,1762983189.891156,0.002064824,1.5658329,-0.091766626,-0.07398833,0.02469911,-0.005398028,0.99693865
12.912871958333312,1762983189.9091861,0.0020769471,1.5659912,-0.091907345,-0.07346358,0.024722433,-0.0053345854,0.99697715
12.93022341666665,1762983189.9265375,0.0020719767,1.5661575,-0.09209767,-0.07299912,0.02488286,-0.005207028,0.99700797
12.952950708333333,1762983189.9492648,0.00205338,1.5663818,-0.09243536,-0.072508775,0.025216173,-0.0050317384,0.9970363
12.970286458333248,1762983189.9666004,0.0020252466,1.5665643,-0.09276578,-0.07220657,0.025476007,-0.005043237,0.99705154
12.986527124999952,1762983189.9828413,0.001993431,1.5667372,-0.0931244,-0.07204358,0.025662072,-0.005145702,0.99705803
13.003907333333245,1762983190.0002215,0.0019627942,1.5669404,-0.093556546,-0.07195102,0.025805572,-0.0051657353,0.99706095
13.022423499999945,1762983190.0187376,0.0019387238,1.5672072,-0.09408101,-0.07180008,0.025913361,-0.005023654,0.9970697
13.039921999999933,1762983190.036236,0.0019200444,1.5675042,-0.09463896,-0.07146707,0.025942203,-0.004853998,0.99709374
13.063565749999952,1762983190.0598798,0.0018861294,1.567938,-0.09545827,-0.07095106,0.02587751,-0.0047538243,0.9971328
13.084232333333262,1762983190.0805464,0.0018465387,1.5683353,-0.09622345,-0.070360616,0.025857588,-0.0047283755,0.9971752
13.101690458333337,1762983190.0980046,0.0017994642,1.5686816,-0.09690656,-0.06977496,0.025998626,-0.0046405336,0.9972131
13.119724166666629,1762983190.1160383,0.0017310977,1.56905,-0.097648874,-0.069043934,0.026329719,-0.0045827697,0.99725556
13.136698333333243,1762983190.1330123,0.0016506446,1.5693979,-0.09837826,-0.06821986,0.026716383,-0.004673341,0.9973016
13.153319749999923,1762983190.149634,0.001560688,1.5697131,-0.09910384,-0.067473,0.02709919,-0.004848573,0.9973413
13.170744249999984,1762983190.1670582,0.0014574528,1.5699885,-0.09985919,-0.066826805,0.02749599,-0.005052975,0.99737287
13.18829966666658,1762983190.1846137,0.0013497472,1.570205,-0.100606635,-0.0664006,0.02788799,-0.005274348,0.9973893
13.205718208333337,1762983190.2020323,0.00124681,1.570376,-0.101331994,-0.06613185,0.028218394,-0.0054668454,0.9973968
13.223173124999903,1762983190.2194872,0.0011485683,1.5705211,-0.10203879,-0.065909036,0.028427828,-0.005662089,0.99740446
13.240672083333266,1762983190.2369862,0.0010649562,1.5706456,-0.102709904,-0.06571981,0.028506394,-0.005881244,0.9974135
13.258115166666585,1762983190.254429,0.0009946955,1.5707433,-0.10334077,-0.06555604,0.028418306,-0.0061573735,0.99742514
13.27559579166666,1762983190.27191,0.000928998,1.5708394,-0.10395725,-0.06531209,0.028207425,-0.006408607,0.9974456
13.293096541666614,1762983190.2894106,0.0008609891,1.5709481,-0.10455842,-0.06491385,0.027910504,-0.006621602,0.99747854
13.311188333333348,1762983190.3075023,0.0007790327,1.5710713,-0.105165765,-0.06436136,0.027522575,-0.00687392,0.9975234
13.329957499999978,1762983190.3262715,0.0006760359,1.5712117,-0.10578692,-0.063610345,0.027052682,-0.007151588,0.99758244
13.352939874999947,1762983190.349254,0.00053315033,1.5713869,-0.1065251,-0.06252436,0.02645695,-0.007405186,0.9976652
13.370287333333295,1762983190.3666015,0.0004095435,1.5715058,-0.10704592,-0.061655883,0.025961125,-0.007645959,0.9977305
13.387247374999902,1762983190.3835614,0.00027740002,1.571609,-0.10752115,-0.060772005,0.025428902,-0.008055572,0.9977952
13.404702291666581,1762983190.4010162,0.00013422966,1.571696,-0.107960165,-0.059810866,0.024796726,-0.008484989,0.9978656
13.42199945833329,1762983190.4183135,-8.775072e-06,1.5717539,-0.10833665,-0.058889948,0.024170974,-0.008755798,0.9979334
13.4395285833333,1762983190.4358425,-0.00015865438,1.5717822,-0.10864829,-0.05795749,0.02362358,-0.008819228,0.99800056
13.463951208333242,1762983190.4602652,-0.000387407,1.5717686,-0.10895958,-0.056555044,0.022974474,-0.008823401,0.99809617
13.484644291666655,1762983190.4809582,-0.0005908376,1.5717269,-0.10912553,-0.055257805,0.022559714,-0.008800322,0.9981785
13.50198112499993,1762983190.498295,-0.0007556677,1.5716795,-0.109199554,-0.054122366,0.022374196,-0.008593994,0.9982466
13.519597208333266,1762983190.5159113,-0.0009162294,1.571641,-0.10922777,-0.052843966,0.022305379,-0.008304473,0.99831915
13.536930041666665,1762983190.5332441,-0.0010740757,1.5716057,-0.10922362,-0.051326226,0.022326505,-0.008068662,0.9983998
13.554229083333325,1762983190.550543,-0.0012376308,1.5715605,-0.10919261,-0.049792804,0.022392504,-0.007956912,0.99847686
13.571091625000008,1762983190.5674057,-0.001387775,1.5715113,-0.10914305,-0.04820625,0.022487251,-0.008032479,0.99855196
13.588434208333297,1762983190.5847483,-0.001529144,1.5714558,-0.1090719,-0.046609826,0.022644915,-0.0082063135,0.9986228
13.60590691666664,1762983190.602221,-0.0016447902,1.5713791,-0.10895975,-0.045280382,0.022836039,-0.008326007,0.99867857
13.62333016666662,1762983190.6196442,-0.0017334223,1.5712891,-0.108800635,-0.044203684,0.022964712,-0.008439594,0.9987229
13.640839124999957,1762983190.6371531,-0.0018129945,1.5712177,-0.10862684,-0.043268606,0.02300516,-0.008737245,0.9987604
13.667198291666637,1762983190.6635122,-0.001911925,1.5712163,-0.10840174,-0.041765224,0.02288404,-0.009258177,0.99882245
13.686869166666611,1762983190.6831832,-0.0019538999,1.5712715,-0.108249426,-0.04075981,0.022669073,-0.009396732,0.99886763
13.704185916666574,1762983190.7005,-0.0019762516,1.5713086,-0.10812174,-0.040089313,0.022434328,-0.009382285,0.9989002
13.721675374999904,1762983190.7179894,-0.0019875765,1.5713328,-0.10800743,-0.03956641,0.022203526,-0.009328688,0.99892664
13.739189041666577,1762983190.7355032,-0.001995504,1.5713663,-0.1079144,-0.039130207,0.022012344,-0.009259339,0.99894875
13.756607874999986,1762983190.7529218,-0.0020084744,1.5713873,-0.10783809,-0.038790297,0.02192332,-0.009282915,0.9989637
13.773896916666672,1762983190.770211,-0.002030611,1.5713787,-0.10776971,-0.03861564,0.021961756,-0.00940736,0.9989685
13.791285041666583,1762983190.787599,-0.0020548468,1.5713406,-0.107709475,-0.038603406,0.022079496,-0.009605495,0.9989644
13.808762791666595,1762983190.8050768,-0.0020718575,1.5712729,-0.10766305,-0.038728748,0.02222656,-0.009852893,0.99895394
13.825508249999984,1762983190.8218224,-0.0020795928,1.5711855,-0.10762783,-0.038982246,0.022324348,-0.010076575,0.9989397
13.842830875000004,1762983190.839145,-0.0020727052,1.5710772,-0.10761728,-0.039224032,0.022406561,-0.01022585,0.9989268
13.86023924999995,1762983190.8565533,-0.0020471215,1.5709671,-0.10764116,-0.039496917,0.022459552,-0.010217171,0.998915
13.884115291666603,1762983190.8804293,-0.0019890533,1.5708317,-0.10767669,-0.040033694,0.022522872,-0.010109907,0.9988933
13.901497791666657,1762983190.897812,-0.0019281507,1.5707209,-0.10768911,-0.040580433,0.022594849,-0.010008557,0.9988706
13.919196374999956,1762983190.9155104,-0.0018449426,1.5705864,-0.10767126,-0.041283317,0.022729082,-0.009808648,0.9988408
13.936680583333327,1762983190.9329946,-0.001749552,1.5704403,-0.107613675,-0.042037297,0.022978297,-0.009583578,0.9988058
13.953997874999914,1762983190.950312,-0.0016489625,1.570301,-0.10751544,-0.04277692,0.023261985,-0.009572898,0.998768
13.971448791666603,1762983190.967763,-0.0015311241,1.5701809,-0.107365206,-0.04346105,0.023541369,-0.009784705,0.99872977
13.988870458333281,1762983190.9851844,-0.0013973117,1.570086,-0.10714854,-0.044131115,0.023752032,-0.010147605,0.9986918
14.006313666666642,1762983191.0026276,-0.0012456775,1.5700397,-0.10686323,-0.04466262,0.023928702,-0.010466195,0.9986607
14.024080166666636,1762983191.0203943,-0.0010702014,1.5700572,-0.10650954,-0.04493445,0.02408321,-0.010655138,0.9986428
14.041795374999992,1762983191.0381095,-0.0008880264,1.570128,-0.10609595,-0.04508376,0.02418631,-0.010820788,0.9986318
14.058841749999942,1762983191.0551558,-0.0007151133,1.5702355,-0.10563674,-0.045186788,0.024246208,-0.011033755,0.9986233
14.076142249999975,1762983191.0724564,-0.00052831235,1.5703572,-0.10508566,-0.04528528,0.02431832,-0.011202676,0.99861526
14.093528749999905,1762983191.0898428,-0.00033521652,1.5704885,-0.10444209,-0.045319293,0.02440381,-0.011410413,0.99860924
14.11787199999992,1762983191.114186,-7.9608595e-05,1.5706774,-0.103401266,-0.045314237,0.024622817,-0.011658274,0.99860126
14.135756249999986,1762983191.1320703,6.713804e-05,1.5707949,-0.10254698,-0.045367748,0.024831435,-0.011898643,0.9985908
14.153197958333294,1762983191.149512,0.00022912025,1.5708957,-0.10160208,-0.0453922,0.0250297,-0.012208039,0.99858105
14.170662541666616,1762983191.1669767,0.0004094243,1.5710061,-0.100565165,-0.04527233,0.025122272,-0.012608485,0.9985792
14.197117999999932,1762983191.193432,0.00070917606,1.5712173,-0.09886658,-0.04471986,0.024871873,-0.0133746425,0.99860036
14.218537499999911,1762983191.2148516,0.0009815097,1.5713866,-0.09737171,-0.04414521,0.024403721,-0.013832112,0.99863124
14.235948000000008,1762983191.2322621,0.0011911988,1.5714741,-0.09605339,-0.043802857,0.023915075,-0.014041981,0.9986552
14.25373070833325,1762983191.2500448,0.0013773441,1.5715275,-0.0946185,-0.043553174,0.023356479,-0.0142062465,0.99867696
14.271170374999997,1762983191.2674844,0.0015444987,1.5715761,-0.09313262,-0.043281224,0.022823293,-0.014336539,0.9986993
14.288596416666678,1762983191.2849104,0.001687454,1.5716296,-0.09157895,-0.042962007,0.022364259,-0.014445685,0.9987219
14.306063375000008,1762983191.3023775,0.0018011563,1.5716826,-0.08996282,-0.04257923,0.022027971,-0.01454294,0.99874437
14.323544999999967,1762983191.319859,0.001884222,1.5717218,-0.08830483,-0.04219598,0.021791417,-0.014700914,0.9987635
14.341038416666606,1762983191.3373525,0.0019543767,1.5717341,-0.08663356,-0.041820582,0.021671569,-0.014844213,0.99877983
14.358964416666595,1762983191.3552785,0.0020210743,1.5716832,-0.0849091,-0.041542824,0.021645086,-0.014926311,0.99879074
14.376304416666585,1762983191.3726184,0.0020738973,1.571573,-0.08322149,-0.04148027,0.021714091,-0.014904421,0.9987922
14.393695708333325,1762983191.3900096,0.002100587,1.5714343,-0.08152197,-0.041481525,0.021798983,-0.014946832,0.9987896
14.411012041666595,1762983191.407326,0.0021406545,1.5713223,-0.079816334,-0.041350644,0.021793323,-0.0152280545,0.9987909
14.428352208333308,1762983191.4246662,0.0021767616,1.571245,-0.07812615,-0.040974244,0.021626255,-0.015638012,0.99880373
14.45099099999993,1762983191.447305,0.002198875,1.5711756,-0.07595752,-0.040358625,0.021271106,-0.016161805,0.99882805
14.46845237499997,1762983191.4647665,0.002193451,1.5711083,-0.07431349,-0.039954465,0.020928979,-0.0164888,0.9988463
14.487472208333315,1762983191.4837863,0.0021779537,1.5709884,-0.072554976,-0.03960452,0.02053584,-0.016670814,0.9988653
14.505059624999944,1762983191.5013738,0.0021481977,1.5708455,-0.07095864,-0.039411046,0.020176152,-0.016732378,0.9988792
14.522325666666575,1762983191.5186398,0.0020900602,1.5706967,-0.069426544,-0.03921011,0.019799024,-0.016952183,0.998891
14.539108333333274,1762983191.5354223,0.0020028949,1.570554,-0.06798488,-0.038967673,0.019384986,-0.017420398,0.99890053
14.556350249999923,1762983191.5526643,0.0018825167,1.5704117,-0.06653816,-0.038673423,0.01894865,-0.017822405,0.9989133
14.573302874999968,1762983191.569617,0.0017392039,1.5702611,-0.06513286,-0.038361732,0.01862029,-0.01794623,0.99892926
14.59104662499999,1762983191.5873606,0.001567781,1.5700613,-0.06367594,-0.03810072,0.018446397,-0.017749645,0.998946
14.608665666666639,1762983191.6049798,0.0013807416,1.5698014,-0.062253445,-0.03790309,0.018402068,-0.017419316,0.9989601
14.626054666666619,1762983191.6223688,0.0011796355,1.5694997,-0.060896933,-0.037798975,0.01839316,-0.017269624,0.9989668
14.653708708333284,1762983191.6500227,0.0007739663,1.5689876,-0.0589644,-0.037734877,0.018307006,-0.017385434,0.99896884
14.671217208333246,1762983191.6675313,0.0005117655,1.568725,-0.057894796,-0.037420906,0.018121632,-0.017489452,0.9989822
14.688651666666601,1762983191.6849656,0.00027501583,1.5685592,-0.056960136,-0.036649268,0.017851733,-0.01749631,0.9990155
14.706737083333337,1762983191.703051,7.337332e-05,1.568471,-0.056114256,-0.03548981,0.017478868,-0.017462572,0.9990646
14.724395666666624,1762983191.7207098,-0.00012169949,1.5684322,-0.05545006,-0.034269933,0.017045623,-0.01752723,0.9991135
14.742240166666647,1762983191.7385542,-0.00031101704,1.5683985,-0.054930925,-0.03326704,0.01664135,-0.017454484,0.9991555
14.7597751666666,1762983191.7560892,-0.00048813884,1.5683366,-0.054547172,-0.03269355,0.016350314,-0.017167753,0.9991842
14.783516333333296,1762983191.7798305,-0.00071851077,1.5681803,-0.05419026,-0.032608453,0.016237931,-0.016529849,0.99919957
14.800160374999905,1762983191.7964745,-0.0008710159,1.5680066,-0.05402147,-0.033105828,0.016349543,-0.016036231,0.99918944
14.821118833333344,1762983191.8174329,-0.0010574824,1.5677726,-0.053898524,-0.0341218,0.01668491,-0.015474504,0.99915856
14.838785083333278,1762983191.8350992,-0.0012208223,1.5676179,-0.053881258,-0.03492371,0.017069599,-0.015198512,0.99912864
14.855621791666636,1762983191.8519359,-0.0013742447,1.5675145,-0.053932875,-0.03558935,0.01744473,-0.015088158,0.9991003
14.872667958333295,1762983191.868982,-0.0015086532,1.5674627,-0.054047227,-0.03614096,0.017732466,-0.015042073,0.9990761
14.890377249999915,1762983191.8866913,-0.0016254187,1.5674772,-0.054234773,-0.03643404,0.017897874,-0.014942918,0.999064
14.907885249999936,1762983191.9041994,-0.0017209649,1.5675355,-0.054488897,-0.036444396,0.017954212,-0.014783633,0.99906504
14.925935666666646,1762983191.9222498,-0.0017983682,1.5675986,-0.05480246,-0.036383938,0.017948164,-0.014475327,0.99907184
14.952830458333324,1762983191.9491446,-0.0018692381,1.567631,-0.05532567,-0.036606677,0.01797076,-0.013685037,0.99907446
14.97082875000001,1762983191.9671428,-0.001897335,1.5675828,-0.055685043,-0.03706925,0.018055042,-0.013178766,0.9990627
14.992425333333244,1762983191.9887395,-0.0019171602,1.5674593,-0.05611987,-0.03787047,0.018137502,-0.01288726,0.99903494
15.009718416666601,1762983192.0060325,-0.0019139647,1.5673282,-0.056470007,-0.038639847,0.018158104,-0.012743684,0.9990069
15.030130249999957,1762983192.0264442,-0.0018857718,1.5671605,-0.05688262,-0.03963089,0.01818923,-0.0125348,0.9989702
15.055166458333247,1762983192.0514805,-0.0018098819,1.5669631,-0.057396747,-0.040819302,0.018208122,-0.01218312,0.99892634
15.072614833333319,1762983192.068929,-0.0017258889,1.5668181,-0.057738554,-0.04173635,0.018228322,-0.011821624,0.9988924
15.090021958333296,1762983192.086336,-0.0016307599,1.5666761,-0.05805112,-0.042692635,0.018252246,-0.011511451,0.99885523
15.107393000000002,1762983192.103707,-0.0015318262,1.5665535,-0.05834184,-0.043606024,0.018262396,-0.011400414,0.99881685
15.12477904166667,1762983192.121093,-0.0014261603,1.5664835,-0.058630556,-0.044302385,0.01826174,-0.011348967,0.9987868
15.142210124999906,1762983192.138524,-0.0013145804,1.5664818,-0.058925986,-0.044688858,0.018215783,-0.011269389,0.9987713
15.160023625000008,1762983192.1563377,-0.0011969573,1.5665386,-0.059245627,-0.04477491,0.018136019,-0.011134615,0.9987704
15.191302874999906,1762983192.1876168,-0.00097578764,1.5667036,-0.059845805,-0.044678554,0.018003179,-0.010617071,0.99878275
15.210807749999958,1762983192.2071218,-0.00084523024,1.566791,-0.060238015,-0.0447856,0.017965317,-0.010351174,0.99878144
15.227802999999994,1762983192.224117,-0.0007417202,1.5668616,-0.06061089,-0.04496898,0.017922828,-0.010252865,0.99877495
15.256433583333319,1762983192.2527475,-0.00057703257,1.5669768,-0.06129375,-0.04561046,0.017724883,-0.010140465,0.99875057
15.274196458333336,1762983192.2705104,-0.00047069788,1.5670104,-0.06170973,-0.04630149,0.0175459,-0.010098548,0.9987224
15.29225433333329,1762983192.2885685,-0.00035989285,1.5670453,-0.062119126,-0.047061298,0.01730437,-0.010108702,0.99869096
15.321251708333307,1762983192.3175657,-0.00017338991,1.567121,-0.06271964,-0.048363168,0.016910965,-0.009988288,0.9986367
15.338704166666616,1762983192.3350182,-6.9737434e-05,1.5671903,-0.06304699,-0.049031667,0.016711198,-0.009892061,0.99860847
15.357250249999993,1762983192.3535643,2.6226044e-05,1.5672803,-0.06336525,-0.04958082,0.01651773,-0.00994942,0.998584
15.374708541666678,1762983192.3710227,9.7357595e-05,1.5673578,-0.06362728,-0.050061386,0.016385414,-0.010060946,0.998561
15.392207208333275,1762983192.3885212,0.00014569696,1.5674328,-0.06386698,-0.05043077,0.016388027,-0.010181149,0.99854124
15.409547916666611,1762983192.4058619,0.0001630187,1.56751,-0.06408319,-0.050640468,0.01644755,-0.010274819,0.99852866
15.42610174999993,1762983192.4224157,0.00014808115,1.5675561,-0.064262725,-0.050822865,0.016585715,-0.01040835,0.9985157
15.457201291666593,1762983192.4535153,2.9885134e-05,1.5674908,-0.06447811,-0.051495723,0.017166331,-0.010468689,0.9984708
15.476807208333298,1762983192.4731212,-9.838406e-05,1.5673594,-0.06452728,-0.05214363,0.01775002,-0.010358118,0.9984281
15.494253708333304,1762983192.4905677,-0.00024682283,1.5671939,-0.064508915,-0.05279106,0.018336674,-0.010191098,0.9983852
15.52456891666668,1762983192.520883,-0.0005720854,1.5668323,-0.064347595,-0.053998377,0.019413017,-0.00984655,0.9983038
15.542020499999921,1762983192.5383346,-0.0007959604,1.5666171,-0.064190716,-0.054676097,0.019967709,-0.009634928,0.998258
15.559462083333301,1762983192.5557761,-0.001044429,1.5664039,-0.0639934,-0.055304725,0.020411875,-0.009319829,0.99821734
15.576047041666584,1762983192.572361,-0.0012925267,1.5662032,-0.063784,-0.055761553,0.020755043,-0.009033354,0.9981875
15.593532374999995,1762983192.5898464,-0.0015731454,1.5660043,-0.06355283,-0.05610295,0.021087969,-0.008712098,0.9981643
15.610884499999997,1762983192.6071985,-0.0018713243,1.5658047,-0.06331725,-0.056345843,0.021472353,-0.0083196005,0.9981457
15.628452958333241,1762983192.624767,-0.0021942721,1.5655916,-0.06307099,-0.056616265,0.021961616,-0.007877336,0.9981234
15.658097124999927,1762983192.654411,-0.002810455,1.5652487,-0.062718846,-0.05697986,0.022975033,-0.007332848,0.998084
15.675901291666605,1762983192.6722152,-0.003215909,1.5650995,-0.06257972,-0.05701009,0.02369667,-0.0071749715,0.9980666
15.692385166666668,1762983192.6886992,-0.0036022067,1.5650086,-0.06250322,-0.056874823,0.02447759,-0.0069505707,0.998057
15.709784083333261,1762983192.706098,-0.0040148497,1.5649507,-0.062467933,-0.056709588,0.02533882,-0.0066496595,0.998047
15.72735524999996,1762983192.7236693,-0.004418052,1.5649158,-0.062472533,-0.056582056,0.026205676,-0.0062931147,0.9980342
15.753273958333239,1762983192.749588,-0.0049802065,1.5648779,-0.06254631,-0.056568205,0.027388448,-0.0058623007,0.9980058
15.771138958333268,1762983192.767453,-0.005348861,1.5648694,-0.062640995,-0.05659471,0.02809967,-0.005673576,0.9979856
15.790177958333288,1762983192.786492,-0.0057117213,1.5648786,-0.06278319,-0.05668971,0.028789591,-0.005417744,0.997962
15.808804374999909,1762983192.8051183,-0.006029619,1.5649073,-0.06296458,-0.056827344,0.029372022,-0.0050921356,0.9979389
15.826830208333263,1762983192.8231442,-0.0062997937,1.5649505,-0.06317952,-0.05696061,0.029793834,-0.004766884,0.9979204
15.85509433333334,1762983192.8514085,-0.0066191554,1.5649619,-0.06357843,-0.057280723,0.030161278,-0.004685524,0.9978914
15.87253341666667,1762983192.8688474,-0.0067730416,1.5649346,-0.06383265,-0.057666123,0.030183496,-0.0048463903,0.9978678
15.894303208333326,1762983192.8906174,-0.0069255233,1.5648913,-0.0641506,-0.058247447,0.030044101,-0.005091253,0.997837
15.911718624999935,1762983192.9080327,-0.007021308,1.5648754,-0.064409435,-0.058610406,0.029805318,-0.0052392636,0.99782217
15.92942020833334,1762983192.9257343,-0.0070991516,1.5648689,-0.06466931,-0.05890652,0.029477937,-0.0054575144,0.9978133
15.954497916666583,1762983192.9508119,-0.0072054397,1.5648469,-0.0650061,-0.0592458,0.028937483,-0.0058621643,0.99780667
15.971861499999932,1762983192.9681756,-0.007288277,1.5648048,-0.065211624,-0.059515327,0.02861704,-0.006181688,0.99779797
15.991598291666605,1762983192.9879124,-0.007398582,1.5647551,-0.06543369,-0.05976096,0.028369687,-0.0064667924,0.99778855
16.00898933333326,1762983193.0053034,-0.007512821,1.5647125,-0.06562679,-0.05991427,0.028203085,-0.0067317714,0.9977823
16.02659341666663,1762983193.0229075,-0.0076491237,1.5646544,-0.0658105,-0.06008059,0.028032629,-0.0070969,0.9977746
16.05429229166657,1762983193.0506063,-0.007898688,1.564557,-0.06607005,-0.060432207,0.027678704,-0.0077776005,0.99775815
16.071685708333348,1762983193.0679998,-0.008073211,1.5645195,-0.066232055,-0.060649708,0.027393978,-0.008060498,0.9977506
16.093213249999962,1762983193.0895274,-0.00829643,1.5645171,-0.06645557,-0.060753133,0.027033838,-0.008176345,0.9977532
16.11938695833328,1762983193.115701,-0.008563936,1.5645466,-0.06674972,-0.060815994,0.026690854,-0.007868896,0.997761
16.136951416666648,1762983193.1332655,-0.008747935,1.5645678,-0.06695068,-0.06096078,0.026590453,-0.0075832508,0.99775714
16.154512208333244,1762983193.1508262,-0.008941091,1.5645987,-0.067157455,-0.06109798,0.02653643,-0.007489348,0.9977509
16.172189541666626,1762983193.1685035,-0.009135485,1.5646589,-0.0673911,-0.061170083,0.02649854,-0.0075778016,0.99774677
16.189703083333256,1762983193.186017,-0.009315431,1.5647584,-0.067658514,-0.061113417,0.026424926,-0.007711027,0.99775124
16.208245791666627,1762983193.2045598,-0.009483695,1.5648915,-0.06797761,-0.060942322,0.026243767,-0.007818021,0.9977656
16.22590595833333,1762983193.22222,-0.00962466,1.5650136,-0.06829384,-0.060866345,0.025882393,-0.008015798,0.9977781
16.25890554166665,1762983193.2552197,-0.009856439,1.5652295,-0.0689256,-0.06099008,0.024692232,-0.008457558,0.9977971
16.27639104166667,1762983193.272705,-0.009972572,1.5653737,-0.06929478,-0.060964707,0.023893813,-0.0084590595,0.99781805
16.29326795833333,1762983193.289582,-0.010098875,1.5655425,-0.06968111,-0.060787354,0.023094056,-0.008484486,0.9978475
16.325619083333322,1762983193.321933,-0.010408223,1.565969,-0.07050711,-0.060009252,0.02182531,-0.008423972,0.9979237
16.34311483333329,1762983193.339429,-0.010614372,1.5662507,-0.07101608,-0.05930839,0.021455651,-0.008288353,0.9979747
16.36055004166667,1762983193.356864,-0.010850012,1.5665548,-0.07157463,-0.058423705,0.021285063,-0.00826323,0.9980307
16.386142958333267,1762983193.382457,-0.011226177,1.5670426,-0.07248098,-0.05700112,0.021382308,-0.008156972,0.9981118
16.404308249999985,1762983193.4006224,-0.011506475,1.5673975,-0.073181994,-0.055979382,0.021666268,-0.0081310645,0.9981637
16.42137670833324,1762983193.4176908,-0.011790491,1.5677096,-0.07394361,-0.05506496,0.021959264,-0.008224034,0.99820745
16.43861170833327,1762983193.4349258,-0.012064921,1.5680265,-0.07470951,-0.054285925,0.022265943,-0.008243753,0.99824315
16.455991833333314,1762983193.4523058,-0.012319922,1.5683327,-0.07544279,-0.05371913,0.022579217,-0.008136007,0.99826765
16.4735759583333,1762983193.46989,-0.012572752,1.56864,-0.07620642,-0.05320486,0.022810247,-0.008044681,0.99829066
16.49127324999995,1762983193.4875872,-0.012847424,1.5689805,-0.07707727,-0.052467838,0.022908024,-0.00809677,0.998327
16.50853216666667,1762983193.5048463,-0.013103819,1.5693724,-0.077973224,-0.051418986,0.022935448,-0.008204468,0.99838006
16.52922983333326,1762983193.525544,-0.0134027,1.5698507,-0.07905845,-0.050060432,0.023003187,-0.008145683,0.998448
16.547845583333242,1762983193.5441597,-0.013670683,1.5701861,-0.0799921,-0.049086872,0.023194885,-0.007821193,0.9984945
16.56521562499995,1762983193.5615296,-0.013904131,1.5704089,-0.08077211,-0.048492957,0.023399673,-0.0075814514,0.9985206
16.582768708333333,1762983193.5790827,-0.014145566,1.5705873,-0.081556655,-0.048002,0.023638502,-0.0074266875,0.99853987
16.600132583333334,1762983193.5964465,-0.014385939,1.5707588,-0.08234982,-0.047477674,0.023885893,-0.0072187595,0.9985606
16.62066895833334,1762983193.616983,-0.014679207,1.5709445,-0.08332246,-0.0468243,0.024141707,-0.007049705,0.9985865
16.638078958333267,1762983193.634393,-0.014939308,1.5710561,-0.084118456,-0.046413824,0.024304288,-0.0070585613,0.9986017
16.655605458333298,1762983193.6519196,-0.015230632,1.5711181,-0.08488455,-0.046212316,0.024397934,-0.0072105387,0.99860764
16.672368416666586,1762983193.6686826,-0.015537811,1.5711501,-0.08559159,-0.046043742,0.02448951,-0.007364082,0.99861205
16.68978137499994,1762983193.6860955,-0.015888967,1.571161,-0.086296834,-0.045935642,0.024617156,-0.007464346,0.9986132
16.708626333333314,1762983193.7049403,-0.016310371,1.5711392,-0.08702261,-0.045856666,0.024810405,-0.0074743847,0.9986119
16.72609941666667,1762983193.7224135,-0.016720235,1.5710864,-0.08765015,-0.045791797,0.025100172,-0.007248941,0.9986093
16.743678124999974,1762983193.7399921,-0.017138528,1.57102,-0.08824175,-0.045665853,0.025570452,-0.0067885467,0.9986064
16.76074479166664,1762983193.7570589,-0.017573357,1.5709693,-0.088821515,-0.04529292,0.026164746,-0.00638376,0.9986107
16.78772345833329,1762983193.7840376,-0.01830405,1.5709853,-0.089799285,-0.044101007,0.027276129,-0.005866217,0.99863744
16.80527354166668,1762983193.8015876,-0.018778801,1.5709838,-0.09041834,-0.043479137,0.028151592,-0.0053149834,0.9986435
16.822586291666653,1762983193.8189003,-0.01923263,1.5708714,-0.09095234,-0.04342437,0.02915593,-0.0045344206,0.9986209
16.839509499999963,1762983193.8358235,-0.019656278,1.570674,-0.09140796,-0.043777592,0.030193927,-0.0037340466,0.99857795
16.85703579166659,1762983193.85335,-0.020064473,1.5704672,-0.09185101,-0.044073142,0.03132449,-0.002960629,0.9985327
16.874956416666578,1762983193.8712704,-0.02044642,1.5702747,-0.092280194,-0.04420218,0.032532882,-0.0022310896,0.9984903
16.89235891666658,1762983193.888673,-0.02077663,1.570076,-0.092657104,-0.044316594,0.03373358,-0.0015254107,0.9984467
16.90982720833324,1762983193.9061413,-0.02105502,1.5698577,-0.09299304,-0.044471882,0.03486927,-0.00088986463,0.9984015
16.92734416666667,1762983193.9236581,-0.021276891,1.5696559,-0.09329969,-0.044640046,0.035876535,-0.00033123308,0.99835867
16.95936462499992,1762983193.9556787,-0.021536171,1.5692871,-0.09375666,-0.045263346,0.03725674,0.00020953437,0.9982801
16.992551875000004,1762983193.9888659,-0.021594452,1.5688897,-0.094062634,-0.046451896,0.037931647,0.00015092874,0.9982001
17.02483233333328,1762983194.0211463,-0.021467196,1.5686052,-0.09429216,-0.04731979,0.037656985,-0.00028259825,0.9981697
17.04227679166661,1762983194.038591,-0.021339275,1.5685022,-0.0944052,-0.047680456,0.037162524,-0.00065244554,0.99817085
17.06067833333327,1762983194.0569923,-0.021175243,1.568429,-0.09451886,-0.04795908,0.036509953,-0.0009998328,0.99818134
17.09230404166658,1762983194.088618,-0.020868003,1.5683457,-0.09470154,-0.048203874,0.035462283,-0.0013210145,0.998207
17.109217208333348,1762983194.1055312,-0.020696878,1.5683311,-0.09481935,-0.048132565,0.035025164,-0.0012686942,0.9982259
17.12690408333333,1762983194.123218,-0.02051381,1.5683376,-0.09498591,-0.047917817,0.034683753,-0.0011667359,0.9982483
17.155851583333288,1762983194.1521657,-0.020216621,1.5683589,-0.09539794,-0.047224984,0.034179628,-0.0013226497,0.99829847
17.173342124999976,1762983194.1696563,-0.020044373,1.5683563,-0.09571541,-0.046807777,0.033864964,-0.0016935895,0.9983283
17.191732583333305,1762983194.1880467,-0.019869544,1.5682919,-0.09606754,-0.0466148,0.033650972,-0.002065016,0.9983438
17.208451416666662,1762983194.2047656,-0.01971823,1.568155,-0.09636395,-0.046852976,0.03358149,-0.0022418473,0.99833465
17.22601895833327,1762983194.222333,-0.01956551,1.5679256,-0.09662246,-0.047557246,0.033610422,-0.0023627917,0.99830014
17.25553279166661,1762983194.2518468,-0.019326389,1.5673811,-0.09686884,-0.049655143,0.033827096,-0.0025524795,0.99819016
17.273581416666616,1762983194.2698956,-0.019184925,1.5670292,-0.09690044,-0.051189356,0.03408343,-0.0026261583,0.99810374
17.29114687499998,1762983194.287461,-0.019040823,1.5667584,-0.09686975,-0.052419137,0.03439466,-0.0026308896,0.99802923
17.308480833333306,1762983194.3047948,-0.018877255,1.5665917,-0.09678394,-0.053238045,0.03469353,-0.0025018,0.9979759
17.32571829166659,1762983194.3220325,-0.018691637,1.5665076,-0.096628,-0.05378767,0.034922052,-0.0024053648,0.99793863
17.343086249999942,1762983194.3394003,-0.018485917,1.5664709,-0.09637379,-0.05432727,0.035000104,-0.0025298733,0.9979063
17.36065062499995,1762983194.3569646,-0.01825285,1.5664686,-0.09600772,-0.054845378,0.03493081,-0.002765331,0.99787986
17.390778249999926,1762983194.3870924,-0.01780261,1.5666003,-0.095208205,-0.055143956,0.034589365,-0.0030712157,0.9978744
17.408319124999935,1762983194.4046333,-0.017519295,1.5667295,-0.09465964,-0.05507548,0.03428956,-0.0031599249,0.99788827
17.425792333333334,1762983194.4221063,-0.017225133,1.566861,-0.09406113,-0.0550601,0.03394336,-0.003267199,0.9979006
17.442268000000013,1762983194.438582,-0.016935825,1.5669703,-0.09346247,-0.055140886,0.03365709,-0.003348958,0.99790555
17.459698249999974,1762983194.4560122,-0.016623484,1.567056,-0.09275029,-0.05533659,0.03345204,-0.0034026986,0.99790144
17.488607541666624,1762983194.4849217,-0.016133547,1.5672058,-0.09159745,-0.05575194,0.033289026,-0.0034604515,0.99788356
17.506101083333306,1762983194.5024152,-0.015826033,1.567314,-0.090841,-0.055923138,0.033243243,-0.0036010188,0.99787503
17.52643879166658,1762983194.5227528,-0.015443265,1.5674462,-0.08998853,-0.055905487,0.03306967,-0.003882108,0.99788076
17.558580124999935,1762983194.5548942,-0.014758921,1.5676187,-0.08870926,-0.05560553,0.03246122,-0.004097316,0.99791664
17.57587712499992,1762983194.5721912,-0.014367163,1.5676613,-0.08801915,-0.055521592,0.032042023,-0.0040983628,0.9979348
17.593393708333338,1762983194.5897079,-0.01397115,1.5676336,-0.087292805,-0.05563169,0.03162386,-0.0041945176,0.9979416
17.61069170833332,1762983194.6070058,-0.013589203,1.5675557,-0.08654298,-0.055874154,0.031263907,-0.00436272,0.9979387
17.627641916666676,1762983194.623956,-0.01323396,1.5674667,-0.08576961,-0.05613586,0.030992752,-0.0045951093,0.9979314
17.654410166666594,1762983194.6507242,-0.012715697,1.56735,-0.084509924,-0.056339063,0.030772096,-0.005042097,0.9979247
17.672741499999916,1762983194.6690555,-0.012380279,1.5672739,-0.08363602,-0.056330882,0.030779267,-0.0054041273,0.99792296
17.690130124999996,1762983194.6864443,-0.012073219,1.567168,-0.08277793,-0.056358863,0.030924365,-0.0057482095,0.997915
17.707150249999927,1762983194.7034643,-0.011778414,1.5670187,-0.081891656,-0.056515723,0.031197937,-0.0060014385,0.99789613
17.7245964166666,1762983194.7209105,-0.011487186,1.566848,-0.08094308,-0.056783058,0.031563558,-0.0062234206,0.9978681
17.742001500000015,1762983194.7383156,-0.011199153,1.5667013,-0.07997533,-0.05695809,0.031938996,-0.0064886604,0.9978445
17.759610416666646,1762983194.7559245,-0.010893762,1.56657,-0.0789846,-0.057105344,0.03231021,-0.006732113,0.9978225
17.787888458333327,1762983194.7842026,-0.010369599,1.5663464,-0.07737455,-0.057284772,0.032924023,-0.006895188,0.99779105
17.806202458333246,1762983194.8025165,-0.010012031,1.5661812,-0.07634111,-0.057358444,0.03336578,-0.0068465294,0.99777246
17.825893666666616,1762983194.8222077,-0.009615302,1.5659916,-0.075236976,-0.05755424,0.033836104,-0.0068426034,0.9977454
17.843487708333328,1762983194.8398018,-0.0092645185,1.5658319,-0.074251205,-0.057783633,0.034156546,-0.006940774,0.9977204
17.86091287499994,1762983194.8572268,-0.008911825,1.5656953,-0.07329293,-0.05793105,0.03442642,-0.0069701443,0.9977025
17.888956958333324,1762983194.885271,-0.008303748,1.5655284,-0.07183764,-0.057968333,0.03489803,-0.0066837138,0.9976859
17.90650541666662,1762983194.9028194,-0.007915914,1.5654504,-0.07101315,-0.05798601,0.035109114,-0.0065842303,0.99767816
17.924151833333326,1762983194.920466,-0.0075031985,1.5653958,-0.07028637,-0.057908308,0.035194077,-0.006579904,0.9976797
17.941693750000013,1762983194.9380078,-0.007073343,1.5653493,-0.069676876,-0.057914294,0.035196703,-0.006425457,0.99768025
17.95926499999996,1762983194.955579,-0.006631911,1.5652802,-0.06915623,-0.05807467,0.035163686,-0.0061782054,0.9976737
17.988290083333254,1762983194.9846041,-0.005927801,1.5651053,-0.06845704,-0.058524948,0.03487764,-0.006356225,0.9976563
18.00572212499992,1762983195.002036,-0.0055266023,1.5649995,-0.06811571,-0.058910042,0.03468114,-0.0066521037,0.9976385
18.023092833333294,1762983195.0194068,-0.0051411754,1.5649048,-0.06781865,-0.0593837,0.034697734,-0.0066128112,0.9976101
18.04098283333326,1762983195.0372968,-0.0047850376,1.5647954,-0.06755734,-0.05990342,0.03501468,-0.0064254235,0.9975692
18.064855999999963,1762983195.06117,-0.0043973327,1.5646334,-0.06730041,-0.06058456,0.035854094,-0.006373397,0.9974986
18.08786991666659,1762983195.084184,-0.004060924,1.564495,-0.06714526,-0.060963955,0.036963724,-0.006690934,0.9974329
18.105690958333298,1762983195.102005,-0.0038032532,1.5644013,-0.067086905,-0.06117166,0.037881326,-0.00699204,0.99738365
18.12299666666661,1762983195.1193106,-0.0035455227,1.5643078,-0.067078084,-0.06140999,0.03865461,-0.0072922427,0.9973372
18.140517291666583,1762983195.1368313,-0.0032716757,1.5642134,-0.06712384,-0.06163914,0.039178308,-0.007685411,0.9972997
18.157977624999944,1762983195.1542916,-0.0029789805,1.5641149,-0.06721267,-0.061931577,0.03935495,-0.007942124,0.9972726
18.188822958333276,1762983195.185137,-0.002388358,1.5639342,-0.06742424,-0.062891185,0.039167043,-0.00746629,0.9972236
18.20559199999991,1762983195.201906,-0.0020471679,1.5638298,-0.06754232,-0.0635519,0.03884574,-0.0069626966,0.9971979
18.225894916666675,1762983195.222209,-0.0016262531,1.5636982,-0.06766209,-0.06446094,0.0382692,-0.006465877,0.9971652
18.243823541666643,1762983195.2401376,-0.00127244,1.5636153,-0.067775905,-0.06525374,0.037824783,-0.006070657,0.9971331
18.26127816666667,1762983195.2575922,-0.0009650588,1.5635953,-0.067919195,-0.06574467,0.03759568,-0.00578013,0.99711126
18.28796154166662,1762983195.2842755,-0.0005518562,1.5636545,-0.068137325,-0.06592288,0.037667718,-0.005617261,0.9970977
18.30557408333334,1762983195.3018882,-0.00030405648,1.5636854,-0.068237536,-0.06607518,0.038015638,-0.005556346,0.9970747
18.32295745833335,1762983195.3192716,-7.081032e-05,1.5636878,-0.0682956,-0.06633904,0.03855339,-0.0054439716,0.9970372
18.340429291666624,1762983195.3367434,0.00016391277,1.563699,-0.0683482,-0.06647398,0.039153546,-0.005452761,0.9970048
18.361963999999944,1762983195.358278,0.0004669428,1.5637391,-0.06841275,-0.06634477,0.039634984,-0.005718865,0.9969929
18.385643583333263,1762983195.3819575,0.00085010467,1.5637153,-0.06842188,-0.06642273,0.039715376,-0.005950164,0.9969831
18.40427329166664,1762983195.4005873,0.0011894107,1.5636427,-0.06837407,-0.06672328,0.03948811,-0.005972871,0.99697196
18.421888208333257,1762983195.4182022,0.0015315878,1.5635897,-0.06831645,-0.06683822,0.03910311,-0.0058874097,0.99697983
18.43933295833324,1762983195.435647,0.0018818974,1.5635478,-0.06825733,-0.0668555,0.038680546,-0.0057245465,0.9969962
18.456735833333255,1762983195.45305,0.0022300715,1.5634983,-0.0681778,-0.0669157,0.038319107,-0.005527852,0.9970072
18.474154874999954,1762983195.470469,0.0025677085,1.5634673,-0.06808218,-0.066934556,0.037987728,-0.005562622,0.99701846
18.498280166666632,1762983195.494594,0.0030140877,1.5635152,-0.06797463,-0.06659122,0.037530024,-0.006094979,0.99705565
18.525094166666577,1762983195.5214083,0.0035023093,1.5636078,-0.067855775,-0.06604983,0.03707497,-0.006524162,0.997106
18.553964541666573,1762983195.5502787,0.004023373,1.5636393,-0.067656875,-0.06583232,0.036550775,-0.0066782613,0.9971387
18.571433833333344,1762983195.5677478,0.004333675,1.5636392,-0.067510754,-0.06578863,0.036184896,-0.0067379633,0.99715453
18.58800220833325,1762983195.5843163,0.0046159755,1.5636592,-0.067379214,-0.06567598,0.03586865,-0.0068176235,0.99717283
18.604972541666598,1762983195.6012866,0.0048900843,1.563714,-0.067269295,-0.06533093,0.03564887,-0.0068712556,0.997203
18.624825249999958,1762983195.6211393,0.0051942337,1.5638291,-0.06718459,-0.06476469,0.03559055,-0.0068290466,0.99724233
18.642204416666573,1762983195.6385186,0.0054396987,1.5639424,-0.067147404,-0.06422411,0.035714094,-0.0067395177,0.9972735
18.65990224999996,1762983195.6562164,0.005670905,1.5640404,-0.06713343,-0.06385793,0.035936695,-0.006820443,0.99728847
18.692506958333297,1762983195.688821,0.006084025,1.564224,-0.06712875,-0.06357918,0.036119852,-0.007699187,0.99729323
18.710318874999984,1762983195.7066329,0.0063300133,1.5643742,-0.0671705,-0.06332104,0.036006983,-0.008079553,0.9973107
18.727232791666665,1762983195.7235467,0.0065756077,1.5645493,-0.06724382,-0.062926054,0.035787202,-0.008271792,0.9973421
18.752928708333343,1762983195.7492428,0.006956769,1.5648104,-0.067374654,-0.062384155,0.035266448,-0.008492976,0.99739283
18.770805208333286,1762983195.7671192,0.0072185397,1.5649475,-0.067453146,-0.06216644,0.034818035,-0.008737335,0.9974201
18.788213250000013,1762983195.7845273,0.0074631805,1.5650505,-0.067517735,-0.062074643,0.034415588,-0.009012801,0.9974373
18.806386541666598,1762983195.8027005,0.0077001685,1.5651312,-0.06757731,-0.06199045,0.03408003,-0.009344046,0.99745095
18.823879124999962,1762983195.8201933,0.007907271,1.5651944,-0.06762901,-0.061871037,0.033802465,-0.009793915,0.9974635
18.840808041666605,1762983195.8371222,0.0080984235,1.5652517,-0.06769377,-0.061664067,0.033533216,-0.010382395,0.9974795
18.859113374999993,1762983195.8554275,0.008303583,1.5653019,-0.06778467,-0.06142948,0.033212394,-0.010986288,0.99749815
18.885322291666625,1762983195.8816364,0.008571386,1.5653241,-0.0678851,-0.061287027,0.032683916,-0.01184641,0.9975146
18.903735208333273,1762983195.9000492,0.008735253,1.5653048,-0.06793181,-0.061305746,0.03224127,-0.012476113,0.99752015
18.926292666666654,1762983195.9226067,0.008915365,1.5652747,-0.067985356,-0.061409403,0.031561922,-0.013134647,0.99752706
18.954992833333336,1762983195.9513068,0.009087324,1.5652792,-0.0680902,-0.06134957,0.030458665,-0.013911818,0.9975545
18.972478374999923,1762983195.9687924,0.0091462135,1.5652776,-0.06817368,-0.06120383,0.029667636,-0.0143682575,0.9975808
18.99004166666657,1762983195.9863558,0.0091635715,1.56522,-0.06825269,-0.06116578,0.028865471,-0.014727301,0.9976015
19.00744920833324,1762983196.0037632,0.009136438,1.5650791,-0.06831023,-0.061430003,0.028180279,-0.014901335,0.9976022
19.031662499999925,1762983196.0279765,0.009029461,1.5647552,-0.06833834,-0.062443145,0.027605938,-0.01473079,0.99755794
19.051745583333286,1762983196.0480597,0.008888983,1.5644586,-0.06835026,-0.0635194,0.027542194,-0.01434993,0.99749726
19.070174166666675,1762983196.0664883,0.008721196,1.5642533,-0.06838713,-0.06427305,0.027711326,-0.014210879,0.9974463
19.087414249999938,1762983196.0837283,0.008548081,1.5641474,-0.068448514,-0.064704865,0.027950315,-0.014329236,0.99741
19.105265999999915,1762983196.1015801,0.008373522,1.5640876,-0.06851784,-0.06499874,0.028197812,-0.014426876,0.9973826
19.122653000000014,1762983196.118967,0.008216106,1.5640268,-0.06857041,-0.06537765,0.028433008,-0.014518969,0.9973498
19.140184958333293,1762983196.136499,0.00806837,1.5639607,-0.06859901,-0.06587562,0.028583923,-0.014653018,0.9973107
19.15698220833326,1762983196.1532962,0.007943809,1.5638921,-0.06861156,-0.066365965,0.028578235,-0.0148588475,0.99727535
19.17443795833333,1762983196.170752,0.007833921,1.5638208,-0.06862224,-0.06682762,0.028390888,-0.015065108,0.99724674
19.19261599999993,1762983196.18893,0.0077330703,1.5637637,-0.06864262,-0.06711941,0.028053392,-0.015194472,0.99723476
19.210256125,1762983196.2065701,0.007635772,1.5637305,-0.06867617,-0.06720244,0.027630616,-0.0153589705,0.99723846
19.227191958333265,1762983196.223506,0.0075389743,1.5637062,-0.06871498,-0.06717714,0.027174335,-0.015506457,0.99725044
19.253654374999996,1762983196.2499685,0.007373631,1.5636175,-0.06874412,-0.06735586,0.02651071,-0.015492597,0.9972564
19.271287749999942,1762983196.2676017,0.007239484,1.5635086,-0.06871892,-0.0676622,0.026140675,-0.015384117,0.9972471
19.28884195833325,1762983196.285156,0.0070923567,1.5634083,-0.06868088,-0.06798085,0.02585791,-0.015146733,0.9972365
19.30618525,1762983196.3024993,0.006936335,1.5633368,-0.068633415,-0.06824377,0.025647769,-0.014811033,0.997229
19.32260441666665,1762983196.3189185,0.006776952,1.5632945,-0.06857816,-0.068391114,0.025552986,-0.01446609,0.99722636
19.340052625,1762983196.3363667,0.0065963864,1.5632709,-0.06850609,-0.06844621,0.025528993,-0.014108884,0.9972284
19.35693916666662,1762983196.3532531,0.0064206226,1.563271,-0.068428755,-0.06836676,0.02556075,-0.01375522,0.9972379
19.374332374999994,1762983196.3706465,0.006239176,1.5632862,-0.068341225,-0.06822178,0.02567995,-0.013347422,0.9972503
19.392400874999908,1762983196.388715,0.0060505504,1.5633055,-0.06824393,-0.06808363,0.025905143,-0.0129638715,0.99725896
19.409966166666663,1762983196.4062803,0.0058727497,1.5633414,-0.06815604,-0.06781352,0.026171152,-0.012649584,0.9972745
19.427346458333318,1762983196.4236605,0.0057164663,1.5633914,-0.068084635,-0.06747453,0.026418103,-0.012348189,0.9972948
19.45201358333327,1762983196.4483275,0.0055235624,1.5634669,-0.06801647,-0.06702313,0.026717337,-0.011872679,0.997323
19.47006408333334,1762983196.4663782,0.0054118633,1.5635245,-0.06799132,-0.06681241,0.026869154,-0.011576687,0.9973365
19.4874782083333,1762983196.4837923,0.005339086,1.5636054,-0.06800097,-0.066542774,0.026905801,-0.0113670025,0.997356
19.50641124999993,1762983196.5027254,0.0052990317,1.5637248,-0.06806183,-0.06617735,0.026823632,-0.011229178,0.9973841
19.524175416666594,1762983196.5204895,0.005292952,1.5638604,-0.068163395,-0.06584357,0.026648773,-0.01118188,0.9974114
19.54160049999996,1762983196.5379145,0.0053066844,1.5640098,-0.06829671,-0.06550633,0.026436463,-0.011209639,0.9974389
19.559192624999923,1762983196.5555067,0.0053410167,1.5641577,-0.068452604,-0.06515987,0.026168903,-0.011265265,0.99746805
19.576776499999937,1762983196.5730906,0.005392015,1.5642974,-0.06861758,-0.06491675,0.025896149,-0.011265965,0.997491
19.594250166666598,1762983196.5905643,0.005454123,1.5644236,-0.068784624,-0.064723976,0.025652764,-0.011374892,0.9975086
19.621395874999962,1762983196.6177099,0.0055623883,1.5646266,-0.06906263,-0.06440321,0.025220582,-0.011688056,0.9975368
19.638930624999944,1762983196.6352446,0.005644547,1.564768,-0.069255285,-0.06416019,0.02491326,-0.011841717,0.9975583
19.65632549999998,1762983196.6526396,0.0057271123,1.5649195,-0.06946272,-0.0638566,0.0245925,-0.0119953295,0.9975839
19.67380845833327,1762983196.6701226,0.00580486,1.5651164,-0.06970356,-0.06343949,0.024232382,-0.012293819,0.9976157
19.69067974999996,1762983196.6869938,0.0058785677,1.5653601,-0.069978654,-0.062900946,0.023885122,-0.012588367,0.9976545
19.708234916666584,1762983196.704549,0.005953729,1.5656571,-0.07030851,-0.062215216,0.023515917,-0.012743059,0.9977043
19.72676095833333,1762983196.723075,0.0060188044,1.5660145,-0.070722304,-0.061282005,0.023251481,-0.01272208,0.9977685
19.753176708333285,1762983196.7494907,0.006085217,1.566571,-0.0714277,-0.059723776,0.023082843,-0.012511261,0.9978696
19.770872583333244,1762983196.7671866,0.006114304,1.5669334,-0.071970046,-0.058643106,0.023043303,-0.012451532,0.99793535
19.791540708333287,1762983196.7878547,0.006132245,1.5673416,-0.07267636,-0.057435364,0.022966579,-0.0124552,0.99800736
19.808917041666632,1762983196.805231,0.0061294436,1.5676776,-0.07337318,-0.056377474,0.022849377,-0.012428019,0.99807066
19.826517666666632,1762983196.8228316,0.006052398,1.5680103,-0.07427784,-0.05520123,0.022675533,-0.012311954,0.9981418
19.853463708333265,1762983196.8497777,0.005897701,1.5684204,-0.075817734,-0.053802136,0.022472583,-0.0119722085,0.99822694
19.8710754166666,1762983196.8673894,0.005773902,1.5686496,-0.07688561,-0.05315868,0.022450509,-0.011844178,0.9982634
19.888837208333257,1762983196.8851511,0.0056300294,1.5688837,-0.078020714,-0.05259479,0.022468543,-0.011860423,0.99829274
19.90583616666663,1762983196.9021502,0.0054804916,1.569134,-0.07916888,-0.051953852,0.02253938,-0.011842951,0.9983249
19.924051125000005,1762983196.920365,0.005316794,1.5694134,-0.08043963,-0.05125046,0.022688048,-0.011694349,0.9983596
19.941422916666625,1762983196.937737,0.0051549077,1.5696639,-0.081671774,-0.050656512,0.022927588,-0.0114444485,0.99838734
19.95887316666665,1762983196.9551873,0.0049813986,1.5699153,-0.08292346,-0.05002114,0.023241203,-0.011254,0.9984143
19.97630979166661,1762983196.9726238,0.004795313,1.570183,-0.08418602,-0.049327098,0.023598656,-0.011070657,0.99844253
19.993741583333303,1762983196.9900556,0.0045994157,1.5704657,-0.08545426,-0.048562765,0.02403833,-0.010952619,0.9984708
20.012266833333342,1762983197.008581,0.0043805838,1.5707608,-0.08678897,-0.04771925,0.024617162,-0.010794703,0.9984991
20.029806124999936,1762983197.0261202,0.004178239,1.5709848,-0.08801443,-0.047063977,0.025272079,-0.010544373,0.9985165
20.056538416666626,1762983197.0528524,0.003892064,1.5712353,-0.08978841,-0.046297513,0.026373094,-0.010141528,0.998528
20.07398858333329,1762983197.0703027,0.0037341581,1.5713944,-0.090897106,-0.045781314,0.02705195,-0.009944175,0.99853563
20.090869124999926,1762983197.0871832,0.0036280388,1.571529,-0.09192633,-0.045331843,0.027570415,-0.009739741,0.998544
20.10837454166665,1762983197.1046886,0.0035797954,1.5716149,-0.09293924,-0.045106325,0.027970368,-0.009498012,0.9985454
20.12582987499991,1762983197.122144,0.0035974616,1.5716394,-0.09389759,-0.045014307,0.028183596,-0.009194117,0.99854636
20.143338874999927,1762983197.139653,0.0036838783,1.5716366,-0.094841816,-0.044687092,0.02811528,-0.008897694,0.99856573
20.16080979166668,1762983197.1571238,0.0038289428,1.5716338,-0.09580217,-0.04395893,0.027706826,-0.008877265,0.9986096
20.178022166666665,1762983197.1743362,0.0040190453,1.5716028,-0.09673648,-0.0430899,0.026969388,-0.009073312,0.9986659
20.19839716666661,1762983197.1947112,0.0042957896,1.5714475,-0.0977676,-0.042372387,0.02579345,-0.009542913,0.9987233
20.219304541666588,1762983197.2156186,0.004607605,1.5711348,-0.09868742,-0.042172853,0.024449846,-0.009993595,0.9987611
20.236761499999943,1762983197.2330756,0.0048713684,1.5707798,-0.09930405,-0.04244252,0.023399686,-0.010233328,0.99877244
20.25420166666663,1762983197.2505157,0.005120039,1.5703794,-0.099770755,-0.042996034,0.022439487,-0.010391853,0.99876916
20.27166995833329,1762983197.267984,0.0053519607,1.5699705,-0.10011494,-0.043599363,0.021576216,-0.010678081,0.99875903
20.28910345833333,1762983197.2854176,0.0055573583,1.5695955,-0.100347325,-0.044241052,0.020882651,-0.011045492,0.99874157
20.306223208333336,1762983197.3025372,0.005730152,1.5693113,-0.10049409,-0.044660155,0.020404343,-0.011440634,0.99872833
20.324322708333284,1762983197.3206367,0.005876124,1.56912,-0.10058898,-0.04477434,0.020106545,-0.011915876,0.9987237
20.34176945833326,1762983197.3380835,0.0059768558,1.5690477,-0.10062823,-0.04448132,0.020027097,-0.012283023,0.99873394
20.359300291666614,1762983197.3556144,0.006048226,1.5690647,-0.10061527,-0.04390431,0.020153005,-0.012501187,0.9987542
20.37680945833324,1762983197.3731234,0.0061009163,1.5691239,-0.10056277,-0.043210268,0.02044203,-0.0125436,0.99877805
20.394274166666605,1762983197.3905883,0.0061423313,1.5691642,-0.100455694,-0.042605147,0.020808889,-0.012614034,0.9987956
20.423258166666642,1762983197.419572,0.0062152147,1.569206,-0.10020073,-0.04185468,0.021389224,-0.012736424,0.99881357
20.440704041666663,1762983197.4370182,0.0062680244,1.5692756,-0.10004677,-0.04121827,0.021650532,-0.012900278,0.9988323
20.467403958333307,1762983197.463718,0.0063493717,1.5693731,-0.09979419,-0.040324297,0.021896552,-0.013399415,0.99885684
20.488345499999923,1762983197.4846594,0.0064230096,1.5693692,-0.09955313,-0.040037803,0.0218485,-0.013892939,0.9988627
20.506027416666598,1762983197.5023415,0.006480992,1.5693493,-0.09934561,-0.039920483,0.021595329,-0.014386925,0.9988659
20.523456291666662,1762983197.5197704,0.0065217614,1.5693471,-0.09915745,-0.039706603,0.021185245,-0.014839477,0.9988766
20.54103783333335,1762983197.5373518,0.006533265,1.5693452,-0.09901331,-0.03946642,0.020695303,-0.015090767,0.9988926
20.557663416666628,1762983197.5539775,0.0065007806,1.5693268,-0.09893042,-0.03930759,0.020246025,-0.015103206,0.99890786
20.575080500000013,1762983197.5713944,0.006436348,1.5692908,-0.098842606,-0.03926092,0.019862115,-0.014998506,0.998919
20.592516416666626,1762983197.5888305,0.006331944,1.5692387,-0.09874558,-0.03934817,0.01965461,-0.014876416,0.9989215
20.610438291666583,1762983197.6067524,0.00617826,1.5691574,-0.09862225,-0.039581377,0.019637436,-0.014785594,0.99891394
20.62792187499997,1762983197.6242359,0.0059850216,1.569052,-0.09847139,-0.039929044,0.01980471,-0.014637558,0.99889904
20.659284708333303,1762983197.6555986,0.005558037,1.5688384,-0.098132946,-0.040479552,0.020554136,-0.014149743,0.9988687
20.676903166666648,1762983197.6732173,0.005298972,1.5687249,-0.09791182,-0.040662706,0.021134272,-0.013782819,0.9988543
20.69436783333333,1762983197.690682,0.0050361753,1.5686116,-0.09767163,-0.040744755,0.021685846,-0.013537264,0.99884254
20.71218562499996,1762983197.7084997,0.00477364,1.568496,-0.09740845,-0.04073541,0.022201536,-0.013371098,0.99883384
20.730219541666656,1762983197.7265337,0.004518509,1.5683805,-0.09712137,-0.040718094,0.022612985,-0.013146491,0.9988283
20.752995291666593,1762983197.7493093,0.0042227143,1.5682148,-0.0966981,-0.040906694,0.022972725,-0.012813699,0.99881667
20.770661625000002,1762983197.7669756,0.0040219426,1.5680789,-0.09631099,-0.041163985,0.023092465,-0.012566159,0.99880654
20.78991254166658,1762983197.7862265,0.0038200254,1.5679607,-0.09584064,-0.041387696,0.023089353,-0.012404361,0.9987993
20.808212499999968,1762983197.8045266,0.0036344528,1.5678921,-0.09535408,-0.041480206,0.02304362,-0.012317413,0.99879766
20.825569833333248,1762983197.821884,0.0034438968,1.5678546,-0.094861105,-0.041520264,0.023050271,-0.012095027,0.9987985
20.842919833333326,1762983197.8392339,0.003243612,1.5678412,-0.09432743,-0.04159853,0.023162274,-0.011719183,0.9987971
20.86031733333334,1762983197.8566313,0.0030385852,1.567868,-0.093738705,-0.041627467,0.023299087,-0.0114415875,0.998796
20.87820099999999,1762983197.874515,0.0028219223,1.5679519,-0.093079135,-0.041604765,0.023409791,-0.011365036,0.9987952
20.907786166666597,1762983197.9041002,0.0024751425,1.5682093,-0.09187098,-0.041265447,0.023595324,-0.011205783,0.9988068
20.925339124999937,1762983197.9216533,0.0022068257,1.5683923,-0.091121055,-0.04090162,0.023735117,-0.011063473,0.99881995
20.942707458333302,1762983197.9390216,0.0018653274,1.5685973,-0.09037545,-0.04046295,0.02395372,-0.010833118,0.99883515
20.96393741666668,1762983197.9602516,0.001429081,1.5688573,-0.08938891,-0.039919723,0.024286866,-0.010505527,0.99885243
20.983379333333346,1762983197.9796934,0.0010498398,1.5690658,-0.088395365,-0.039468758,0.0246268,-0.010274472,0.9988645
21.000775166666585,1762983197.9970891,0.0007286072,1.5692257,-0.08743693,-0.039054908,0.024939407,-0.010115804,0.9988746
21.025138458333345,1762983198.0214524,0.00031203032,1.5693927,-0.08597571,-0.038634554,0.025392355,-0.00974996,0.9988832
21.0544175,1762983198.0507317,-0.00022637844,1.5695168,-0.0840587,-0.038415663,0.02597405,-0.009430788,0.9988797
21.071851833333312,1762983198.0681658,-0.0005503165,1.5695767,-0.082837574,-0.038372673,0.02630676,-0.009356216,0.99887335
21.088369083333305,1762983198.0846832,-0.0008471608,1.5696405,-0.081634,-0.038283605,0.02659395,-0.009271114,0.99886996
21.105796499999997,1762983198.1021106,-0.0011521578,1.5697179,-0.0803345,-0.038052212,0.026884317,-0.009198023,0.9988717
21.13353770833328,1762983198.1298518,-0.0016329885,1.5698345,-0.07822284,-0.0376083,0.027329633,-0.008979209,0.9988784
21.159313041666678,1762983198.155627,-0.0021303892,1.569921,-0.07623133,-0.03727834,0.027811619,-0.008590953,0.99888086
21.20566433333329,1762983198.2019784,-0.0031331182,1.5700762,-0.072731346,-0.036287393,0.029019674,-0.008038357,0.99888766
21.226804625,1762983198.2231188,-0.0035919547,1.5701097,-0.07121667,-0.035648424,0.029650697,-0.0075672306,0.99889576
21.254308416666618,1762983198.2506225,-0.0042271977,1.5700167,-0.06937686,-0.03511678,0.030531367,-0.0067195175,0.99889416
21.27171245833324,1762983198.2680266,-0.0046284795,1.5698869,-0.0682852,-0.03500981,0.031079905,-0.00615166,0.9988846
21.290683875000013,1762983198.286998,-0.005052626,1.5696783,-0.067151755,-0.03506875,0.03164929,-0.0056313216,0.99886775
21.308275083333342,1762983198.304589,-0.0054354435,1.569423,-0.06615407,-0.035288554,0.03214989,-0.0052589485,0.99884605
21.332866874999922,1762983198.329181,-0.0059511196,1.568972,-0.06484338,-0.035949238,0.032797404,-0.0048038056,0.99880373
21.355347416666632,1762983198.3516614,-0.0064316755,1.5684508,-0.063759156,-0.03693055,0.033282194,-0.00456203,0.998753
21.372763833333238,1762983198.369078,-0.0068125725,1.5680006,-0.062978655,-0.037923828,0.03358096,-0.004501796,0.9987061
21.390142916666605,1762983198.386457,-0.007189691,1.5675462,-0.062258214,-0.038973268,0.03391107,-0.004276154,0.99865556
21.40759429166667,1762983198.4039083,-0.007567525,1.5671293,-0.061607003,-0.039900344,0.034356542,-0.0037682375,0.9986057
21.425865166666654,1762983198.4221792,-0.007949925,1.5667706,-0.06100599,-0.04060794,0.035000987,-0.0030328173,0.9985573
21.444793791666598,1762983198.4411077,-0.008321285,1.5665479,-0.060498685,-0.040858146,0.03575779,-0.0023694152,0.9985221
21.462134833333266,1762983198.458449,-0.008664621,1.5664916,-0.060185753,-0.040693346,0.0363634,-0.0020240906,0.99850774
21.483827124999948,1762983198.4801412,-0.009062923,1.5665618,-0.059969854,-0.040064406,0.036959913,-0.0016127445,0.99851197
21.50122666666664,1762983198.4975407,-0.009346962,1.5666777,-0.059925288,-0.039440416,0.03737999,-0.0010602945,0.998522
21.519220791666612,1762983198.5155349,-0.009614527,1.5668083,-0.059985578,-0.038858175,0.03783791,-0.00036130325,0.99852806
21.536439249999944,1762983198.5327532,-0.009846389,1.5669147,-0.06012985,-0.03845127,0.03825702,0.00025601612,0.9985278
21.55382887499991,1762983198.550143,-0.010055721,1.5669721,-0.060336858,-0.038312424,0.03866615,0.0007766236,0.9985172
21.57124541666667,1762983198.5675595,-0.010245489,1.566949,-0.060576774,-0.038587816,0.039113,0.0011070484,0.99848884
21.58857066666667,1762983198.5848846,-0.010413408,1.5668485,-0.060825765,-0.039324958,0.039595123,0.0012927904,0.99844086
21.60596345833335,1762983198.6022775,-0.01055597,1.5667202,-0.061089106,-0.04035653,0.04007753,0.0014259694,0.99838024
21.625764333333336,1762983198.6220784,-0.010684311,1.5666008,-0.06142509,-0.04141807,0.040607486,0.0014928982,0.9983153
21.644214208333324,1762983198.6405282,-0.010775626,1.566526,-0.061778605,-0.042191774,0.04100453,0.0014750491,0.99826664
21.661538749999977,1762983198.657853,-0.0108307,1.5664864,-0.062141746,-0.0426739,0.04132593,0.0015838678,0.9982328
21.705050958333345,1762983198.701365,-0.01081072,1.5663246,-0.06299443,-0.04379529,0.042138875,0.002372045,0.9981486
21.72203337499991,1762983198.7183473,-0.0107464325,1.5661845,-0.06326871,-0.044360027,0.042521704,0.0025920828,0.9981069
21.73955295833332,1762983198.735867,-0.010650873,1.566031,-0.06353086,-0.044860467,0.04293795,0.0027033323,0.9980664
21.757085416666655,1762983198.7533994,-0.010523379,1.5658851,-0.06377709,-0.045240417,0.04340213,0.0027181683,0.9980292
21.775067250000006,1762983198.7713814,-0.010352886,1.5657505,-0.06401203,-0.045573946,0.043940052,0.0027501287,0.99799037
21.792486791666647,1762983198.788801,-0.0101438165,1.5656298,-0.06421912,-0.04589317,0.044453062,0.0027806584,0.99795294
21.810693541666637,1762983198.8070076,-0.0098759895,1.5655138,-0.06441627,-0.046156354,0.044880968,0.0026972177,0.9979219
21.82819270833329,1762983198.8245068,-0.009568751,1.5654138,-0.06458792,-0.046391282,0.04514516,0.0025525072,0.9978994
21.84971533333328,1762983198.8460293,-0.009127964,1.5653213,-0.064769536,-0.046666626,0.04527452,0.002302881,0.9978813
21.86702891666664,1762983198.863343,-0.008734776,1.5652848,-0.06489416,-0.04686253,0.04524912,0.0021082815,0.9978737
21.8844205416666,1762983198.8807347,-0.008306682,1.5652914,-0.06502274,-0.046917148,0.045181543,0.0019696236,0.9978745
21.901714916666606,1762983198.8980289,-0.007857978,1.565352,-0.06517336,-0.046806138,0.045079116,0.0018000433,0.9978847
21.920054708333282,1762983198.9163687,-0.0073688626,1.5654653,-0.065375745,-0.046475798,0.045008745,0.001605061,0.99790365
21.937569999999937,1762983198.9338841,-0.0068994034,1.5655851,-0.06560684,-0.046087388,0.0450144,0.0014802672,0.9979216
21.95548329166661,1762983198.9517972,-0.006419814,1.5656955,-0.06587044,-0.045876157,0.045110445,0.0013723881,0.9979271
21.97283108333329,1762983198.969145,-0.0059467554,1.5657897,-0.06615147,-0.045852967,0.04520216,0.0012303806,0.9979242
21.99361937499998,1762983198.9899335,-0.0053564673,1.565873,-0.06651587,-0.04603298,0.045158476,0.0010066128,0.9979182
22.01605104166663,1762983199.012365,-0.004688657,1.5659059,-0.066910185,-0.046607643,0.044902574,0.0008050022,0.9979032
22.033552291666638,1762983199.0298665,-0.004173279,1.565879,-0.06718749,-0.04737136,0.044597227,0.0005715255,0.9978811
22.050947666666616,1762983199.0472617,-0.0036769276,1.5658153,-0.06742857,-0.048277117,0.044264723,0.0003097368,0.9978526
22.06829204166661,1762983199.0646062,-0.0031837358,1.5657225,-0.06762489,-0.04929825,0.043926746,3.9744893e-05,0.9978177
22.085926458333347,1762983199.0822406,-0.0026942492,1.565595,-0.067760676,-0.05045451,0.043701094,-0.00015987686,0.9977698
22.103318041666626,1762983199.099632,-0.0022244453,1.5654433,-0.06782791,-0.051628496,0.043690488,-0.00023413314,0.99771017
22.120657666666602,1762983199.1169717,-0.0017684102,1.5652969,-0.06784436,-0.052674055,0.043907143,-0.00026685392,0.99764603
22.138211083333317,1762983199.134525,-0.0013230443,1.565174,-0.06783074,-0.05350471,0.044298515,-0.00032912602,0.9975845
22.161720249999917,1762983199.1580343,-0.00074241223,1.5650138,-0.06777985,-0.05433764,0.04486258,-0.0006712511,0.99751407
22.18281716666661,1762983199.1791313,-0.00021259658,1.5647957,-0.067691185,-0.05520345,0.04523972,-0.0010542931,0.99744916
22.199486124999908,1762983199.1958,0.00022205051,1.564517,-0.06757397,-0.056227304,0.04538551,-0.0013036253,0.9973851
22.21721512499994,1762983199.213529,0.00069066224,1.564143,-0.06742523,-0.05756893,0.045359537,-0.001638783,0.9973092
22.23496404166667,1762983199.2312782,0.0011565685,1.5637722,-0.06729722,-0.058823593,0.04513418,-0.0020331827,0.9972455
22.253532500000006,1762983199.2498465,0.0016330712,1.5634338,-0.06722463,-0.05988337,0.044803023,-0.0022047937,0.99719703
22.270892291666655,1762983199.2672064,0.002068066,1.5631645,-0.06719277,-0.060715396,0.044558853,-0.00206916,0.9971579
22.289133666666658,1762983199.2854476,0.0025014877,1.5629276,-0.06720114,-0.0614197,0.044410504,-0.001886104,0.9971218
22.306537291666586,1762983199.3028514,0.0028909082,1.5627432,-0.06724412,-0.061964795,0.044345446,-0.001827422,0.99709105
22.325540291666584,1762983199.3218544,0.0032932395,1.5625652,-0.06731758,-0.06253829,0.044437185,-0.0017779565,0.99705124
22.343673874999922,1762983199.339988,0.0036646724,1.562387,-0.06738585,-0.06316293,0.044701993,-0.0017058499,0.99700016
22.360962458333347,1762983199.3572764,0.004016459,1.5621903,-0.067423016,-0.06395102,0.045067187,-0.0015636969,0.9969337
22.378367124999954,1762983199.3746812,0.004382753,1.561979,-0.06743521,-0.064913176,0.045524552,-0.0012859432,0.99685115
22.395770999999968,1762983199.392085,0.004762315,1.5618039,-0.067443855,-0.06583212,0.04605244,-0.00095152407,0.996767
22.41718291666666,1762983199.413497,0.0052490365,1.5616874,-0.06748185,-0.0665735,0.04664289,-0.0007070922,0.9966905
22.434866374999956,1762983199.4311805,0.005671107,1.5616738,-0.06756277,-0.06679336,0.046941657,-0.00072720175,0.9966617
22.45183899999995,1762983199.448153,0.0061058532,1.5617219,-0.06767396,-0.066676766,0.047044806,-0.0007590461,0.9966647
22.46953479166666,1762983199.465849,0.0065934192,1.5618429,-0.06780053,-0.066136815,0.04698058,-0.0006741218,0.99670374
22.48686554166659,1762983199.4831796,0.0070993537,1.5620152,-0.06793887,-0.06528823,0.046742603,-0.0005771668,0.9967709
22.504321708333237,1762983199.5006359,0.007636236,1.5622034,-0.06808462,-0.064319715,0.046350505,-0.00044511288,0.9968522
22.521691250000003,1762983199.5180054,0.008187317,1.5623885,-0.06823564,-0.063414656,0.045878932,-0.00028658754,0.99693215
22.539053708333313,1762983199.5353677,0.008742571,1.5625775,-0.06840518,-0.06259916,0.04539782,-0.00021285526,0.9970057
22.556522458333347,1762983199.5528364,0.009304928,1.5627899,-0.06860574,-0.061752718,0.04492849,-0.00024794132,0.9970797
22.573973374999923,1762983199.5702875,0.009875344,1.5630339,-0.068836205,-0.06095346,0.04447165,-0.00026145426,0.9971494
22.591345166666656,1762983199.5876591,0.010452711,1.5633119,-0.06909675,-0.060160477,0.044079095,-0.00022778759,0.997215
22.608995833333324,1762983199.60531,0.011035919,1.5636489,-0.069393754,-0.05929762,0.043670297,-0.0003734224,0.9972846
22.625790916666574,1762983199.622105,0.011537015,1.564012,-0.06974286,-0.058485825,0.043212373,-0.00070332136,0.9973523
22.65167054166659,1762983199.6479845,0.01228155,1.5647188,-0.070382304,-0.057049453,0.04226335,-0.0012948463,0.9974756
22.670617583333296,1762983199.6669316,0.012852073,1.565391,-0.070886046,-0.055747006,0.04152485,-0.0014117862,0.99758005
22.687154041666645,1762983199.683468,0.013363004,1.5661209,-0.07134539,-0.054428615,0.040940724,-0.0011740335,0.9976773
22.70441808333328,1762983199.7007322,0.013901591,1.5670515,-0.071844965,-0.053013477,0.04046033,-0.0007642425,0.99777347
22.722201874999996,1762983199.7185159,0.014460468,1.5682094,-0.07238019,-0.051504374,0.040095426,-0.00037853798,0.9978675
22.73906470833333,1762983199.7353787,0.01495564,1.5695279,-0.07293749,-0.04994275,0.03982244,-9.395503e-05,0.9979579
22.756611958333337,1762983199.752926,0.015459359,1.5711174,-0.07356013,-0.048057206,0.03965836,0.00015728084,0.99805695
22.773497499999962,1762983199.7698116,0.01599624,1.5727826,-0.074161194,-0.04592832,0.039708536,0.00043997596,0.9981551
22.790206499999954,1762983199.7865205,0.016572893,1.5745063,-0.074752614,-0.043637075,0.039982628,0.0007348372,0.9982468
22.80835987499995,1762983199.804674,0.017242087,1.5764419,-0.0754052,-0.041034132,0.040517803,0.0010224597,0.99833536
22.825840083333333,1762983199.822154,0.01791656,1.5783508,-0.07608563,-0.03836428,0.041199196,0.0011299662,0.99841356
22.84949312499998,1762983199.845807,0.01877775,1.5809809,-0.07715402,-0.03457505,0.04218343,0.00088986836,0.9985111
22.865930166666658,1762983199.8622441,0.019385815,1.5827899,-0.07799338,-0.032111894,0.042849857,0.00067910703,0.99856514
22.885665666666682,1762983199.8819797,0.020171762,1.5848464,-0.079069376,-0.029656777,0.043699566,0.0007052774,0.99860424
22.904194291666613,1762983199.9005084,0.020945154,1.5866208,-0.08012845,-0.027863499,0.044500344,0.0008992961,0.99862033
22.921780708333245,1762983199.9180949,0.021691643,1.5882038,-0.081201635,-0.02631903,0.04524814,0.0009414874,0.9986286
22.93932991666668,1762983199.935644,0.022449493,1.5896726,-0.08236496,-0.02469094,0.045915425,0.0008223382,0.9986398
22.956730333333326,1762983199.9530444,0.023210645,1.5910151,-0.083602384,-0.023060316,0.04648528,0.0007113658,0.9986525
22.97424849999993,1762983199.9705625,0.023968697,1.5922205,-0.08490151,-0.021645045,0.046947226,0.00062672305,0.99866265
22.992070458333274,1762983199.9883845,0.024721168,1.5932901,-0.08626657,-0.020577535,0.04719785,0.000436016,0.9986735
23.009567708333293,1762983200.0058818,0.02543001,1.5942497,-0.08766546,-0.0197504,0.04717848,8.488998e-06,0.9986912
23.027044249999904,1762983200.0233583,0.026096426,1.5951563,-0.0891277,-0.01895988,0.046892654,-0.00044873185,0.9987199
23.056769999999915,1762983200.0530841,0.027144492,1.5967844,-0.0919375,-0.0181164,0.04619343,-0.0004688574,0.9987681
23.074290625000003,1762983200.0706046,0.027701914,1.5976378,-0.09362657,-0.018126607,0.045817763,4.0505965e-05,0.9987854
23.093671416666666,1762983200.0899854,0.028259955,1.5984703,-0.09544528,-0.018366542,0.045501754,0.0007269528,0.99879515
23.11103179166662,1762983200.1073458,0.028711736,1.5991415,-0.09704597,-0.0185513,0.045330446,0.0013445527,0.9987989
23.135360874999947,1762983200.131675,0.029227734,1.6001157,-0.09945521,-0.018362142,0.045298837,0.0023737792,0.9988019
