t_mono,t_wall,x,y,z,qx,qy,qz,qw
0.37013699999988603,1765056025.629551,-4.020017,0.6459382,1.977887,-0.11542619,0.7017682,0.08739787,0.6975384
0.3883790833333478,1765056025.647793,-0.024439335,1.6202521,0.00284791,-0.15037687,0.07316546,-0.010002215,0.9858669
0.41114154166666594,1765056025.6705556,-0.025803328,1.6184025,0.003269434,-0.15626007,0.074953206,-0.010029589,0.98481685
0.42851954166667383,1765056025.6879334,-0.026773453,1.6171721,0.003493309,-0.16007106,0.0759965,-0.010292042,0.98412186
0.445797624999841,1765056025.7052116,-0.027687699,1.6160817,0.003678339,-0.16345215,0.07666444,-0.010939889,0.9835071
0.46310141666663185,1765056025.7225153,-0.02854681,1.6151245,0.003830433,-0.16636565,0.07702742,-0.011660593,0.98298186
0.48044295833324213,1765056025.739857,-0.029353052,1.6142731,0.003941553,-0.16889971,0.07718386,-0.012235145,0.9825303
0.4978068749999238,1765056025.7572207,-0.030106932,1.613417,0.004018324,-0.17120571,0.07723166,-0.012611513,0.9821226
0.52313320833332,1765056025.7825472,-0.031130133,1.6121827,0.0040562497,-0.17423628,0.07695565,-0.013032524,0.98160565
0.5475190833333272,1765056025.806933,-0.03202361,1.6111132,0.0040115966,-0.17685857,0.0761395,-0.013261213,0.9811972
0.5665712499999245,1765056025.8259852,-0.032655478,1.6103718,0.003942728,-0.17861399,0.07515671,-0.013147415,0.98095655
0.5839486666666289,1765056025.8433626,-0.033210993,1.6097763,0.003835678,-0.17989823,0.07418978,-0.012790635,0.98080015
0.6012510833331817,1765056025.860665,-0.033762455,1.609261,0.0036787987,-0.18088731,0.07328455,-0.0123290485,0.9806922
0.617784249999886,1765056025.8771982,-0.03428644,1.60885,0.003487314,-0.18158987,0.072524615,-0.011831805,0.980625
0.6352272499998435,1765056025.8946412,-0.03486362,1.6084985,0.0032530003,-0.18211927,0.07177869,-0.011547671,0.9805851
0.6526874999999563,1765056025.9121015,-0.035472155,1.608192,0.003027916,-0.18262486,0.071011424,-0.0117026,0.98054504
0.6703409583333269,1765056025.929755,-0.036102533,1.6078911,0.002837181,-0.18333262,0.070304684,-0.01184573,0.98046213
0.6890619999999217,1765056025.948476,-0.03677693,1.6075939,0.0026412182,-0.18408729,0.06971072,-0.011741306,0.98036444
0.7055735833332619,1765056025.9649875,-0.03739491,1.6073496,0.0024192506,-0.18446885,0.06933233,-0.011354601,0.9803241
0.7224206250000407,1765056025.9818347,-0.03805089,1.6070917,0.0021574497,-0.18469584,0.0690295,-0.010919083,0.9803077
0.7483185416665492,1765056026.0077324,-0.039090157,1.6066585,0.0017623901,-0.18535596,0.06870016,-0.010414653,0.98021173
0.7667799583332453,1765056026.0261939,-0.039835602,1.6062905,0.0015049153,-0.18619841,0.06854484,-0.010067837,0.98006654
0.785077499999943,1765056026.0444915,-0.040563583,1.6058743,0.0012154579,-0.18712199,0.06841192,-0.009671311,0.9799039
0.8037557083332558,1765056026.0631697,-0.041295588,1.6054388,0.00085905666,-0.18803068,0.068289176,-0.009318059,0.9797419
0.8214212083332768,1765056026.080835,-0.04198575,1.6050435,0.00048065186,-0.18890001,0.06824668,-0.00899839,0.9795806
0.848244083333384,1765056026.1076581,-0.043044478,1.6044965,-0.00018594925,-0.19014242,0.06830598,-0.008780372,0.97933805
0.8677166249999573,1765056026.1271305,-0.043813467,1.6041963,-0.00073337555,-0.19073738,0.06846284,-0.0085250335,0.97921365
0.8853151250000337,1765056026.1447291,-0.044503123,1.604035,-0.0012762374,-0.19087462,0.068797596,-0.008079355,0.9791673
0.9034564583332667,1765056026.1628704,-0.045202732,1.6039772,-0.0018267632,-0.1905457,0.06929062,-0.0075402176,0.97920084
0.9212891249999302,1765056026.1807032,-0.04588723,1.6038938,-0.0022711754,-0.19029053,0.069887124,-0.0071533085,0.979211
0.9387288333332435,1765056026.1981428,-0.04656267,1.603692,-0.0025691986,-0.19077875,0.07055335,-0.0068328106,0.9790705
0.9556252499999118,1765056026.2150393,-0.047210872,1.6034563,-0.0027811872,-0.19165611,0.07120065,-0.006435176,0.97885495
0.9733364166665979,1765056026.2327504,-0.04790488,1.6033224,-0.0030443496,-0.19211341,0.071946196,-0.0059965784,0.9787136
0.9901093333332938,1765056026.2495234,-0.048576355,1.6033311,-0.0033185482,-0.19208634,0.07282763,-0.005686014,0.9786555
1.0075451666666595,1765056026.2669592,-0.049275875,1.6033969,-0.0035808086,-0.19216663,0.07386418,-0.005288288,0.9785643
1.0247092083332063,1765056026.2841232,-0.049954653,1.6034957,-0.0038352013,-0.19230843,0.07483482,-0.004800062,0.9784652
1.0521383333332324,1765056026.3115523,-0.051029682,1.6037762,-0.0043210983,-0.19219108,0.07609071,-0.00405335,0.97839475
1.0705408333333253,1765056026.3299549,-0.05177474,1.6040057,-0.004683733,-0.19204012,0.076840684,-0.003762812,0.97836703
1.0878380833332812,1765056026.3472521,-0.052499056,1.6042275,-0.00505352,-0.19185026,0.07753444,-0.0036005138,0.9783501
1.1053092916665719,1765056026.3647232,-0.05324784,1.6044848,-0.005491478,-0.191313,0.078286834,-0.003387802,0.9783962
1.1227246250000462,1765056026.3821385,-0.054003954,1.6047723,-0.005963564,-0.19059016,0.07913798,-0.0030380778,0.9784699
1.148614541666575,1765056026.4080286,-0.05513668,1.6050813,-0.006596327,-0.19004199,0.08069784,-0.002584493,0.9784504
1.1660331666666934,1765056026.4254472,-0.05588594,1.6051538,-0.0069181747,-0.19025119,0.082004935,-0.0021507954,0.9783021
1.1839847916667168,1765056026.4433987,-0.056647778,1.6051968,-0.007226944,-0.19053024,0.08350381,-0.0016648023,0.97812194
1.2013410416666375,1765056026.460755,-0.057409763,1.6052985,-0.0075731277,-0.19025955,0.08500903,-0.0016151355,0.9780451
1.217872166666666,1765056026.477286,-0.058157593,1.605468,-0.007963878,-0.18958202,0.08645806,-0.0019279516,0.97804904
1.2351661666666587,1765056026.49458,-0.058943033,1.6056774,-0.0084216595,-0.18879019,0.08796066,-0.0023674835,0.9780673
1.261943249999831,1765056026.5213573,-0.060157448,1.6059769,-0.0092263045,-0.18749963,0.09014641,-0.00315063,0.9781143
1.2805151249999653,1765056026.5399292,-0.06100893,1.6061839,-0.009898186,-0.18644515,0.09143065,-0.0037839126,0.9781944
1.297411124999826,1765056026.5568252,-0.061763525,1.6062495,-0.01048255,-0.18576343,0.092449,-0.004385144,0.9782259
1.3149657916665092,1765056026.5743797,-0.06252289,1.6061465,-0.011008263,-0.18557632,0.09346569,-0.0048596016,0.9781626
1.3323889166665595,1765056026.5918028,-0.06327796,1.6059308,-0.011483669,-0.18588461,0.09440707,-0.0050303754,0.97801274
1.349698750000016,1765056026.6091127,-0.06403065,1.60565,-0.0119280815,-0.18651132,0.09530269,-0.005020121,0.97780657
1.3671469999999317,1765056026.626561,-0.064796686,1.6053615,-0.012384176,-0.18721105,0.09618843,-0.0047792634,0.97758734
1.384981208333329,1765056026.644395,-0.065577924,1.6051103,-0.012908016,-0.18771596,0.09712811,-0.0042635966,0.97739995
1.4032498750000286,1765056026.662664,-0.06636587,1.6049137,-0.013541204,-0.18787755,0.098067194,-0.0035686046,0.97727793
1.4199933749998763,1765056026.6794074,-0.06707144,1.6047825,-0.014166355,-0.18776807,0.09893337,-0.002900717,0.97721386
1.438266833333273,1765056026.6976807,-0.06782308,1.6046852,-0.014831287,-0.18760633,0.09991571,-0.0022345623,0.97714674
1.4556502083332816,1765056026.715064,-0.06851411,1.6046492,-0.015431166,-0.18732977,0.10088951,-0.001741998,0.97710073
1.4836344583331993,1765056026.7430484,-0.06955314,1.6047251,-0.016344547,-0.18649662,0.10254846,-0.0012358546,0.97708815
1.5011180833332674,1765056026.7605321,-0.07023421,1.6047812,-0.016882641,-0.18605435,0.10349643,-0.0010551395,0.9770727
1.518295124999895,1765056026.777709,-0.07090402,1.6048225,-0.017394304,-0.18575567,0.10430832,-0.00095562707,0.97704333
1.536895416666539,1765056026.7963095,-0.071545124,1.6048629,-0.017910957,-0.18555073,0.105029,-0.0008214307,0.9770052
1.556569166666577,1765056026.815983,-0.07214761,1.6049247,-0.018458843,-0.18519998,0.105712175,-0.00057193317,0.97699827
1.5833698750000167,1765056026.842784,-0.07289076,1.6049972,-0.019197702,-0.18483138,0.10664422,-0.00010774727,0.976967
1.6008724166665615,1765056026.8602865,-0.07327312,1.6049398,-0.019600665,-0.18520992,0.107241236,0.00032647734,0.9768298
1.6182823333333545,1765056026.8776963,-0.073577166,1.6047773,-0.019925356,-0.18597296,0.10771588,0.0007875871,0.97663236
1.6364335416665199,1765056026.8958476,-0.073866606,1.6045052,-0.020186424,-0.1872383,0.10807536,0.001181363,0.9763504
1.6563579166665932,1765056026.915772,-0.074165106,1.6041143,-0.020416021,-0.18912488,0.10834965,0.0016259912,0.97595567
1.6739913750000142,1765056026.9334054,-0.07443476,1.603839,-0.020688534,-0.19037744,0.1085686,0.0020665822,0.97568697
1.6923987499999384,1765056026.9518127,-0.07472104,1.603666,-0.02104429,-0.19067825,0.10885548,0.002353186,0.9755956
1.7100227916666881,1765056026.9694366,-0.07500091,1.6035081,-0.021348698,-0.19084339,0.10926792,0.0025479319,0.9755167
1.727448749999894,1765056026.9868627,-0.0752677,1.6032741,-0.021535618,-0.19171044,0.109776795,0.0029061304,0.9752885
1.748773041666709,1765056027.008187,-0.07558051,1.6029468,-0.021654828,-0.19320704,0.11039067,0.003156998,0.9749231
1.7668488333333698,1765056027.0262628,-0.07584968,1.6027641,-0.021768315,-0.19402641,0.11084455,0.003021608,0.9747092
1.7844578750000437,1765056027.0438719,-0.07608199,1.6026453,-0.02190876,-0.19434208,0.11120778,0.0027920508,0.9746056
1.8019746666666379,1765056027.0613887,-0.076271534,1.6025012,-0.022033453,-0.19477941,0.11148008,0.0026651588,0.9744876
1.8192724999998973,1765056027.0786865,-0.07643333,1.6023036,-0.022142394,-0.19537583,0.11170687,0.0027334203,0.97434205
1.8366327500000352,1765056027.0960467,-0.076565176,1.6020863,-0.022243245,-0.19601248,0.1117842,0.0029030726,0.9742048
1.8583566249999421,1765056027.1177707,-0.07669854,1.6017848,-0.022372007,-0.19697571,0.11157654,0.0030117368,0.97403395
1.8811938750000081,1765056027.1406078,-0.07683134,1.6015418,-0.022620916,-0.1976231,0.11119003,0.003087562,0.9739468
1.8996656666665785,1765056027.1590796,-0.076996565,1.6013832,-0.023012161,-0.19758816,0.11089892,0.0031309465,0.9739869
1.9163294583331663,1765056027.1757433,-0.077171326,1.6012394,-0.02346301,-0.19741715,0.11066032,0.003175509,0.9740486
1.933717791666595,1765056027.1931317,-0.07733679,1.601136,-0.023932934,-0.19720286,0.11042086,0.0033356878,0.9741186
1.9520721249998587,1765056027.211486,-0.0774951,1.6010376,-0.024383783,-0.19727978,0.11016172,0.003460929,0.97413194
1.970740166666701,1765056027.230154,-0.07763839,1.6009201,-0.024765491,-0.19772881,0.10996449,0.0036301145,0.9740626
1.9900183333331825,1765056027.2494323,-0.077759504,1.6008279,-0.025087833,-0.1983267,0.10982658,0.0038014685,0.9739559
2.017982874999916,1765056027.277397,-0.077913284,1.6006995,-0.025451422,-0.19943236,0.10950866,0.0036798783,0.97376645
2.0355207083332516,1765056027.2949347,-0.07798189,1.6005803,-0.025611436,-0.20045653,0.10912718,0.003581653,0.9735993
2.053311916666644,1765056027.3127258,-0.07803941,1.600487,-0.02579546,-0.20125061,0.10867016,0.0035932546,0.97348654
2.070710458333224,1765056027.3301244,-0.078097016,1.6004581,-0.026041968,-0.2015467,0.1082186,0.003696837,0.9734752
2.0881637083332407,1765056027.3475776,-0.07816625,1.6004343,-0.026329994,-0.20171636,0.107694715,0.0036995185,0.97349817
2.105538291666562,1765056027.3649523,-0.07824254,1.6003714,-0.026623249,-0.20202625,0.10701947,0.0034976653,0.97350913
2.122998208333229,1765056027.3824122,-0.07832971,1.6002609,-0.02690242,-0.20258416,0.10622413,0.0030687985,0.9734817
2.1493700416665433,1765056027.408784,-0.07847452,1.5999968,-0.027245045,-0.20377119,0.10505358,0.00246844,0.9733627
2.166789333333327,1765056027.4262033,-0.07856727,1.5998127,-0.027440786,-0.20452183,0.104316406,0.002229404,0.97328514
2.1841665416666274,1765056027.4435804,-0.07867384,1.5996783,-0.027631521,-0.20499063,0.10356123,0.0019078936,0.97326785
2.2017252499999813,1765056027.4611392,-0.07879567,1.5995798,-0.02777338,-0.20520417,0.10279134,0.0014907665,0.97330517
2.2203431249999994,1765056027.479757,-0.07893062,1.5994887,-0.02782464,-0.20531629,0.102018185,0.0010244884,0.9733635
2.2376465416666633,1765056027.4970605,-0.079058886,1.5994024,-0.027783394,-0.20544583,0.10141693,0.0007027759,0.9733993
2.2592275416666325,1765056027.5186415,-0.07921648,1.5992886,-0.027654886,-0.20561177,0.10078633,0.00047923464,0.97342986
2.2839312500000233,1765056027.5433452,-0.07940197,1.59918,-0.027486563,-0.20587674,0.10024519,0.00020411548,0.9734298
2.3014104999999745,1765056027.5608244,-0.07951611,1.5991288,-0.027330196,-0.20602608,0.099902734,-0.00019663971,0.97343343
2.3188846666666905,1765056027.5782986,-0.07961273,1.5990901,-0.027155876,-0.20621166,0.09942326,-0.00078549294,0.973443
2.3356569999998555,1765056027.5950708,-0.07970333,1.5990647,-0.027010918,-0.2064756,0.09885715,-0.0012847316,0.9734441
2.359920791666582,1765056027.6193347,-0.07983732,1.5990393,-0.02685523,-0.20685405,0.09790963,-0.0016896502,0.9734589
2.384471500000018,1765056027.6438854,-0.08000779,1.5990685,-0.026806116,-0.20689331,0.097039126,-0.0017630177,0.9735376
2.4019889999999577,1765056027.661403,-0.08014798,1.5991321,-0.026827335,-0.20658825,0.09653584,-0.0017960656,0.97365236
2.4197934166666073,1765056027.6792073,-0.08030754,1.5991743,-0.02687856,-0.20638499,0.09605529,-0.0018580583,0.9737429
2.437305666666589,1765056027.6967196,-0.08049488,1.5991578,-0.026971102,-0.20644692,0.095665805,-0.001827094,0.9737682
2.4548053333332973,1765056027.7142193,-0.08071375,1.5990764,-0.027090311,-0.20679675,0.09538206,-0.0017029524,0.973722
2.472286041666621,1765056027.7317,-0.08094835,1.5989025,-0.027199984,-0.20760806,0.09522035,-0.0014103196,0.9735656
2.4898986666667042,1765056027.7493126,-0.08121228,1.5987033,-0.027348757,-0.20841931,0.09512957,-0.0011248243,0.97340155
2.5073606250000466,1765056027.7667747,-0.081432104,1.5986161,-0.027568102,-0.2085602,0.0950922,-0.0011096332,0.973375
2.5248953749999146,1765056027.7843094,-0.08163619,1.5986176,-0.027873993,-0.20815268,0.09510307,-0.0012890146,0.973461
2.553367999999864,1765056027.812782,-0.082046986,1.5984831,-0.028373241,-0.20828596,0.09511486,-0.001681586,0.9734307
2.5726463749999766,1765056027.8320603,-0.08236933,1.5982385,-0.028648138,-0.20915815,0.09502352,-0.0020715666,0.9732518
2.5891998749998493,1765056027.8486137,-0.08267927,1.5979784,-0.028886795,-0.20993006,0.09487941,-0.0024987443,0.9730987
2.606969124999978,1765056027.866383,-0.08304095,1.5976894,-0.029186487,-0.2105695,0.09466581,-0.0029990564,0.9729799
2.6244398333333265,1765056027.8838537,-0.0834209,1.5973976,-0.02951978,-0.21113028,0.094393894,-0.0034805462,0.9728832
2.651528833333259,1765056027.9109428,-0.0840013,1.5968233,-0.030027151,-0.21261524,0.09379352,-0.003963104,0.972616
2.669522541666538,1765056027.9289365,-0.08437842,1.5963409,-0.030356681,-0.21413453,0.093149185,-0.004251367,0.9723434
2.686956374999909,1765056027.9463704,-0.084750175,1.5958729,-0.030736446,-0.21557713,0.09241683,-0.004549692,0.97209305
2.7044840833332273,1765056027.963898,-0.08507675,1.5954456,-0.031164443,-0.21673824,0.09157325,-0.004802711,0.9719135
2.7218190416665493,1765056027.981233,-0.08535218,1.5949807,-0.03157997,-0.21807691,0.09051414,-0.005090183,0.97171175
2.7552460416666236,1765056028.01466,-0.08591002,1.5939014,-0.032364402,-0.22139741,0.088006794,-0.005830061,0.97118694
2.7832672916665615,1765056028.0426812,-0.086387336,1.5929453,-0.03317884,-0.22401017,0.08530022,-0.0066595,0.9708239
2.8007702083332333,1765056028.0601842,-0.08668995,1.5922719,-0.033679962,-0.22602703,0.08329154,-0.007381905,0.9705255
2.8177778333333663,1765056028.0771918,-0.086982906,1.591604,-0.03416613,-0.22800738,0.08122728,-0.007940414,0.97023284
2.8350516666666863,1765056028.0944657,-0.087287426,1.5909368,-0.034677267,-0.23001859,0.07901524,-0.008421499,0.96993667
2.8524221249999755,1765056028.1118362,-0.08762097,1.5902486,-0.035188437,-0.23211595,0.07665698,-0.00894707,0.9696215
2.8700004999998328,1765056028.1294146,-0.087991625,1.5895396,-0.035662394,-0.2344946,0.07410188,-0.00959862,0.9692415
2.8879172083331923,1765056028.1473312,-0.088376045,1.5888067,-0.036061525,-0.2372396,0.071317345,-0.010080043,0.96877736
2.905332791666524,1765056028.1647468,-0.088775456,1.5881603,-0.036341395,-0.23975155,0.06835097,-0.010261881,0.9683708
2.922802291666585,1765056028.1822162,-0.08921367,1.5876486,-0.0366213,-0.24145445,0.065226,-0.010353041,0.96816224
2.9514453333333677,1765056028.2108593,-0.08992815,1.5869567,-0.037032604,-0.2438964,0.059766423,-0.010293997,0.9679032
2.9689072500000293,1765056028.2283213,-0.09033769,1.5865685,-0.037230764,-0.24550754,0.056067307,-0.010085389,0.9677194
2.9902444583333363,1765056028.2496583,-0.090873,1.5861821,-0.037486076,-0.24666269,0.051206697,-0.009891197,0.967697
3.0143579166665404,1765056028.2737718,-0.091546446,1.5858129,-0.037786227,-0.24749336,0.04569438,-0.00955123,0.9677644
3.0322469999998702,1765056028.291661,-0.09207916,1.5855496,-0.038051367,-0.2480199,0.04165072,-0.009173701,0.9678157
3.04954179166657,1765056028.3089557,-0.092662334,1.5853016,-0.03840995,-0.24833259,0.0377586,-0.008968845,0.9678971
3.0670332916665757,1765056028.3264472,-0.09335175,1.5850044,-0.03888772,-0.24869673,0.03388462,-0.009120222,0.9679456
3.0845650833332456,1765056028.3439791,-0.094139576,1.5845889,-0.0394454,-0.24950261,0.030146813,-0.009380017,0.9678593
3.102088541666717,1765056028.3615024,-0.09494272,1.5840253,-0.039865,-0.25116062,0.026623199,-0.009561873,0.967532
3.11952195833328,1765056028.3789358,-0.09579292,1.583277,-0.040100794,-0.25385284,0.023312787,-0.009687868,0.96691334
3.136982833333377,1765056028.3963969,-0.096761644,1.5823431,-0.040213857,-0.2575311,0.020181095,-0.009747621,0.9660101
3.1543080416665816,1765056028.413722,-0.097833395,1.5812955,-0.04022765,-0.2619435,0.017149936,-0.009732281,0.9648817
3.171570541666597,1765056028.4309845,-0.099004745,1.5802867,-0.040288687,-0.26617238,0.014104222,-0.0097131105,0.9637733
3.189072291666662,1765056028.4484863,-0.100278616,1.5793941,-0.040569544,-0.26917547,0.010920622,-0.00963453,0.96298105
3.206762458333287,1765056028.4661765,-0.1016368,1.5786433,-0.041056853,-0.27095455,0.0075628567,-0.009433845,0.9625162
3.223143916666686,1765056028.4825578,-0.10296741,1.5780241,-0.041549902,-0.2721925,0.004362065,-0.009183147,0.96218914
3.2404114999999365,1765056028.4998255,-0.10446262,1.5773734,-0.04200864,-0.27371073,0.001064251,-0.008926017,0.96177006
3.2577919999998812,1765056028.517206,-0.10607758,1.5767359,-0.042426568,-0.2753957,-0.00210784,-0.008808319,0.96128833
3.2822579166665946,1765056028.541672,-0.10854125,1.5759788,-0.04310608,-0.2772506,-0.006437777,-0.009080956,0.9607332
3.299746458333175,1765056028.5591605,-0.11042124,1.5755117,-0.043683734,-0.2779721,-0.0096293185,-0.009523252,0.9604936
3.3168651250000494,1765056028.5762792,-0.1123271,1.5750699,-0.04427886,-0.27838185,-0.012856268,-0.009894226,0.96033347
3.334393791666571,1765056028.5938077,-0.11435771,1.5746119,-0.044858456,-0.27884305,-0.016208246,-0.01019123,0.96014583
3.351803041666699,1765056028.611217,-0.11647892,1.5741107,-0.04535818,-0.27969787,-0.019495605,-0.0105291,0.9598324
3.369672249999894,1765056028.6290863,-0.118759304,1.5735484,-0.04580806,-0.28103766,-0.022813132,-0.010848858,0.95936424
3.3870767500000056,1765056028.6464908,-0.121058464,1.5729108,-0.0462327,-0.2826006,-0.02594563,-0.01088342,0.95882493
3.4045733333332464,1765056028.6639874,-0.12342611,1.572215,-0.046672564,-0.28443006,-0.028800242,-0.010551701,0.958206
3.422135416666606,1765056028.6815493,-0.12585479,1.5715252,-0.047139134,-0.28655648,-0.031449843,-0.010280642,0.9574918
3.4413677499999267,1765056028.7007818,-0.12856403,1.5708127,-0.047740918,-0.28892753,-0.034265675,-0.01034602,0.9566816
3.4627496666666957,1765056028.7221637,-0.13159633,1.5701236,-0.04861617,-0.290996,-0.03724492,-0.0104943095,0.95594144
3.4849645833332943,1765056028.7443786,-0.13473263,1.5694573,-0.049713116,-0.29263112,-0.03999249,-0.010267847,0.95533353
3.5024281250000513,1765056028.761842,-0.13714734,1.5688568,-0.050570946,-0.294598,-0.041713826,-0.009829024,0.9546598
3.5201799166666206,1765056028.779594,-0.13952914,1.5681747,-0.05141757,-0.2970959,-0.043058436,-0.009156951,0.9538323
3.5375812916665836,1765056028.7969952,-0.14178628,1.5675054,-0.05227736,-0.29946694,-0.044196274,-0.0084528765,0.953045
3.5550078333333204,1765056028.814422,-0.14395157,1.5668691,-0.05318306,-0.30183524,-0.045341037,-0.007813019,0.9522492
3.572565791666648,1765056028.8319798,-0.14602286,1.5663128,-0.05417153,-0.3039263,-0.04656698,-0.007231899,0.9515293
3.59020370833332,1765056028.8496177,-0.1479733,1.565807,-0.055244923,-0.30554116,-0.047826637,-0.0065735616,0.95095426
3.6209509999998772,1765056028.880365,-0.15102094,1.5650328,-0.057129417,-0.30806693,-0.04977321,-0.004675033,0.9500503
3.649724874999947,1765056028.909139,-0.15349168,1.5644821,-0.05879954,-0.3105805,-0.0515856,-0.0028765246,0.949142
3.667414458333269,1765056028.9268284,-0.15484065,1.5641577,-0.059741292,-0.31240794,-0.052614853,-0.0018571744,0.948488
3.687597333333315,1765056028.9470112,-0.15621439,1.56378,-0.060796242,-0.31457353,-0.05360422,-0.0007015653,0.9477181
3.7050483333332522,1765056028.9644623,-0.15725231,1.5635211,-0.061840773,-0.315993,-0.054213572,0.0003071784,0.94721127
3.72256799999991,1765056028.981982,-0.15809864,1.5633848,-0.06315569,-0.3164497,-0.054643836,0.00146992,0.947033
3.75144520833328,1765056029.0108593,-0.15901247,1.5632119,-0.06569336,-0.3165732,-0.055314872,0.0035243814,0.94694734
3.7689165833332936,1765056029.0283306,-0.15928817,1.5629895,-0.06729388,-0.31739035,-0.055679798,0.0046260366,0.94664764
3.788668458333177,1765056029.0480824,-0.15937275,1.5626189,-0.06921104,-0.3187242,-0.056025833,0.00550672,0.9461742
3.8142702916666167,1765056029.0736842,-0.15914217,1.5619977,-0.07194756,-0.32067937,-0.05619498,0.0061140074,0.9454996
3.8323158333332685,1765056029.0917299,-0.15871954,1.561585,-0.07404423,-0.32226905,-0.056183264,0.006349193,0.9449581
3.8496929999998883,1765056029.109107,-0.158108,1.5612304,-0.076189995,-0.3237883,-0.056040347,0.006621285,0.9444452
3.867237666666597,1765056029.1266515,-0.15731406,1.5609044,-0.078475714,-0.3251801,-0.055738002,0.006851021,0.9439832
3.8846731666665164,1765056029.144087,-0.1563654,1.5605898,-0.08081174,-0.32658622,-0.05528947,0.0069349715,0.94352335
3.9021373333332576,1765056029.1615512,-0.15526968,1.560244,-0.08319517,-0.32820225,-0.054669205,0.007033497,0.9429979
3.9196057083331652,1765056029.1790197,-0.15400743,1.5598803,-0.08561683,-0.32991576,-0.05377949,0.007402978,0.9424482
3.9371182083332315,1765056029.1965322,-0.15257311,1.5595076,-0.08807087,-0.3314343,-0.052464876,0.007949773,0.9419849
3.9553421250000156,1765056029.214756,-0.15091196,1.5590837,-0.09061049,-0.33297804,-0.050483927,0.008692971,0.941542
3.988056333333361,1765056029.2474704,-0.14746308,1.5582715,-0.094941854,-0.33614323,-0.045597542,0.010561617,0.9406471
4.007756208333376,1765056029.2671702,-0.14518204,1.5577576,-0.09739779,-0.3379903,-0.04212241,0.011542305,0.94013566
4.025251458333287,1765056029.2846653,-0.14298391,1.5573702,-0.09958196,-0.33944872,-0.038723223,0.012485641,0.93974423
4.06058024999993,1765056029.3199942,-0.13782668,1.5569241,-0.10420656,-0.34096748,-0.030849084,0.015033401,0.93944854
4.079134291666605,1765056029.3385482,-0.13476515,1.5568466,-0.10670543,-0.34139603,-0.02622137,0.016498998,0.9394088
4.0954835,1765056029.3548975,-0.13188905,1.5568521,-0.108923234,-0.3416737,-0.021944039,0.017640602,0.93939686
4.113058041666591,1765056029.372472,-0.12862068,1.5569276,-0.111304246,-0.34191298,-0.017303402,0.018629985,0.93938756
4.130413583333166,1765056029.3898275,-0.12520161,1.5570446,-0.11366986,-0.34204084,-0.0129450485,0.019396208,0.9393957
4.147746874999939,1765056029.4071608,-0.12157869,1.5571842,-0.116123915,-0.34197405,-0.008837206,0.020054901,0.93945384
4.165429291666669,1765056029.4248433,-0.11771631,1.5573263,-0.118741035,-0.34168488,-0.0046174047,0.020676982,0.93957573
4.182779499999924,1765056029.4421935,-0.113792896,1.5574172,-0.12139511,-0.34128407,-0.00037956354,0.021244558,0.93972003
4.200366666666696,1765056029.4597807,-0.109739065,1.5573514,-0.124083996,-0.3410034,0.003956505,0.02168916,0.9398035
4.217773374999979,1765056029.4771874,-0.10565701,1.5570962,-0.12673567,-0.34122914,0.008228306,0.021987898,0.9396869
4.235308874999873,1765056029.4947228,-0.10144949,1.5566654,-0.12944722,-0.3419231,0.012486206,0.022378128,0.9393785
4.253425833333267,1765056029.5128398,-0.09700513,1.5560377,-0.13236022,-0.3430679,0.016876733,0.02312621,0.9388742
4.270304458333385,1765056029.5297184,-0.09280434,1.5552995,-0.13520788,-0.34433314,0.021029556,0.024020163,0.9383046
4.287765416666616,1765056029.5471795,-0.08843827,1.5544131,-0.138237,-0.34589446,0.025530063,0.025092008,0.93759036
4.305202166666504,1765056029.5646162,-0.084136486,1.5533729,-0.14132643,-0.34775838,0.030287128,0.026217772,0.93672806
4.322113333333164,1765056029.5815272,-0.080028,1.5522428,-0.14444259,-0.34964666,0.03490318,0.026999673,0.93584186
4.347621874999959,1765056029.6070359,-0.07383299,1.5504698,-0.14956951,-0.35193267,0.04139179,0.027816186,0.9346959
4.365828875000034,1765056029.625243,-0.06941247,1.5491261,-0.15349817,-0.35343406,0.0456407,0.028473597,0.93391144
4.385600416666648,1765056029.6450143,-0.06470719,1.547502,-0.15784,-0.35550907,0.050174803,0.029134817,0.93287027
4.403132916666664,1765056029.6625469,-0.06067553,1.5459081,-0.16173528,-0.35755196,0.05439507,0.029627008,0.9318369
4.420245708333368,1765056029.6796596,-0.05687681,1.5442077,-0.16559456,-0.3595734,0.058673616,0.029801266,0.93079334
4.437605583333379,1765056029.6970196,-0.053150803,1.5423155,-0.16951226,-0.361733,0.063012,0.029683843,0.92967606
4.455800624999938,1765056029.7152145,-0.0493927,1.5401604,-0.173563,-0.36434463,0.06751548,0.029336505,0.92835015
4.474426666666659,1765056029.7338407,-0.045714438,1.5378202,-0.17765257,-0.36728832,0.07216478,0.029006207,0.9268496
4.491878374999942,1765056029.7512922,-0.042423487,1.5355593,-0.18153763,-0.36945194,0.076430134,0.028727705,0.92565566
4.5173790416665724,1765056029.776793,-0.037920892,1.5321208,-0.18727401,-0.37121403,0.0820201,0.028227566,0.92448694
4.5347724583332365,1765056029.7941864,-0.035034895,1.5296628,-0.19117713,-0.37173888,0.08530255,0.027643235,0.9239965
4.552185125000051,1765056029.811599,-0.032304674,1.527102,-0.19496201,-0.37257853,0.08826987,0.026783746,0.9234047
4.569824833333314,1765056029.829239,-0.029735953,1.5244024,-0.19856714,-0.37416524,0.09104281,0.025614193,0.9225267
4.595460000000003,1765056029.854874,-0.026470572,1.5204167,-0.20346569,-0.37744284,0.09486466,0.023563862,0.9208596
4.614413291666551,1765056029.8738272,-0.024348736,1.5176251,-0.20694113,-0.3797753,0.09761385,0.022297822,0.919644
4.632487749999882,1765056029.8919017,-0.022554636,1.5151296,-0.21017718,-0.3816172,0.10025789,0.021190457,0.9186227
4.65008408333324,1765056029.909498,-0.021030664,1.5128335,-0.21323681,-0.38311997,0.10295501,0.02014642,0.9177219
4.667791124999894,1765056029.927205,-0.019702196,1.5106577,-0.21619749,-0.3844548,0.10569447,0.01908874,0.91687447
4.685316291666595,1765056029.9447303,-0.01854539,1.5086534,-0.21899986,-0.3857033,0.10814136,0.018010212,0.9160863
4.703049041666645,1765056029.962463,-0.017508507,1.5067376,-0.22168255,-0.38680223,0.11027382,0.01704233,0.915387
4.721437708333269,1765056029.9808517,-0.016575724,1.5048271,-0.22431754,-0.38758418,0.11227039,0.016208295,0.9148285
4.74822058333325,1765056030.0076346,-0.0154277375,1.5021646,-0.227962,-0.38817593,0.114983805,0.015065828,0.9142599
4.765971583333339,1765056030.0253856,-0.0147743225,1.5004755,-0.23023868,-0.38845187,0.11661698,0.014320568,0.9139478
4.788188499999933,1765056030.0476024,-0.013950051,1.4985199,-0.23283175,-0.38899392,0.11826537,0.013340651,0.91352016
4.819481708333342,1765056030.0788956,-0.012984424,1.496116,-0.23619746,-0.38965923,0.120267734,0.01148393,0.9130003
4.837182541666607,1765056030.0965965,-0.012595474,1.4949733,-0.23803708,-0.389606,0.121344045,0.0100003835,0.912898
4.854601041666683,1765056030.114015,-0.012281953,1.4940089,-0.23974416,-0.38950992,0.12219712,0.008460578,0.9128408
4.871949708333204,1765056030.1313636,-0.012032032,1.4932129,-0.24128056,-0.38963023,0.122911304,0.0071819215,0.9127045
4.888457166666512,1765056030.147871,-0.011870623,1.4926187,-0.24253297,-0.38998067,0.123595916,0.0061061643,0.9124702
4.915896249999832,1765056030.1753101,-0.011709361,1.4920278,-0.24404763,-0.3906634,0.12503892,0.0040989798,0.91199267
4.9334259166666925,1765056030.1928399,-0.011754751,1.4919765,-0.24477696,-0.39066103,0.12611304,0.0027778158,0.91185075
4.952664666666578,1765056030.2120786,-0.011869669,1.4921901,-0.24531722,-0.39020237,0.12735644,0.0012907188,0.91187763
4.970026374999861,1765056030.2294405,-0.01211232,1.4926002,-0.24559143,-0.38947067,0.12858647,-4.9034352e-05,0.9120187
4.987550374999955,1765056030.2469642,-0.012487083,1.4932475,-0.24560021,-0.38860807,0.13000546,-0.0012278901,0.91218466
5.004943208333316,1765056030.264357,-0.012958436,1.4941024,-0.24530838,-0.38775617,0.13160677,-0.0021261552,0.9123159
5.022365791666516,1765056030.2817798,-0.01350522,1.4951639,-0.24475789,-0.3868235,0.13315932,-0.002926965,0.91248435
5.050349166666592,1765056030.3097632,-0.014509619,1.4973646,-0.2433801,-0.38495648,0.1353067,-0.003855986,0.91295445
5.0677068333332045,1765056030.3271208,-0.015206337,1.4990246,-0.24221158,-0.38347217,0.1363373,-0.0042701387,0.9134238
5.084342791666586,1765056030.3437567,-0.015892744,1.5007987,-0.24087286,-0.38193476,0.13679308,-0.004520236,0.9139984
5.101883458333305,1765056030.3612974,-0.016605139,1.502857,-0.23928738,-0.38022327,0.13679112,-0.0044446443,0.91471237
5.118449999999939,1765056030.377864,-0.017315626,1.5049812,-0.23758078,-0.37861174,0.13675515,-0.00407678,0.91538763
5.135958291666611,1765056030.3953722,-0.01817459,1.5074288,-0.2354615,-0.3768505,0.13691571,-0.0036586102,0.9160919
5.15565383333319,1765056030.4150677,-0.019274654,1.5104911,-0.2326763,-0.3745254,0.13735205,-0.0034095675,0.9169806
5.181863708333367,1765056030.4412777,-0.020935208,1.51511,-0.22843383,-0.37014174,0.1381887,-0.0037167652,0.9186322
5.19927883333321,1765056030.4586928,-0.02213955,1.5183455,-0.22527695,-0.3668974,0.13874653,-0.0044852197,0.9198454
5.216717916666539,1765056030.476132,-0.023408117,1.5215834,-0.22178653,-0.36380863,0.13935328,-0.0055308607,0.92097414
5.234256250000044,1765056030.4936702,-0.024765968,1.5248609,-0.2179761,-0.3607488,0.14002639,-0.0067559993,0.92206687
5.2516617083333585,1765056030.5110757,-0.026197195,1.5281495,-0.21399689,-0.35752445,0.14070119,-0.008150063,0.923208
5.269125708333377,1765056030.5285397,-0.027677001,1.5314778,-0.2098296,-0.3542257,0.14124984,-0.009684251,0.9243803
5.286539791666655,1765056030.5459538,-0.02916336,1.5348227,-0.20552135,-0.35097808,0.14136146,-0.011281242,0.9255831
5.3039487916666985,1765056030.5633628,-0.030620486,1.53817,-0.20122622,-0.34732422,0.1408136,-0.013050053,0.92702055
5.321350041666619,1765056030.580764,-0.032070875,1.541481,-0.19702196,-0.34301737,0.13962108,-0.0149510605,0.9287742
5.3387253333332865,1765056030.5981393,-0.033567905,1.5446987,-0.19284701,-0.33828282,0.1380422,-0.016734924,0.93071425
5.3561967083333,1765056030.6156106,-0.035128832,1.5477773,-0.18862152,-0.33358556,0.13631858,-0.018304588,0.9326322
5.385144958333285,1765056030.644559,-0.03779745,1.5524209,-0.18149471,-0.32670772,0.13339874,-0.020030905,0.9354494
5.402295749999894,1765056030.6617098,-0.039361656,1.5548859,-0.17723301,-0.32323027,0.13167633,-0.020232132,0.9368961
5.4289223749999564,1765056030.6883364,-0.041755915,1.5584023,-0.170686,-0.31798518,0.12881133,-0.020024594,0.9390911
5.446502583333313,1765056030.7059166,-0.043321133,1.5605569,-0.16644168,-0.31459945,0.1267486,-0.019913783,0.9405134
5.4640538749999905,1765056030.7234678,-0.044861317,1.5625434,-0.16225028,-0.31165946,0.12465211,-0.01984798,0.94177294
5.481867749999992,1765056030.7412817,-0.046391487,1.5643797,-0.15805364,-0.3092129,0.12257093,-0.019798288,0.94285303
5.499238749999904,1765056030.7586527,-0.047900915,1.5659659,-0.15413046,-0.30712005,0.12055563,-0.019848444,0.9437954
5.516711374999886,1765056030.7761254,-0.04942298,1.5673676,-0.1504035,-0.30512744,0.11843491,-0.02001138,0.9447063
5.534213833333297,1765056030.7936277,-0.050908,1.5685818,-0.14685367,-0.3034711,0.11615991,-0.020216912,0.94551754
5.551312916666575,1765056030.810727,-0.05231443,1.5695537,-0.14356779,-0.3023183,0.1138132,-0.0202386,0.9461715
5.568745541666658,1765056030.8281596,-0.053723037,1.5703968,-0.14047411,-0.30128464,0.111202255,-0.020128716,0.9468139
5.586285041666542,1765056030.845699,-0.055155993,1.5711212,-0.13775182,-0.30008924,0.10824199,-0.020295989,0.9475327
5.603459791666637,1765056030.8628738,-0.056585938,1.5717366,-0.1354525,-0.2986949,0.10511872,-0.020662444,0.94831663
5.622025083333256,1765056030.881439,-0.058145285,1.5723119,-0.13324165,-0.2970624,0.10162066,-0.021028599,0.9492023
5.652125958333272,1765056030.91154,-0.060681105,1.5730319,-0.13006616,-0.29455763,0.09623771,-0.021312239,0.95053667
5.670016208333209,1765056030.9294302,-0.062199503,1.5733582,-0.1283233,-0.29345596,0.09338146,-0.021383984,0.9511605
5.6876742916665535,1765056030.9470882,-0.063711315,1.5736301,-0.1266856,-0.29261088,0.09072501,-0.021636942,0.9516721
5.728999958333361,1765056030.9884138,-0.06731939,1.5740392,-0.12317872,-0.29087135,0.0848041,-0.023343535,0.95271045
5.747350916666619,1765056031.006765,-0.06890416,1.5741538,-0.12165451,-0.29016683,0.08245491,-0.024219224,0.95310956
5.766285041666606,1765056031.025699,-0.07049823,1.5742722,-0.120116234,-0.2892511,0.08016813,-0.02488029,0.9535659
5.783822041666554,1765056031.043236,-0.07188463,1.5743771,-0.118768215,-0.2881224,0.07814283,-0.025304407,0.9540644
5.801307041666632,1765056031.060721,-0.073217064,1.5744957,-0.11747812,-0.28676954,0.07624742,-0.025613938,0.95461696
5.818712624999989,1765056031.0781267,-0.074567795,1.5746472,-0.116194725,-0.28529713,0.0746299,-0.025747221,0.9551822
5.836190750000014,1765056031.0956047,-0.07596159,1.5748456,-0.11488652,-0.28365552,0.07338018,-0.025717558,0.9557685
5.853415499999983,1765056031.1128294,-0.07738328,1.5751051,-0.113592625,-0.2818111,0.07256577,-0.025558932,0.9563804
5.871208291666562,1765056031.1306221,-0.07889485,1.5754645,-0.11227393,-0.27965447,0.072102785,-0.02526812,0.957056
5.88880191666658,1765056031.1482158,-0.08042407,1.575942,-0.11103034,-0.27723747,0.07202325,-0.024775442,0.95777774
5.9062783333333755,1765056031.1656923,-0.08192921,1.5765612,-0.10980749,-0.27455968,0.07238481,-0.024036864,0.9585404
5.9239427916666045,1765056031.1833568,-0.08346248,1.5773544,-0.10856891,-0.27190197,0.07324719,-0.023142766,0.9592542
5.9510282916667165,1765056031.2104423,-0.085945606,1.5789336,-0.10678601,-0.26793063,0.07546477,-0.021727646,0.9602324
5.968466291666573,1765056031.2278802,-0.087598085,1.5802034,-0.10579014,-0.26490456,0.07749793,-0.020642024,0.96093374
5.994688708333342,1765056031.2541027,-0.09018111,1.5823246,-0.10458994,-0.25930297,0.08149876,-0.018925663,0.9621651
6.013476333333301,1765056031.2728903,-0.092057705,1.5838614,-0.103805065,-0.25519657,0.084903225,-0.017912418,0.96298766
6.030801333333329,1765056031.2902153,-0.09377256,1.5852128,-0.103074536,-0.25167128,0.088147044,-0.01730447,0.9636349
6.048309625000002,1765056031.3077235,-0.09546104,1.5864946,-0.102361664,-0.2482799,0.09134924,-0.01694033,0.9642227
6.06573345833317,1765056031.3251474,-0.09708667,1.5876694,-0.10172057,-0.24483837,0.09438098,-0.016767994,0.9648136
6.083221083333228,1765056031.3426352,-0.09866375,1.5886974,-0.10113887,-0.2415902,0.097317085,-0.016687874,0.9653419
6.100977374999957,1765056031.3603914,-0.10021582,1.5895045,-0.10059212,-0.23873775,0.10019867,-0.016676975,0.96575695
6.118463374999919,1765056031.3778772,-0.10169053,1.5901082,-0.100110054,-0.23640136,0.10279009,-0.01676204,0.9660578
6.135998208333376,1765056031.3954122,-0.1031034,1.5906183,-0.099727154,-0.23412503,0.105034836,-0.016958496,0.96636724
6.1544369583332355,1765056031.413851,-0.10451317,1.5910649,-0.09944701,-0.23169975,0.10700427,-0.017241871,0.9667306
6.183300874999986,1765056031.442715,-0.10653013,1.5914499,-0.09914664,-0.22854021,0.10933982,-0.01731872,0.9672199
6.200777000000016,1765056031.460191,-0.107610226,1.5914627,-0.09895849,-0.2273881,0.11040626,-0.01711594,0.96737385
6.2210664583333255,1765056031.4804804,-0.108760744,1.5913278,-0.09867762,-0.2267852,0.11135614,-0.017026877,0.96740806
6.2375324166666815,1765056031.4969463,-0.10964289,1.5911546,-0.09841512,-0.22649209,0.11207756,-0.017166354,0.96739095
6.254647333333196,1765056031.5140612,-0.110501945,1.5909253,-0.098110236,-0.22640875,0.11280475,-0.017297568,0.9673236
6.280256583333312,1765056031.5396705,-0.11162901,1.5905967,-0.09769535,-0.22578093,0.11367903,-0.017243253,0.96736896
6.297939958333245,1765056031.557354,-0.11228061,1.5905068,-0.097459555,-0.22454521,0.11400444,-0.017047767,0.96762174
6.3161837499999365,1765056031.5755978,-0.112838745,1.590571,-0.09722328,-0.22265242,0.11406209,-0.01692951,0.9680543
6.333558291666577,1765056031.5929723,-0.11327249,1.5908432,-0.09692641,-0.22031091,0.11392582,-0.016857877,0.9686072
6.351226458333258,1765056031.6106405,-0.11362782,1.5913868,-0.09653257,-0.21733516,0.11358278,-0.016793383,0.96932054
6.368656083333235,1765056031.62807,-0.11389923,1.5922241,-0.096051216,-0.21376055,0.11302767,-0.016738394,0.9701809
6.38646920833321,1765056031.645883,-0.11408734,1.5933812,-0.09547615,-0.20961812,0.112278715,-0.016573023,0.97117406
6.40400458333329,1765056031.6634185,-0.11419797,1.5947921,-0.094839334,-0.20511688,0.11137967,-0.016227758,0.97224396
6.421229874999881,1765056031.6806438,-0.11425805,1.5963885,-0.09418249,-0.2004001,0.110414445,-0.01571159,0.9733456
6.457716166666614,1765056031.7171302,-0.114320755,1.5999031,-0.09277868,-0.19101118,0.108439505,-0.014168055,0.97547674
6.48179766666658,1765056031.7412117,-0.114340454,1.6018087,-0.09177755,-0.18732275,0.10725837,-0.013022081,0.9763382
6.499395333333268,1765056031.7588093,-0.11435175,1.6029296,-0.09115267,-0.18544438,0.10635313,-0.012135551,0.9768071
6.517063499999949,1765056031.7764776,-0.11437374,1.6038392,-0.090690576,-0.18370305,0.10538995,-0.011340392,0.97725
6.534417500000018,1765056031.7938313,-0.11440021,1.6045107,-0.0903165,-0.1825561,0.104456335,-0.010561198,0.9775738
6.554619208333179,1765056031.8140333,-0.11443415,1.6050338,-0.08994411,-0.18189621,0.103506245,-0.009634633,0.97780746
6.572362208333288,1765056031.8317761,-0.114476204,1.605377,-0.08972359,-0.1813572,0.10283945,-0.008893228,0.97798496
6.589701708333223,1765056031.8491156,-0.11457372,1.6055648,-0.08963227,-0.18084195,0.10237449,-0.008299347,0.97813433
6.615900750000037,1765056031.8753147,-0.114771515,1.6054888,-0.089529976,-0.18117535,0.10216127,-0.007409235,0.9781021
6.633506874999966,1765056031.8929207,-0.11491346,1.6052465,-0.089421034,-0.18210347,0.10230848,-0.006979007,0.97791743
6.655654458333174,1765056031.9150684,-0.11512494,1.604857,-0.08925581,-0.18351103,0.10272723,-0.006862115,0.97761124
6.683820791666676,1765056031.9432347,-0.11544043,1.6042762,-0.08895751,-0.18553051,0.104127966,-0.0067531606,0.9770825
6.701345333333165,1765056031.9607594,-0.11571026,1.6038601,-0.08878231,-0.1866321,0.1056387,-0.0065987073,0.9767115
6.71961866666652,1765056031.9790325,-0.11604124,1.6034777,-0.08865496,-0.18722473,0.10758292,-0.006588925,0.97638583
6.737175875000048,1765056031.99659,-0.11633602,1.6032077,-0.08854173,-0.18719913,0.10967666,-0.006647331,0.9761574
6.75513675000002,1765056032.0145507,-0.11658931,1.6029717,-0.08840704,-0.18702812,0.11193686,-0.006770579,0.9759328
6.787293249999948,1765056032.0467072,-0.116918266,1.6026989,-0.08812765,-0.18691434,0.11597101,-0.0076170526,0.9754772
6.803837624999915,1765056032.0632515,-0.11700225,1.6026618,-0.08804059,-0.18683222,0.11798237,-0.008298238,0.97524613
6.821977416666641,1765056032.0813913,-0.11700645,1.602698,-0.08800672,-0.186756,0.12009703,-0.009083511,0.97499555
6.852584708333325,1765056032.1119986,-0.116864145,1.6030053,-0.08803276,-0.18687719,0.123393886,-0.01085733,0.97454244
6.87008462499989,1765056032.1294985,-0.11671543,1.6032774,-0.08811331,-0.18705474,0.12508823,-0.0122190425,0.97427624
6.887598249999883,1765056032.1470122,-0.11652866,1.6035768,-0.08823632,-0.18731476,0.12658004,-0.013827333,0.9740121
6.90503724999985,1765056032.1644511,-0.11636153,1.6038318,-0.08843897,-0.18775202,0.12788156,-0.015661841,0.97373
6.922461083333246,1765056032.181875,-0.11621523,1.603996,-0.08867979,-0.18841305,0.12901935,-0.017766919,0.9734161
6.940023083333244,1765056032.1994371,-0.1160357,1.6040757,-0.0888896,-0.18923645,0.13009231,-0.019847503,0.9730733
6.957611041666496,1765056032.217025,-0.115823746,1.6040764,-0.08909798,-0.19001757,0.1311464,-0.021661414,0.9727409
6.983970249999857,1765056032.2433841,-0.115474164,1.6039789,-0.089430846,-0.19105017,0.132654,-0.023795797,0.9722842
7.0014067083332066,1765056032.2608206,-0.1152153,1.6037893,-0.08961415,-0.19187653,0.13349016,-0.025040997,0.9719757
7.021390291666648,1765056032.2808042,-0.11489335,1.6034586,-0.08973907,-0.19307484,0.13424446,-0.026345797,0.97159994
7.049331208333342,1765056032.3087451,-0.11444512,1.6028959,-0.08975099,-0.19513245,0.13513382,-0.027920231,0.9710215
7.067129708333368,1765056032.3265436,-0.11417198,1.6025269,-0.089704275,-0.1963684,0.13571122,-0.028737225,0.97066784
7.086215583333342,1765056032.3456295,-0.11388421,1.6021482,-0.08964324,-0.19744554,0.13644405,-0.029340869,0.9703285
7.103652000000011,1765056032.363066,-0.11363521,1.6018142,-0.089546904,-0.19819507,0.13730544,-0.029771775,0.970041
7.1209451666666155,1765056032.3803592,-0.11340761,1.6014802,-0.08940506,-0.19879131,0.13826104,-0.030301124,0.96976686
7.147788541666614,1765056032.4072025,-0.11306143,1.6009736,-0.08915734,-0.1996028,0.1397199,-0.031296942,0.9693594
7.166709166666578,1765056032.4261231,-0.11280483,1.6006274,-0.08898834,-0.1999964,0.14070429,-0.031824633,0.96911865
7.1886197500000435,1765056032.4480338,-0.112499,1.6002349,-0.08881903,-0.20035872,0.1419112,-0.032236367,0.9688542
7.214427666666552,1765056032.4738417,-0.11212653,1.5996907,-0.088636674,-0.2010519,0.14334625,-0.03270021,0.96848375
7.232271124999897,1765056032.4916852,-0.111851215,1.5992793,-0.088483095,-0.20201865,0.14419995,-0.033104002,0.96814203
7.251510666666718,1765056032.5109246,-0.11153597,1.5988504,-0.08830003,-0.20352288,0.14498618,-0.03351894,0.9676952
7.268949833333181,1765056032.5283637,-0.11124492,1.5985303,-0.08816123,-0.20488663,0.14566305,-0.033719566,0.9672987
7.286604583333201,1765056032.5460186,-0.110966206,1.5983136,-0.08807874,-0.20604472,0.14643055,-0.033735014,0.9669362
7.302943624999898,1765056032.5623577,-0.11074048,1.5982234,-0.08811017,-0.20691058,0.14727816,-0.033728853,0.9666227
7.321043708333264,1765056032.5804577,-0.110523134,1.5982035,-0.08823846,-0.20771149,0.14832972,-0.033842035,0.9662862
7.3524574999999,1765056032.6118715,-0.11020303,1.5982231,-0.088449955,-0.2094271,0.15009233,-0.034379713,0.96562445
7.37011587500001,1765056032.6295297,-0.11004853,1.5982342,-0.088558674,-0.21050872,0.1508933,-0.034860548,0.9652471
7.387764291666599,1765056032.6471782,-0.10991907,1.5982289,-0.08870649,-0.21139993,0.15150976,-0.03534831,0.96493804
7.421482666666634,1765056032.6808965,-0.10972524,1.5981796,-0.08910012,-0.21246995,0.1522888,-0.03574739,0.9645656
7.448164791666613,1765056032.7075787,-0.10960141,1.5980304,-0.08942078,-0.21329157,0.15278217,-0.035574228,0.96431255
7.466339958333265,1765056032.725754,-0.10952544,1.5978558,-0.08959651,-0.2141463,0.1529786,-0.035493143,0.964095
7.483161749999908,1765056032.7425756,-0.109452486,1.5976486,-0.08972001,-0.2150557,0.15305851,-0.035435338,0.96388197
7.501023708333378,1765056032.7604377,-0.109351784,1.5973542,-0.08980416,-0.2160122,0.15311086,-0.035255216,0.9636664
7.518388166666682,1765056032.7778022,-0.10924053,1.5970212,-0.0898428,-0.21687323,0.15321684,-0.035026398,0.9634645
7.536277458333188,1765056032.7956915,-0.109119415,1.5966821,-0.0898428,-0.21776767,0.15344563,-0.03481658,0.9632339
7.554358083333227,1765056032.813772,-0.10898399,1.5963535,-0.08979988,-0.21864873,0.15375443,-0.034748387,0.9629875
7.571705999999949,1765056032.83112,-0.108831316,1.5960789,-0.08973335,-0.21939851,0.15400288,-0.034806255,0.9627751
7.588537708333206,1765056032.8479517,-0.10866037,1.5958445,-0.0896654,-0.21996526,0.15418534,-0.03492185,0.9626124
7.619442291666701,1765056032.8788562,-0.10822874,1.5955124,-0.089595996,-0.2206076,0.15416218,-0.03515922,0.96246046
7.636798499999941,1765056032.8962123,-0.10787082,1.5953549,-0.08958578,-0.22101727,0.15369911,-0.035369623,0.96243286
7.6555609583333535,1765056032.914975,-0.10735655,1.5951837,-0.08960557,-0.22160693,0.15263861,-0.035613116,0.962457
7.67304262499988,1765056032.9324565,-0.106737316,1.5950375,-0.08968071,-0.22220613,0.15101814,-0.035860762,0.96256536
7.690550333333249,1765056032.9499643,-0.105976015,1.5948952,-0.08981727,-0.22286908,0.14875528,-0.03605726,0.96275705
7.714013916666545,1765056032.9734278,-0.10480371,1.5945587,-0.09014462,-0.22409186,0.14474636,-0.036300942,0.96307504
7.732290041666602,1765056032.991704,-0.10376072,1.5942395,-0.090461016,-0.22527881,0.14097892,-0.036390517,0.9633536
7.749774791666596,1765056033.0091887,-0.10266009,1.5939401,-0.0907626,-0.22662391,0.13701656,-0.036328144,0.96361214
7.767863791666514,1765056033.0272777,-0.10144019,1.5936339,-0.091058016,-0.22823215,0.13265708,-0.036126826,0.96385014
7.785296791666497,1765056033.0447106,-0.100208044,1.5933075,-0.09130502,-0.22991228,0.12822254,-0.03591845,0.9640587
7.803200208333237,1765056033.0626142,-0.09890789,1.5929579,-0.091529645,-0.23160669,0.12349495,-0.03571625,0.9642778
7.821338666666634,1765056033.0807526,-0.09757447,1.5926152,-0.09173083,-0.23329937,0.118677154,-0.035369765,0.9644875
7.852329583333358,1765056033.1117435,-0.095329046,1.5920064,-0.09193468,-0.23642717,0.11054138,-0.03456536,0.96472174
7.869757499999878,1765056033.1291714,-0.09411812,1.5916657,-0.09194565,-0.23818631,0.1061836,-0.03406817,0.9647962
7.88749395833338,1765056033.1469078,-0.09293142,1.5913143,-0.09188722,-0.23994376,0.1020381,-0.033473834,0.96482885
7.904824875000031,1765056033.164239,-0.09184384,1.5909033,-0.09182882,-0.24155657,0.09821855,-0.03274517,0.9648478
7.9223142499999994,1765056033.1817281,-0.09082931,1.5904138,-0.09177355,-0.24316521,0.09458047,-0.031967204,0.9648333
7.951010374999896,1765056033.2104244,-0.08935714,1.589575,-0.091653585,-0.2457952,0.08928186,-0.030972777,0.9647042
7.968384583333318,1765056033.2277985,-0.08858585,1.5890769,-0.09160662,-0.24716312,0.08654819,-0.030409621,0.9646217
7.986081083333374,1765056033.245495,-0.087868154,1.5886099,-0.09160117,-0.24827303,0.08421077,-0.029848063,0.96456116
8.003186208333318,1765056033.2626002,-0.087240845,1.588187,-0.09160112,-0.24926114,0.082326084,-0.029420426,0.9644821
8.020591374999867,1765056033.2800052,-0.08666673,1.5877873,-0.09157847,-0.25027937,0.080740236,-0.02910801,0.96436197
8.037917500000049,1765056033.2973316,-0.086149454,1.5874608,-0.09154439,-0.2510923,0.079530016,-0.02879299,0.9642607
8.05539008333335,1765056033.314804,-0.08568388,1.5872236,-0.091512166,-0.25159335,0.07874563,-0.028510202,0.9642028
8.082151208333244,1765056033.3415651,-0.0850586,1.5870558,-0.09147619,-0.2517825,0.07833478,-0.028084487,0.9641994
8.099629916666572,1765056033.3590438,-0.08474946,1.5870222,-0.091478825,-0.25163037,0.078445,-0.027957805,0.9642339
8.117091749999872,1765056033.3765056,-0.08449793,1.587012,-0.09149289,-0.25146124,0.078813754,-0.02789161,0.96424985
8.134614374999956,1765056033.3940284,-0.08423519,1.5870436,-0.091505766,-0.2513178,0.07936144,-0.027846104,0.96424365
8.152055124999833,1765056033.411469,-0.08395925,1.5871136,-0.0915439,-0.25107607,0.08000028,-0.027938798,0.96425116
8.16954004166655,1765056033.428954,-0.08366346,1.5872257,-0.0916307,-0.25061354,0.08064037,-0.028154127,0.96431184
8.187433874999897,1765056033.446848,-0.08332983,1.5873466,-0.09173773,-0.2501195,0.081255205,-0.028386747,0.9643817
8.204826958333342,1765056033.464241,-0.08296338,1.5874466,-0.09182833,-0.24977762,0.08176683,-0.028645657,0.96441936
8.222273833333247,1765056033.4816878,-0.08255768,1.5875318,-0.091905594,-0.24951278,0.0821083,-0.029029949,0.96444744
8.249030041666629,1765056033.508444,-0.08187914,1.5876346,-0.09199715,-0.24914257,0.08222472,-0.029663352,0.96451396
8.267164374999993,1765056033.5265784,-0.08138472,1.5876747,-0.09204193,-0.24894524,0.082120396,-0.02989174,0.9645667
8.285400166666705,1765056033.544814,-0.08087158,1.5876844,-0.0920732,-0.24878886,0.081954375,-0.02999708,0.9646179
8.302977374999955,1765056033.5623913,-0.08040792,1.5876341,-0.09207364,-0.24869624,0.081734255,-0.030108863,0.964657
8.320983249999927,1765056033.5803971,-0.07995844,1.5875405,-0.092050314,-0.24864861,0.08148357,-0.030226685,0.9646868
8.338342958333214,1765056033.5977569,-0.079515696,1.5874518,-0.09203148,-0.2486485,0.08123608,-0.03032317,0.9647047
8.355376791666686,1765056033.6147907,-0.07907581,1.587367,-0.09202957,-0.24868551,0.08095324,-0.030423248,0.9647158
8.385795124999959,1765056033.645209,-0.07828903,1.5872233,-0.09207463,-0.24883272,0.08033806,-0.03070229,0.9647204
8.403224666666574,1765056033.6626387,-0.07782912,1.5871333,-0.09210038,-0.2488589,0.08002463,-0.030831771,0.96473557
8.420851749999883,1765056033.6802657,-0.07735491,1.5870392,-0.09210682,-0.24889795,0.079810746,-0.03088333,0.9647416
8.438222208333173,1765056033.6976361,-0.07687917,1.5869544,-0.09209369,-0.24901967,0.07962345,-0.03092943,0.9647241
8.45569512499992,1765056033.715109,-0.07638192,1.5868822,-0.092065096,-0.24922441,0.07938186,-0.030962083,0.9646902
8.474651166666717,1765056033.734065,-0.07582083,1.5868369,-0.092040524,-0.24949105,0.079008296,-0.0309616,0.9646519
8.49781695833326,1765056033.757231,-0.07508889,1.5868611,-0.092050776,-0.24956459,0.078423314,-0.031184016,0.96467346
8.515367624999953,1765056033.7747815,-0.0745348,1.5869141,-0.092109665,-0.24940689,0.077919275,-0.03151878,0.9647442
8.533053500000051,1765056033.7924674,-0.07400742,1.5869617,-0.092189535,-0.24925114,0.077320345,-0.032059003,0.96481484
8.551119666666636,1765056033.8105335,-0.07350445,1.5869639,-0.09224677,-0.2492853,0.07668084,-0.032580923,0.9648396
8.568669166666496,1765056033.828083,-0.07306099,1.5869138,-0.092264414,-0.24961892,0.07605325,-0.032976616,0.9647895
8.587985791666597,1765056033.8473997,-0.07262969,1.5868274,-0.09225273,-0.25015655,0.07531732,-0.03334886,0.9646952
8.605429791666666,1765056033.8648438,-0.07229638,1.5867565,-0.09226179,-0.25059864,0.07468718,-0.03348204,0.9646249
8.623234333333357,1765056033.8826482,-0.072016716,1.5866973,-0.09230399,-0.2510603,0.074169934,-0.033366676,0.9645487
8.652740541666617,1765056033.9121544,-0.07169452,1.586581,-0.09243153,-0.25199977,0.07361139,-0.03281471,0.9643654
8.670490958333176,1765056033.929905,-0.07157159,1.5864897,-0.09254694,-0.25269446,0.07354341,-0.032187633,0.96421
8.688019208333344,1765056033.9474332,-0.0715093,1.5863937,-0.09269289,-0.2533894,0.07362775,-0.03164473,0.9640391
8.705621500000007,1765056033.9650354,-0.071461916,1.5862442,-0.0928092,-0.2540637,0.07389344,-0.03123776,0.96385455
8.722607874999994,1765056033.9820218,-0.07141709,1.5860568,-0.09288788,-0.25473619,0.074376866,-0.030847954,0.96365243
8.749536249999892,1765056034.0089502,-0.07139778,1.5857878,-0.09300494,-0.25582838,0.07549483,-0.030266955,0.9632945
8.7670118333333,1765056034.0264258,-0.07139993,1.5856264,-0.09306836,-0.25655025,0.07634308,-0.029954622,0.9630454
8.787249125000017,1765056034.046663,-0.07139826,1.585428,-0.09311509,-0.25738755,0.07734621,-0.0295705,0.9627538
8.80463445833334,1765056034.0640485,-0.07139507,1.5852758,-0.09315775,-0.25794494,0.07815998,-0.029234191,0.9625491
8.822077458333297,1765056034.0814915,-0.07139054,1.5851669,-0.09322785,-0.25827697,0.078917384,-0.028959598,0.9624066
8.852898791666576,1765056034.1123128,-0.07135844,1.5850383,-0.09336567,-0.2588248,0.07997376,-0.028447399,0.9621874
8.870315499999833,1765056034.1297295,-0.07132584,1.5849779,-0.09342667,-0.2592557,0.0804534,-0.028048176,0.9620431
8.887396416666661,1765056034.1468103,-0.07129073,1.584939,-0.09347582,-0.25966963,0.080873825,-0.027589865,0.96190953
8.904749208333214,1765056034.164163,-0.07125348,1.5848908,-0.09351162,-0.260038,0.08125661,-0.027184514,0.9617893
8.922115500000018,1765056034.1815295,-0.071223736,1.5848405,-0.09354448,-0.26025185,0.08164285,-0.026808146,0.9617093
8.939444041666547,1765056034.198858,-0.071208954,1.5848119,-0.09357381,-0.26042038,0.08211375,-0.0263102,0.9616374
8.956877374999976,1765056034.2162914,-0.07120609,1.5847814,-0.09357023,-0.2606322,0.082686044,-0.025764799,0.96154565
8.983856249999917,1765056034.2432702,-0.07120839,1.5847195,-0.09349583,-0.26114875,0.08370315,-0.024947487,0.961339
9.00128120833324,1765056034.2606952,-0.07120061,1.5846454,-0.093420744,-0.26138842,0.08432587,-0.024466598,0.9612318
9.018609541666592,1765056034.2780235,-0.07116914,1.5845364,-0.09332323,-0.2616529,0.08482242,-0.024051003,0.9611267
9.036418624999897,1765056034.2958326,-0.07109809,1.5843844,-0.093174934,-0.26214477,0.085179,-0.023571834,0.96097296
9.054159499999969,1765056034.3135734,-0.07096857,1.5842055,-0.09298662,-0.2627705,0.08540678,-0.022817656,0.96080005
9.071710833333327,1765056034.3311248,-0.070783615,1.5840422,-0.09279704,-0.26329535,0.08546137,-0.021914072,0.9606725
9.089176666666617,1765056034.3485906,-0.07054973,1.5839179,-0.0926249,-0.26365414,0.08533385,-0.021085106,0.960604
9.107444041666668,1765056034.366858,-0.07025719,1.5838156,-0.09243727,-0.26388666,0.08493427,-0.02031018,0.96059227
9.124977416666525,1765056034.3843913,-0.06990439,1.583738,-0.09225985,-0.2639915,0.0841117,-0.019602882,0.9606505
9.148462291666647,1765056034.4078763,-0.06929222,1.5837176,-0.09209083,-0.26380044,0.082208805,-0.018585676,0.9608879
9.166139708333276,1765056034.4255536,-0.06874919,1.5837486,-0.09197831,-0.26353687,0.08023446,-0.017806273,0.96114194
9.183809291666648,1765056034.4432232,-0.06817055,1.5837646,-0.09181976,-0.26322025,0.077975154,-0.016960604,0.96142983
9.200392166666688,1765056034.4598062,-0.067588806,1.5837698,-0.091621876,-0.26299497,0.07564811,-0.016002133,0.9616938
9.217962458333204,1765056034.4773765,-0.06691337,1.583781,-0.09137535,-0.26285803,0.07289533,-0.014952046,0.96196073
9.235390625000036,1765056034.4948046,-0.066190004,1.5837907,-0.09111595,-0.2626661,0.069876775,-0.013918296,0.9622526
9.252698916666532,1765056034.5121129,-0.0654366,1.5837631,-0.090822935,-0.2626685,0.06663262,-0.013026422,0.9624945
9.270111083333177,1765056034.529525,-0.064655304,1.5836726,-0.090458155,-0.2631197,0.0632585,-0.012236445,0.9626093
9.287823249999974,1765056034.5472372,-0.06384426,1.583578,-0.09006473,-0.26379842,0.0598069,-0.011390729,0.96265453
9.316194125000038,1765056034.575608,-0.06268287,1.583394,-0.08951211,-0.2644002,0.05413666,-0.010139246,0.962839
9.33374549999985,1765056034.5931594,-0.061981976,1.5833011,-0.08923694,-0.26466602,0.050525267,-0.009397561,0.9629698
9.354369333333352,1765056034.6137834,-0.061122417,1.5832734,-0.08897877,-0.26473445,0.046106163,-0.008414075,0.9631818
9.38539687499997,1765056034.644811,-0.05985588,1.5834501,-0.088699855,-0.2639297,0.039254427,-0.0072055995,0.9637159
9.403455458333383,1765056034.6628695,-0.059153616,1.5836139,-0.08852383,-0.26336238,0.03554724,-0.0067462125,0.96401817
9.422616625000046,1765056034.6820307,-0.058454514,1.5838203,-0.08832574,-0.26266298,0.03212667,-0.0062487028,0.9643324
9.451296875000025,1765056034.7107108,-0.057590246,1.5842104,-0.08801651,-0.26153007,0.027708786,-0.005769363,0.9647803
9.468919958333345,1765056034.728334,-0.057171583,1.5844941,-0.087843895,-0.26081526,0.02533739,-0.0057972083,0.9650387
9.486813583333287,1765056034.7462275,-0.056834698,1.5848203,-0.087697506,-0.26012447,0.023233632,-0.0059007755,0.9652775
9.504080333333377,1765056034.7634943,-0.05657053,1.5851679,-0.08757162,-0.25951383,0.021475913,-0.005985787,0.96548206
9.521519375000025,1765056034.7809334,-0.05635476,1.5855546,-0.08747625,-0.25890955,0.01993879,-0.0060427133,0.96567684
9.551172374999851,1765056034.8105862,-0.056092173,1.5862758,-0.087395415,-0.2578822,0.017816067,-0.005728578,0.9659951
9.56861729166667,1765056034.8280313,-0.055971384,1.586745,-0.08737421,-0.2573598,0.016785825,-0.005275102,0.96615547
9.588230374999966,1765056034.8476443,-0.05590272,1.5873376,-0.087400675,-0.25636232,0.015660645,-0.0049099014,0.9664414
9.605591249999861,1765056034.8650053,-0.05587998,1.5878987,-0.08746384,-0.25523776,0.014684854,-0.0047975015,0.9667549
9.62270650000005,1765056034.8821204,-0.055865526,1.5884305,-0.08750796,-0.25432363,0.013889046,-0.0046797297,0.9670081
9.653608374999976,1765056034.9130223,-0.055888563,1.5892018,-0.08743118,-0.2539858,0.012979231,-0.0046030995,0.9671099
9.67132975000004,1765056034.9307437,-0.055901915,1.589569,-0.08735536,-0.2541584,0.012517238,-0.0045844144,0.9670707
9.68880395833321,1765056034.9482179,-0.055872202,1.5899135,-0.08730912,-0.2542344,0.011733108,-0.0045289877,0.9670608
9.718921416666717,1765056034.9783354,-0.05553502,1.5902414,-0.087178744,-0.25443214,0.009728194,-0.0043661343,0.96703184
9.736517958333252,1765056034.9959319,-0.05530691,1.5903125,-0.0870769,-0.2548152,0.0085850125,-0.0041250885,0.9669429
9.754277458333263,1765056035.0136914,-0.055108547,1.5903306,-0.08695793,-0.25530466,0.007597522,-0.0038404719,0.96682316
9.771711458333357,1765056035.0311253,-0.05494657,1.590315,-0.08679889,-0.25587156,0.0067159,-0.0036311399,0.96668065
9.789176999999881,1765056035.048591,-0.054831743,1.5902579,-0.08660078,-0.25644478,0.0058326395,-0.0035446396,0.9665348
9.815543833333322,1765056035.0749578,-0.05468884,1.5902191,-0.08633016,-0.2567363,0.004398625,-0.0032524182,0.966466
9.83296324999992,1765056035.0923772,-0.05458775,1.5902754,-0.08622955,-0.2562448,0.0034653598,-0.0029144627,0.9666013
9.85323091666669,1765056035.112645,-0.054480553,1.5903698,-0.086133,-0.25553703,0.002512616,-0.0025009434,0.96679276
9.87056483333322,1765056035.129979,-0.054403305,1.5904181,-0.08601689,-0.25514537,0.0019445358,-0.0021326758,0.9668984
9.888025666666636,1765056035.1474397,-0.054329872,1.5904555,-0.08591676,-0.25473788,0.0015078016,-0.0018457962,0.9670072
9.918298124999865,1765056035.177712,-0.054210186,1.5904323,-0.08577752,-0.25354087,0.00077982113,-0.0015784587,0.96732306
9.936308541666676,1765056035.1957226,-0.0541296,1.590411,-0.0857079,-0.25282335,0.00048745036,-0.0013071682,0.9675115
9.954201624999996,1765056035.2136157,-0.054048836,1.5904117,-0.08562585,-0.25232005,0.0002665284,-0.0010927672,0.96764314
9.971656541666562,1765056035.2310705,-0.05397272,1.5904057,-0.08549023,-0.25230324,9.6639014e-05,-0.00097220176,0.96764773
9.98911883333335,1765056035.2485328,-0.05390182,1.5903335,-0.0852661,-0.25296703,-4.906467e-05,-0.0009027152,0.96747446
10.01665095833323,1765056035.2760649,-0.053758144,1.5901387,-0.08481574,-0.25486648,-0.00025735085,-0.00066078024,0.966976
10.034893291666549,1765056035.2943072,-0.05364752,1.59006,-0.08456588,-0.25582153,-0.00030376192,-0.00041457568,0.9667239
10.05268541666669,1765056035.3120995,-0.053546667,1.5900254,-0.08436346,-0.25640815,-0.00026953334,-0.0004589042,0.9665684
10.070110708333232,1765056035.3295248,-0.0534575,1.5900049,-0.08414936,-0.2569629,-0.0002821184,-0.00063534547,0.966421
10.08750837499997,1765056035.3469224,-0.053381205,1.5899512,-0.083922386,-0.25738373,-0.00036279694,-0.000836373,0.96630883
10.104953583333327,1765056035.3643675,-0.053323895,1.5898654,-0.08367966,-0.25760663,-0.00041804646,-0.0008740211,0.96624935
10.12231308333321,1765056035.381727,-0.053270817,1.5897416,-0.083375454,-0.25802386,-0.00045123784,-0.0007607583,0.9661381
10.15296166666667,1765056035.4123757,-0.05321312,1.5894489,-0.082698345,-0.25907117,-0.00037818644,-0.0003958234,0.9658581
10.170513833333189,1765056035.4299278,-0.053207934,1.5892768,-0.0822899,-0.25958014,-0.00025689998,-0.00021274404,0.9657215
10.187734166666587,1765056035.447148,-0.053220272,1.5890859,-0.08185458,-0.2602128,-3.9400384e-05,-1.9148833e-05,0.9655513
10.205146083333375,1765056035.46456,-0.05324459,1.5888512,-0.081380606,-0.2610863,0.00028588594,0.00028024396,0.9653154
10.222638666666626,1765056035.4820526,-0.053273916,1.5886073,-0.08090496,-0.26200402,0.0006643052,0.0006825371,0.9650663
10.252556916666663,1765056035.5119708,-0.053310394,1.5883538,-0.08019686,-0.2626935,0.001246209,0.0014772918,0.9648774
10.270744958333353,1765056035.530159,-0.053334862,1.5883482,-0.07987879,-0.2622233,0.0015100328,0.0016962201,0.96500456
10.287770791666617,1765056035.5471847,-0.05333662,1.5883498,-0.07954812,-0.26173005,0.0018099633,0.0018201343,0.9651377
10.305441916666496,1765056035.5648558,-0.053307533,1.5882639,-0.07908273,-0.26197278,0.0022173887,0.0020066071,0.9650706
10.323030458333278,1765056035.5824444,-0.053293884,1.588137,-0.07859496,-0.26248488,0.0026800735,0.002132939,0.96493006
10.340435624999827,1765056035.5998497,-0.05331126,1.588067,-0.078176245,-0.26265457,0.0032379504,0.0021403548,0.96488214
10.358498708333173,1765056035.6179128,-0.05334449,1.5880228,-0.07777333,-0.26276883,0.0038995487,0.0022730948,0.9648483
10.386892708333335,1765056035.6463068,-0.053404093,1.5879264,-0.077133894,-0.26325786,0.0049237283,0.002632681,0.96470934
10.40435291666654,1765056035.6637669,-0.05346656,1.5878384,-0.0767324,-0.26363164,0.0055090305,0.002839632,0.96460354
10.421242166666616,1765056035.6806562,-0.0535357,1.587722,-0.07635832,-0.26399028,0.0059818486,0.0030906568,0.96450186
10.454222458333334,1765056035.7136364,-0.053655863,1.5874615,-0.07583499,-0.26438543,0.0066427374,0.0034304692,0.96438813
10.470694333333313,1765056035.7301083,-0.05371529,1.5872806,-0.07562252,-0.26472494,0.006917484,0.00352779,0.96429265
10.488156458333378,1765056035.7475705,-0.053777933,1.5870125,-0.07537842,-0.26550674,0.0072130105,0.0035709308,0.96407545
10.505618583333217,1765056035.7650325,-0.053843737,1.5867081,-0.0751102,-0.2665605,0.0075650294,0.0036492154,0.9637816
10.522350666666625,1765056035.7817645,-0.05391732,1.586449,-0.0748906,-0.26736265,0.007956739,0.0037112643,0.963556
10.552383416666544,1765056035.8117974,-0.054080963,1.5860975,-0.07469249,-0.2680688,0.00856816,0.0038268664,0.96335405
10.569905166666558,1765056035.8293192,-0.054193497,1.5858886,-0.07466483,-0.26838547,0.008993766,0.004000047,0.9632613
10.587413166666693,1765056035.846827,-0.054359376,1.5856138,-0.074647464,-0.26898658,0.009587546,0.004146608,0.9630873
10.60481020833322,1765056035.8642242,-0.054561526,1.5852616,-0.07459949,-0.27004522,0.010324384,0.004312634,0.9627826
10.622283583333228,1765056035.8816977,-0.054763466,1.5848804,-0.074536785,-0.27136248,0.011072757,0.0045304336,0.9624028
10.651956666666592,1765056035.9113705,-0.05513805,1.5842975,-0.07448963,-0.27338517,0.012319038,0.0046925023,0.96181434
10.669470249999904,1765056035.9288843,-0.05536294,1.5839708,-0.07446504,-0.27463162,0.01317337,0.0048582256,0.961447
10.686047874999986,1765056035.9454618,-0.055566847,1.5836513,-0.074396335,-0.2760862,0.013925189,0.005050799,0.9610187
10.703939624999975,1765056035.9633536,-0.055781364,1.5832767,-0.07432127,-0.27770907,0.014523887,0.0051411716,0.96054167
10.721354249999877,1765056035.9807682,-0.055994183,1.5829703,-0.0743389,-0.278771,0.0148512935,0.0051027355,0.9602292
10.748886416666664,1765056036.0083003,-0.056326628,1.5826832,-0.07452369,-0.27944127,0.0151344575,0.0050389217,0.9600303
10.76650266666661,1765056036.0259166,-0.056542873,1.5825002,-0.07462621,-0.27999276,0.015335311,0.005061638,0.9598663
10.784085499999946,1765056036.0434995,-0.056748778,1.5822918,-0.07469343,-0.2807352,0.015531866,0.005177004,0.9596456
10.801413916666661,1765056036.060828,-0.056951523,1.5820718,-0.0747273,-0.28156686,0.015684722,0.005325593,0.9593987
10.818987458333368,1765056036.0784013,-0.057173163,1.5818135,-0.07474373,-0.2825192,0.015838606,0.0053893263,0.95911574
10.83638216666668,1765056036.095796,-0.05740595,1.5815326,-0.07475519,-0.28356713,0.016010363,0.005484953,0.95880306
10.853991833333339,1765056036.1134057,-0.05765915,1.5812211,-0.07478452,-0.28467178,0.016312294,0.0056369426,0.9584697
10.871338541666546,1765056036.1307526,-0.057934046,1.5809029,-0.074841976,-0.28571832,0.0167651,0.0057754964,0.9581496
10.888852625000027,1765056036.1482666,-0.05822134,1.5805675,-0.07491422,-0.28681234,0.01732026,0.0058768387,0.9578122
10.918731208333384,1765056036.1781452,-0.058647156,1.5798879,-0.07496357,-0.28917068,0.018192366,0.0057744635,0.9570873
10.936228999999912,1765056036.195643,-0.058886766,1.579465,-0.074986696,-0.29064554,0.018677052,0.005650001,0.95663184
10.954016833333299,1765056036.213431,-0.059143215,1.5790714,-0.07505749,-0.29196355,0.01921234,0.00556776,0.9562202
10.971375291666618,1765056036.2307892,-0.059444666,1.5787392,-0.075175285,-0.2930489,0.019775461,0.0054674153,0.9558773
10.988806208333244,1765056036.2482202,-0.05976039,1.5784078,-0.07528826,-0.29403743,0.020415433,0.0053736665,0.95556074
11.00620241666661,1765056036.2656164,-0.06010413,1.5780885,-0.07539868,-0.2949835,0.021217208,0.005380168,0.9552516
11.023682166666504,1765056036.283096,-0.0604949,1.577805,-0.075537205,-0.29571307,0.022249045,0.0054622195,0.95500207
11.050804833333359,1765056036.3102188,-0.061236143,1.5774374,-0.07580519,-0.29652232,0.024307985,0.0051945574,0.95470244
11.067903208333291,1765056036.3273172,-0.0617702,1.5772142,-0.07597661,-0.29698277,0.025859963,0.004989841,0.95451957
11.084668416666545,1765056036.3440824,-0.06232357,1.5769755,-0.07611632,-0.29747748,0.027569646,0.0050065685,0.95431757
11.102386124999839,1765056036.3618002,-0.062962204,1.5766717,-0.07625483,-0.29803407,0.029558128,0.0050405115,0.95408416
11.121697208333217,1765056036.3811111,-0.063741684,1.5762845,-0.07639575,-0.2987314,0.0319483,0.0049546226,0.9537894
11.151827541666535,1765056036.4112415,-0.06514454,1.5756184,-0.076586485,-0.3001759,0.036384948,0.0049565868,0.95317686
11.169755916666645,1765056036.42917,-0.066128075,1.5751879,-0.07668205,-0.3012239,0.039828762,0.0051665055,0.9527073
11.18682049999984,1765056036.4462345,-0.06720805,1.5747566,-0.07676768,-0.3023123,0.043762647,0.005295834,0.9521891
11.203974666666682,1765056036.4633887,-0.068462044,1.5742992,-0.07684253,-0.30344668,0.048451252,0.0053726584,0.9516006
11.221431708333284,1765056036.4808457,-0.06991911,1.5738122,-0.07689524,-0.30466157,0.05412418,0.0054283873,0.9509061
11.248748249999835,1765056036.5081623,-0.07249609,1.5730036,-0.076924786,-0.30673757,0.06462208,0.005687296,0.9495808
11.266427625000006,1765056036.5258415,-0.07428518,1.5724711,-0.07691692,-0.3081458,0.072045706,0.005992154,0.94858825
11.287105874999952,1765056036.5465198,-0.076426566,1.5718635,-0.07688757,-0.30981243,0.08069212,0.006332173,0.9473462
11.30459620833335,1765056036.5640101,-0.078232765,1.5713661,-0.076832056,-0.31118307,0.08769757,0.0067510223,0.94627094
11.322070208333344,1765056036.581484,-0.079996884,1.5708895,-0.07675382,-0.3124807,0.09439795,0.007470155,0.9451926
11.354826958333206,1765056036.614241,-0.08308387,1.5700818,-0.0765686,-0.31496298,0.105934724,0.009429819,0.9431263
11.383843249999927,1765056036.6432571,-0.08549398,1.569481,-0.076386966,-0.31713572,0.11454272,0.011610649,0.94136614
11.401308041666653,1765056036.660722,-0.0867641,1.5691851,-0.07628989,-0.31820247,0.11892275,0.013049105,0.94044363
11.419700250000005,1765056036.679114,-0.08796421,1.568918,-0.07618068,-0.31920204,0.12295769,0.014558193,0.9395635
11.438390499999969,1765056036.6978045,-0.08905816,1.5686766,-0.076064825,-0.32021132,0.12658639,0.016088773,0.93871284
11.455946958333243,1765056036.7153609,-0.08997321,1.5684888,-0.07597494,-0.321101,0.12963197,0.017633215,0.9379653
11.484620291666715,1765056036.7440343,-0.091260105,1.568324,-0.07599495,-0.32206622,0.13389096,0.020140756,0.936985
11.502098250000017,1765056036.7615123,-0.091914415,1.5682967,-0.07610583,-0.32237127,0.13597174,0.021532137,0.9365494
11.519579750000048,1765056036.7789936,-0.092452675,1.5682876,-0.07623504,-0.3227049,0.13757819,0.022856867,0.93616843
11.536896500000012,1765056036.7963104,-0.092870474,1.568284,-0.07637191,-0.32315928,0.13874187,0.024159843,0.93580717
11.55412162499988,1765056036.8135357,-0.09318471,1.568305,-0.07652497,-0.32359135,0.13948691,0.025367178,0.93551517
11.571512624999968,1765056036.8309267,-0.09341836,1.5683734,-0.07670522,-0.32388815,0.13990355,0.026403975,0.9353215
11.58893662499986,1765056036.8483505,-0.093611956,1.5684226,-0.07692623,-0.32395387,0.14005545,0.027282009,0.9352508
11.616457458333343,1765056036.8758714,-0.09380984,1.5684847,-0.07730603,-0.32389247,0.13980444,0.028219469,0.9352818
11.633880500000032,1765056036.8932946,-0.093854904,1.5685747,-0.07754612,-0.32378912,0.13936666,0.02855105,0.9353729
11.650326666666615,1765056036.9097407,-0.09386006,1.5686984,-0.07778047,-0.32358828,0.13877931,0.028682848,0.93552566
11.667653833333361,1765056036.9270678,-0.09382397,1.5688428,-0.07800981,-0.32337728,0.13800341,0.028694907,0.935713
11.694615916666635,1765056036.9540298,-0.093696594,1.569051,-0.07827711,-0.32340872,0.13648227,0.028704355,0.9359249
11.714764374999959,1765056036.9741783,-0.09359327,1.5690967,-0.07843016,-0.32355472,0.13532731,0.028783266,0.93603975
11.732102124999983,1765056036.991516,-0.09351587,1.5691037,-0.07854915,-0.323567,0.1344527,0.028988276,0.93615526
11.749520666666513,1765056037.0089347,-0.09344888,1.569129,-0.07865906,-0.3235616,0.13369986,0.029265022,0.93625623
11.76682029166659,1765056037.0262341,-0.09340477,1.5691681,-0.07877755,-0.32347748,0.13311987,0.029511819,0.93636024
11.784266666666554,1765056037.0436807,-0.093370736,1.5691822,-0.07893058,-0.32318586,0.13274428,0.029705973,0.93650806
11.801810541666555,1765056037.0612245,-0.0933463,1.5691746,-0.079124965,-0.32277563,0.13256845,0.029751193,0.93667305
11.819510374999936,1765056037.0789244,-0.09334254,1.5691661,-0.07933211,-0.32242316,0.13253735,0.029657412,0.9368018
11.836992791666717,1765056037.0964067,-0.09334007,1.569128,-0.07952379,-0.3222652,0.13258804,0.029462302,0.93685514
11.854349374999856,1765056037.1137633,-0.093316555,1.5690665,-0.07971549,-0.32234743,0.13260673,0.029294437,0.93682945
11.871834000000035,1765056037.131248,-0.093262345,1.5689982,-0.07996391,-0.32240757,0.13247737,0.029216757,0.9368295
11.888820499999838,1765056037.1482344,-0.09318876,1.5689399,-0.08028746,-0.3223388,0.1321492,0.029030133,0.9369053
11.920173374999877,1765056037.1795874,-0.09302822,1.5687258,-0.08095811,-0.3225087,0.13095874,0.028563576,0.93702835
11.939042875000041,1765056037.1984568,-0.09285951,1.5685215,-0.08136344,-0.32306957,0.12999365,0.028592438,0.93696856
11.956551833333378,1765056037.2159657,-0.092657,1.5682915,-0.08177899,-0.32380226,0.12885243,0.028675668,0.93687075
11.987745624999889,1765056037.2471595,-0.09220123,1.5679045,-0.0828588,-0.3249588,0.12610091,0.028714193,0.9368436
12.00544454166652,1765056037.2648585,-0.09183502,1.5676653,-0.083755255,-0.32549334,0.1239514,0.028755043,0.9369436
12.022992124999973,1765056037.282406,-0.09138551,1.5673612,-0.084847674,-0.32629666,0.12130075,0.028743902,0.9370114
12.05231875000004,1765056037.3117328,-0.09049556,1.5666406,-0.08719582,-0.32849026,0.11569361,0.028805623,0.9369521
12.069966666666687,1765056037.3293805,-0.08989382,1.5660545,-0.089030504,-0.330214,0.11169033,0.028923996,0.9368284
12.088407083333323,1765056037.347821,-0.089236975,1.5653127,-0.09138894,-0.33205107,0.10691703,0.029111814,0.93673015
12.127001249999921,1765056037.3864152,-0.087681204,1.5629565,-0.09772299,-0.33748624,0.096153386,0.030134544,0.9359217
12.147668791666547,1765056037.4070828,-0.0868825,1.5612305,-0.101621136,-0.3420989,0.091334075,0.031851005,0.9346721
12.166552958333341,1765056037.425967,-0.0861752,1.5594398,-0.10547352,-0.3470506,0.08749488,0.03393161,0.93313944
12.184111749999829,1765056037.4435258,-0.085538626,1.5576054,-0.109368086,-0.35176525,0.08432137,0.036017444,0.93158674
12.201197708333211,1765056037.4606116,-0.08498043,1.5557367,-0.11348037,-0.3560224,0.08197093,0.0379728,0.9301005
12.218774833333327,1765056037.4781888,-0.08448449,1.5537857,-0.11804436,-0.35985216,0.08067044,0.03985206,0.9286606
12.236146499999904,1765056037.4955604,-0.08400908,1.551778,-0.12280701,-0.3635703,0.080448166,0.04162913,0.92715245
12.254107499999918,1765056037.5135214,-0.083473444,1.5495517,-0.1278894,-0.36745888,0.08103007,0.04332694,0.92548954
12.271510083333169,1765056037.530924,-0.08285856,1.5472314,-0.13288307,-0.37142432,0.082196236,0.044727247,0.9237355
12.288191416666677,1765056037.5476053,-0.082116604,1.5448227,-0.1377039,-0.37557292,0.083886854,0.04597052,0.9218431
12.315471791666596,1765056037.5748858,-0.080519915,1.5403934,-0.14570928,-0.3825867,0.087496206,0.048339136,0.9184962
12.333259750000025,1765056037.5926738,-0.07915926,1.5372152,-0.15110493,-0.3872145,0.0899276,0.049896676,0.9162359
12.356947874999832,1765056037.6163619,-0.076894045,1.5326185,-0.15836763,-0.393893,0.09273371,0.052160602,0.9129776
12.382264208333254,1765056037.641678,-0.07395744,1.527283,-0.16616797,-0.40168595,0.09574116,0.054910257,0.90910226
12.400941416666683,1765056037.6603553,-0.07162666,1.5230768,-0.17199111,-0.40718928,0.098615736,0.056234233,0.9062613
12.418435749999844,1765056037.6778498,-0.06942773,1.5189571,-0.17759466,-0.41176993,0.101630114,0.056389414,0.9038457
12.43601324999986,1765056037.6954272,-0.06722641,1.5146859,-0.18339539,-0.415668,0.10467913,0.055852234,0.90174437
12.453454166666688,1765056037.7128682,-0.065029144,1.5103409,-0.18921494,-0.41914943,0.107519954,0.055151958,0.89983976
12.471135791666711,1765056037.7305498,-0.06279373,1.50584,-0.19502711,-0.42275736,0.11023805,0.054495115,0.8978608
12.488684250000006,1765056037.7480981,-0.060614973,1.501281,-0.20059393,-0.42668998,0.11290921,0.053734098,0.89571184
12.5157394583332,1765056037.7751534,-0.05729413,1.4942131,-0.20858407,-0.43330842,0.11679997,0.052328777,0.8921117
12.53297229166651,1765056037.7923863,-0.055244207,1.4897778,-0.21337771,-0.43751633,0.11891125,0.051659603,0.8898151
12.55085737499985,1765056037.8102713,-0.053165823,1.4852873,-0.21813987,-0.4418921,0.12085682,0.051475335,0.88739806
12.568179333333319,1765056037.8275933,-0.05120486,1.4810588,-0.2225199,-0.44601455,0.12248887,0.051760163,0.8850923
12.58567420833333,1765056037.8450882,-0.04933262,1.4769444,-0.22672248,-0.450146,0.123715386,0.052064512,0.8828094
12.60319308333328,1765056037.862607,-0.047587156,1.4730234,-0.23067212,-0.45417216,0.12462848,0.05221293,0.8806073
12.62111200000004,1765056037.880526,-0.04593873,1.4692829,-0.23441029,-0.45826438,0.12565547,0.0523984,0.8783273
12.648412708333353,1765056037.9078267,-0.04373002,1.4641929,-0.23956943,-0.4639396,0.1276972,0.0525681,0.8750372
12.665855749999992,1765056037.9252696,-0.042496353,1.4613532,-0.24256419,-0.46707493,0.12902716,0.052416567,0.8731812
12.683424583333363,1765056037.9428384,-0.041380882,1.4588314,-0.24533963,-0.4699468,0.13018818,0.052055284,0.871488
12.70097529166651,1765056037.9603891,-0.040329456,1.4566367,-0.24783707,-0.47228763,0.13117082,0.05156362,0.87010336
12.718480249999857,1765056037.9778943,-0.039348274,1.4547515,-0.25005195,-0.47413093,0.13201593,0.051010568,0.8690049
12.73593020833323,1765056037.9953442,-0.03847623,1.4531726,-0.25195694,-0.47591892,0.13303077,0.05052156,0.86790067
12.753405083333291,1765056038.012819,-0.03771177,1.4519081,-0.2534885,-0.47790074,0.13434622,0.05003674,0.8666362
12.771034208333276,1765056038.0304482,-0.03704968,1.4509672,-0.254698,-0.47987482,0.13575464,0.04935702,0.8653639
12.78870829166658,1765056038.0481222,-0.036474466,1.4503341,-0.25570226,-0.48120505,0.13700359,0.04846194,0.8644785
12.817069124999989,1765056038.076483,-0.035806358,1.4499633,-0.25721386,-0.481098,0.13847768,0.046765983,0.8643967
12.83448641666655,1765056038.0939004,-0.035521656,1.4500251,-0.25800917,-0.48005763,0.13948235,0.04587119,0.86486137
12.852388249999876,1765056038.111802,-0.035305977,1.4502409,-0.2585888,-0.47897622,0.14064002,0.045009594,0.8653186
12.87051716666656,1765056038.1299312,-0.035134226,1.4505807,-0.25892803,-0.47805905,0.1416837,0.044089515,0.8657028
12.888026833333242,1765056038.1474407,-0.034989595,1.4510217,-0.2590711,-0.47719082,0.14251573,0.04321165,0.86608946
12.91490404166666,1765056038.174318,-0.03481412,1.4519854,-0.2589755,-0.47566584,0.14377603,0.041730292,0.8667924
12.932344791666537,1765056038.1917586,-0.03476858,1.4528004,-0.25868535,-0.4746382,0.14456339,0.040457286,0.86728495
12.953319833333353,1765056038.2127337,-0.03473997,1.4540198,-0.25805187,-0.47352043,0.14513814,0.039038476,0.8678648
12.970664916666692,1765056038.230079,-0.03470421,1.4552958,-0.25727177,-0.4726576,0.1450866,0.03829108,0.86837685
12.988020208333182,1765056038.2474341,-0.034709215,1.4568504,-0.25627065,-0.47169513,0.14473507,0.037762873,0.86898184
13.005569208333327,1765056038.2649832,-0.034892797,1.4587386,-0.25497937,-0.47056076,0.14459348,0.036971327,0.8696542
13.026739083333268,1765056038.286153,-0.035451174,1.4615062,-0.25297046,-0.46890318,0.14499293,0.03542505,0.8705469
13.046076541666707,1765056038.3054905,-0.036230475,1.4645411,-0.2507877,-0.46670833,0.14532016,0.033945385,0.8717299
13.066183583333213,1765056038.3255975,-0.037257433,1.46824,-0.24828029,-0.46326813,0.14535587,0.032897387,0.8735972
13.08367475,1765056038.3430886,-0.03838101,1.4718897,-0.245872,-0.4593325,0.1455372,0.032266237,0.8756663
13.101093125000034,1765056038.360507,-0.039717346,1.4757992,-0.2432215,-0.4548461,0.14590494,0.031319138,0.8779783
13.11737587499988,1765056038.3767898,-0.041083574,1.4796615,-0.24046445,-0.45037588,0.14622845,0.030412834,0.88025784
13.134759124999846,1765056038.3941731,-0.04259801,1.4840248,-0.23714995,-0.44542262,0.14654477,0.029958697,0.8827377
13.151523708333343,1765056038.4109375,-0.044126034,1.4884086,-0.23357224,-0.44058704,0.14699687,0.029631263,0.88509715
13.168554916666608,1765056038.427969,-0.045792103,1.492977,-0.22954535,-0.43563512,0.14761463,0.028602185,0.88747615
13.186320291666561,1765056038.4457343,-0.04764104,1.4977973,-0.22492504,-0.43037018,0.1482735,0.026745342,0.88998944
13.203857749999997,1765056038.4632716,-0.049435854,1.5025902,-0.21998882,-0.4249007,0.14858548,0.024936875,0.89261407
13.221175916666652,1765056038.4805899,-0.051077604,1.5073078,-0.21478152,-0.41916865,0.14824112,0.023545368,0.8954149
13.250366041666666,1765056038.50978,-0.053659916,1.5150802,-0.20526671,-0.40924844,0.14676574,0.021284457,0.90029025
13.268010916666526,1765056038.5274248,-0.055192858,1.5196269,-0.19907163,-0.40331018,0.14562431,0.019470638,0.90319175
13.28555270833317,1765056038.5449667,-0.056662083,1.5240345,-0.19262743,-0.3974727,0.14413455,0.017740931,0.9060496
13.303289666666615,1765056038.5627036,-0.05802083,1.5283993,-0.18596244,-0.39145195,0.14218552,0.016602574,0.90899557
13.32079587499993,1765056038.5802097,-0.059262216,1.5326638,-0.17929319,-0.3853372,0.13980445,0.016090365,0.91198194
13.338143875000014,1765056038.5975578,-0.060488373,1.536882,-0.17259,-0.37896433,0.13680306,0.0155855855,0.91511095
13.355567749999864,1765056038.6149817,-0.061768293,1.5411522,-0.16584373,-0.37187013,0.1332607,0.014869235,0.9185495
13.387664541666709,1765056038.6470785,-0.06428003,1.5491128,-0.15353155,-0.35702023,0.1260701,0.013211144,0.92545575
13.405357541666717,1765056038.6647716,-0.06573939,1.5534356,-0.14692426,-0.34819207,0.122108914,0.012524107,0.9293518
13.422862791666603,1765056038.6822767,-0.067257315,1.5576162,-0.14059494,-0.33923134,0.1182138,0.011881342,0.93317014
13.453261791666591,1765056038.7126758,-0.07006693,1.5645137,-0.13008475,-0.32308328,0.11150264,0.0105041275,0.93972015
13.47068254166652,1765056038.7300966,-0.071721554,1.5681298,-0.12423253,-0.31417844,0.107809484,0.009898409,0.9431707
13.488242666666565,1765056038.7476566,-0.073363066,1.571421,-0.118355036,-0.3059613,0.10420597,0.009440373,0.9462767
13.505656000000045,1765056038.76507,-0.07493454,1.5743306,-0.1125774,-0.29834795,0.10079029,0.008811938,0.94907963
13.5233158333333,1765056038.7827299,-0.076476246,1.5769771,-0.10682486,-0.2910249,0.09764676,0.0080069695,0.9516856
13.551475125000024,1765056038.810889,-0.0788331,1.5806371,-0.09792948,-0.2802585,0.09353266,0.0069719115,0.95533144
13.569031208333172,1765056038.8284452,-0.080221,1.5826211,-0.09262773,-0.2740104,0.09139023,0.006480003,0.95735264
13.588016791666632,1765056038.8474307,-0.08160153,1.5845596,-0.08720182,-0.26730242,0.08927732,0.0061113127,0.9594486
13.616104166666673,1765056038.875518,-0.0834043,1.5871392,-0.07982254,-0.25728232,0.08595506,0.005963903,0.9624874
13.63356049999993,1765056038.8929744,-0.08438915,1.5885248,-0.07551531,-0.25178495,0.083589904,0.005877489,0.9641486
13.651205708333237,1765056038.9106197,-0.0852828,1.589689,-0.07130194,-0.24716572,0.081089556,0.0059225895,0.9655561
13.66853770833336,1765056038.9279516,-0.08607632,1.5907198,-0.06739994,-0.24292992,0.078583956,0.006257948,0.96683526
13.685939166666685,1765056038.945353,-0.08680844,1.591753,-0.06381869,-0.23824912,0.07605905,0.006843471,0.9681971
13.703645625000036,1765056038.9630597,-0.08755666,1.5927585,-0.060588088,-0.23286588,0.073504545,0.007507729,0.96969795
13.721067749999975,1765056038.9804816,-0.088297516,1.5936637,-0.0577452,-0.22749789,0.071183056,0.008104272,0.97113955
13.738392374999876,1765056038.9978063,-0.08900094,1.5944508,-0.055108547,-0.22264071,0.06931562,0.008687526,0.97239447
13.755887083333164,1765056039.015301,-0.08968273,1.5950948,-0.052595597,-0.21842942,0.067886546,0.009024571,0.9734467
13.782182416666501,1765056039.0415964,-0.09062591,1.5959264,-0.0491545,-0.2128041,0.06617337,0.009056493,0.97480947
13.799571583333318,1765056039.0589855,-0.091181755,1.5964665,-0.047205687,-0.20920129,0.06520317,0.00874831,0.9756571
13.816952041666582,1765056039.076366,-0.09168124,1.5969756,-0.04549241,-0.2057693,0.06444088,0.008392225,0.9764404
13.8344369583333,1765056039.0938509,-0.09211236,1.597408,-0.043902125,-0.20269465,0.06385884,0.008165049,0.97712344
13.851926999999932,1765056039.111341,-0.09246993,1.5977418,-0.042386055,-0.20025206,0.06345164,0.00793344,0.9776554
13.869465999999875,1765056039.12888,-0.09276095,1.5979954,-0.04092906,-0.19837463,0.06321313,0.007681796,0.97805554
13.887196874999972,1765056039.1466107,-0.092989355,1.5982207,-0.03953765,-0.19672091,0.06313387,0.007465359,0.9783963
13.904543833333264,1765056039.1639578,-0.09314799,1.5984123,-0.038276196,-0.1952944,0.06313392,0.0072237724,0.9786838
13.922057249999853,1765056039.181471,-0.09321952,1.5985206,-0.037083864,-0.19417374,0.06309933,0.006885448,0.97891146
13.951182166666513,1765056039.210596,-0.09313798,1.5985,-0.035171747,-0.19334958,0.062722676,0.006151123,0.9791037
13.968609541666638,1765056039.2280235,-0.092995405,1.5984182,-0.034031153,-0.1933712,0.062343378,0.005618448,0.9791268
13.986420583333256,1765056039.2458346,-0.09282032,1.5983415,-0.032906752,-0.19341612,0.06193502,0.0050353864,0.979147
14.003968374999886,1765056039.2633824,-0.09263015,1.5983143,-0.031853914,-0.19332223,0.06158582,0.0044781105,0.9791903
14.021445500000027,1765056039.2808595,-0.09242487,1.5983464,-0.030846119,-0.19313055,0.06125105,0.003887676,0.9792516
14.052099999999882,1765056039.311514,-0.092026144,1.5985881,-0.029190762,-0.19212198,0.060735818,0.0029195729,0.97948545
14.070032083333217,1765056039.329446,-0.091768205,1.5988328,-0.028273856,-0.19123197,0.06055128,0.0026143314,0.97967196
14.087624499999947,1765056039.3470385,-0.09149814,1.5991049,-0.027397156,-0.19025844,0.06038015,0.0024582734,0.9798724
14.105175291666683,1765056039.3645892,-0.09124294,1.5993443,-0.026496155,-0.18933801,0.060193352,0.0022751805,0.9800626
14.122634874999903,1765056039.3820488,-0.09101462,1.5995247,-0.025547266,-0.18865187,0.060002383,0.00193416,0.9802074
14.149781500000017,1765056039.4091954,-0.09069133,1.599785,-0.02405715,-0.18778703,0.059610203,0.0011494854,0.98039854
14.166523208333274,1765056039.4259372,-0.09051293,1.5999631,-0.023153102,-0.18713912,0.05934263,0.000678209,0.98053914
14.184811374999981,1765056039.4442253,-0.09036189,1.6001359,-0.02208134,-0.18659744,0.05916342,0.0004315286,0.9806533
14.202224958333318,1765056039.461639,-0.09025502,1.6002493,-0.020942688,-0.18647398,0.05914838,0.0003341256,0.9806777
14.219820666666692,1765056039.4792347,-0.09017086,1.6003416,-0.019753695,-0.18651657,0.059304472,0.00020795062,0.98066026
14.237148958333364,1765056039.496563,-0.090105206,1.6004314,-0.01860617,-0.18639903,0.05962417,8.359615e-05,0.9806632
14.25463779166671,1765056039.5140517,-0.090042114,1.6005135,-0.017484665,-0.18617855,0.060056552,1.6692375e-05,0.98067874
14.272063291666655,1765056039.5314772,-0.089972496,1.6005487,-0.016375303,-0.18613228,0.06053243,-8.310084e-05,0.98065823
14.28871854166664,1765056039.5481324,-0.089892864,1.6005266,-0.015322208,-0.18632972,0.061042823,-0.0001376798,0.9805891
14.306441124999992,1765056039.565855,-0.089818716,1.6004316,-0.01416254,-0.18661596,0.061625984,-2.3717663e-05,0.9804982
14.325009874999978,1765056039.5844238,-0.08975124,1.6002779,-0.012951851,-0.18703285,0.06222841,8.041888e-06,0.9803807
14.350322750000032,1765056039.6097367,-0.08965269,1.6000518,-0.011416894,-0.18756175,0.06287419,-0.00038091853,0.9802384
14.367695708333258,1765056039.6271098,-0.089576244,1.5998933,-0.010403633,-0.18787588,0.06322973,-0.00060134474,0.9801552
14.386156833333189,1765056039.6455708,-0.08948031,1.5996426,-0.00931285,-0.18848993,0.06363945,-0.00054599746,0.98001087
14.403534874999878,1765056039.6629488,-0.089377165,1.5993402,-0.008290529,-0.18935941,0.06414433,-0.00024938228,0.9798104
14.420920249999881,1765056039.680334,-0.089263916,1.599046,-0.007340908,-0.19017026,0.06475164,0.00011774376,0.9796134
14.44114429166666,1765056039.7005582,-0.08912349,1.598763,-0.0063655376,-0.1907301,0.0655776,0.00043192675,0.97944957
14.46471941666664,1765056039.7241335,-0.088908195,1.5984339,-0.0052964687,-0.1916442,0.066612095,0.0008582811,0.979201
14.484227791666626,1765056039.7436419,-0.088670015,1.5981565,-0.0044288635,-0.19257432,0.06748583,0.0013029688,0.9789582
14.501689916666692,1765056039.7611039,-0.088446796,1.5979563,-0.0036888467,-0.19313729,0.068202764,0.001605245,0.97879714
14.521074333333218,1765056039.7804883,-0.08819389,1.5978148,-0.0029661655,-0.19332375,0.06902219,0.0017031613,0.9787027
14.549263708333228,1765056039.8086777,-0.08780599,1.5977548,-0.0021271706,-0.19314642,0.07049318,0.001559874,0.9786331
14.566721166666639,1765056039.8261352,-0.087551594,1.5977697,-0.0017268658,-0.19287984,0.07137729,0.0012958361,0.97862196
14.584174749999875,1765056039.8435886,-0.08727193,1.5978155,-0.001418829,-0.19252774,0.07213789,0.001068566,0.9786358
14.60153220833331,1765056039.8609462,-0.08699098,1.5978702,-0.0011887378,-0.1922144,0.072727285,0.00083694025,0.978654
14.618955916666664,1765056039.8783698,-0.08670336,1.5979309,-0.0010084761,-0.19199619,0.07318174,0.0006715677,0.9786631
14.636340374999918,1765056039.8957543,-0.08640075,1.5979713,-0.0008494854,-0.19194663,0.073569044,0.0005857239,0.97864383
14.65389499999992,1765056039.9133089,-0.086089134,1.5979886,-0.0006906986,-0.19208896,0.07395445,0.0005660235,0.97858685
14.671259041666644,1765056039.930673,-0.085774094,1.5980016,-0.0005369014,-0.19238304,0.07436634,0.00062866596,0.97849786
14.6887255416666,1765056039.9481394,-0.08545461,1.5980148,-0.00040052595,-0.19270116,0.074795924,0.00073155086,0.97840244
14.718412250000029,1765056039.977826,-0.08500171,1.5979509,-0.00040912628,-0.19326223,0.07568153,0.00091589737,0.9782235
14.736472999999933,1765056039.995887,-0.08475536,1.5978745,-0.0004363405,-0.19381288,0.076277606,0.000890805,0.9780683
14.753255083333215,1765056040.012669,-0.084531546,1.5978075,-0.0004477501,-0.19443703,0.076819755,0.000745986,0.97790205
14.770655000000033,1765056040.0300689,-0.08430377,1.5977575,-0.0004730052,-0.19504304,0.07737941,0.00051956426,0.97773737
14.787391166666566,1765056040.0468051,-0.08410373,1.5977105,-0.00050543016,-0.19553237,0.077935874,0.0002354568,0.9775955
14.8049654583333,1765056040.0643795,-0.08390832,1.5976638,-0.00054335594,-0.1960239,0.078521624,-0.00013170429,0.97745025
14.822365416666571,1765056040.0817795,-0.083713055,1.5976322,-0.00059103966,-0.19651845,0.07905928,-0.000530654,0.97730744
14.848014708333267,1765056040.1074286,-0.08341089,1.5976143,-0.000659687,-0.19726558,0.07971588,-0.0011119319,0.9771031
14.865393999999924,1765056040.124808,-0.0831992,1.5976257,-0.00069717044,-0.19779927,0.080060445,-0.0013778285,0.97696674
14.88400470833335,1765056040.1434186,-0.08297044,1.5976613,-0.0007493151,-0.19828601,0.08032502,-0.0015756111,0.976846
14.90142058333322,1765056040.1608346,-0.08278394,1.5977094,-0.00083589554,-0.19852296,0.08052191,-0.0016405368,0.97678155
14.919803708333347,1765056040.1792176,-0.08260918,1.5977703,-0.0009551048,-0.19865057,0.08078255,-0.0016879741,0.976734
14.93632912499993,1765056040.195743,-0.082457125,1.5978137,-0.0010401858,-0.19884571,0.081062,-0.0018872492,0.97667074
14.95425929166663,1765056040.2136734,-0.08229065,1.5978324,-0.001085043,-0.1993955,0.0812917,-0.0022948661,0.9765387
14.971689333333188,1765056040.2311032,-0.082114935,1.5978541,-0.0011301041,-0.19985494,0.0813745,-0.0026729824,0.97643685
14.989242124999919,1765056040.248656,-0.08193278,1.5979146,-0.0012331009,-0.20003304,0.081336536,-0.0029527175,0.9764028
15.006688458333201,1765056040.2661023,-0.08175802,1.5979952,-0.0013873577,-0.19996926,0.08126259,-0.0032029145,0.97642124
15.024492208333186,1765056040.2839062,-0.0815869,1.5980704,-0.0015680445,-0.19989254,0.081169754,-0.0034361312,0.9764438
15.052579583333227,1765056040.3119936,-0.08132583,1.5980953,-0.0018164767,-0.20028435,0.08095525,-0.0037803357,0.9763801
15.070564083333238,1765056040.329978,-0.08117223,1.5980475,-0.0019216537,-0.20087694,0.0808404,-0.0039912597,0.9762671
15.088138583333375,1765056040.3475525,-0.08103734,1.5979644,-0.0019976748,-0.20159039,0.08080591,-0.0041744276,0.9761221
15.117102041666612,1765056040.376516,-0.0808889,1.5977095,-0.0021452731,-0.20274173,0.08095561,-0.0043689036,0.9758703
15.134635458333378,1765056040.3940494,-0.08081287,1.597545,-0.0022366391,-0.20334707,0.08107376,-0.004468805,0.9757341
15.153054500000053,1765056040.4124684,-0.08073202,1.5973868,-0.0023116893,-0.20398617,0.08113861,-0.004634344,0.9755945
15.170453250000037,1765056040.4298673,-0.08065367,1.5972395,-0.0023510456,-0.20463124,0.08110817,-0.004952482,0.9754604
15.188228166666704,1765056040.447642,-0.08055496,1.5970902,-0.0023481846,-0.20529553,0.08097384,-0.0053009093,0.9753302
15.218612833333282,1765056040.4780269,-0.08036256,1.5968543,-0.0022571087,-0.20622009,0.08067895,-0.005582658,0.975158
15.237071624999999,1765056040.4964855,-0.080254376,1.5967498,-0.002168144,-0.20658174,0.08051009,-0.0056627546,0.9750949
15.25645899999995,1765056040.515873,-0.08015323,1.5967029,-0.0020635128,-0.20669529,0.08032745,-0.0057787714,0.9750852
15.272915833333172,1765056040.5323298,-0.08006889,1.5967045,-0.0019662036,-0.20661479,0.08020625,-0.00584581,0.97511184
15.289832041666614,1765056040.549246,-0.07997814,1.5967298,-0.00183819,-0.20652036,0.080053315,-0.00595785,0.97514373
15.308093749999898,1765056040.5675077,-0.079894304,1.5967538,-0.0016498566,-0.20639165,0.07983854,-0.0061974856,0.9751871
15.325549874999979,1765056040.5849638,-0.07981482,1.5967903,-0.0014290637,-0.20621404,0.07959123,-0.006447899,0.9752433
15.353053000000045,1765056040.612467,-0.07965559,1.596919,-0.0010595666,-0.20574147,0.07920388,-0.006542127,0.975374
15.370415124999909,1765056040.6298292,-0.07955542,1.5970235,-0.00083635515,-0.20525186,0.07900079,-0.006538955,0.97549367
15.387823249999883,1765056040.6472373,-0.07946873,1.5971149,-0.00062537193,-0.20477992,0.07877871,-0.006628431,0.97561014
15.405324333333283,1765056040.6647382,-0.07939625,1.5971838,-0.00041031837,-0.20447358,0.07854043,-0.006836812,0.97569215
15.422814666666682,1765056040.6822286,-0.07933965,1.5972445,-0.00017355148,-0.20434147,0.07828922,-0.0071079666,0.9757381
15.455000916666677,1765056040.7144148,-0.07928148,1.5973655,0.00025679407,-0.20434734,0.07801769,-0.007389155,0.9757565
15.473545041666512,1765056040.732959,-0.07927704,1.5974555,0.00045967102,-0.20422758,0.07793317,-0.007484472,0.97578764
15.491216916666644,1765056040.7506309,-0.07935208,1.597485,0.0006742132,-0.20410468,0.07780471,-0.0076550688,0.97582227
15.521641583333349,1765056040.7810555,-0.07956511,1.5974475,0.0010750638,-0.2040559,0.077679425,-0.0076937326,0.9758421
15.549228083333219,1765056040.8086421,-0.07978025,1.5974294,0.0014279061,-0.20419855,0.07799533,-0.0074855443,0.9757887
15.566597874999843,1765056040.826012,-0.079933554,1.5974343,0.0016410523,-0.20442215,0.07831094,-0.007620478,0.9757156
15.584186999999929,1765056040.843601,-0.080075264,1.597421,0.0018308163,-0.20461106,0.07862713,-0.0077882665,0.97564924
15.601624624999886,1765056040.8610387,-0.08019495,1.5974109,0.001962185,-0.20456906,0.07890101,-0.007831396,0.9756356
15.619064958333183,1765056040.878479,-0.08030319,1.597431,0.0020403862,-0.20437041,0.079093754,-0.0077577913,0.97566223
15.636436125000046,1765056040.8958502,-0.08040458,1.5974451,0.0021002637,-0.2042304,0.07924217,-0.0075785676,0.9756809
15.653865083333358,1765056040.913279,-0.080498695,1.5974414,0.0021698475,-0.20431888,0.079389215,-0.007323742,0.97565234
15.671182249999902,1765056040.930596,-0.08058828,1.5974371,0.0022318019,-0.20447041,0.07956636,-0.0070756343,0.975608
15.688750291666565,1765056040.9481642,-0.08068085,1.5974536,0.002266407,-0.20460823,0.079828456,-0.0068351463,0.9755595
15.706250624999939,1765056040.9656646,-0.08075157,1.5974133,0.0023250752,-0.20472966,0.08014346,-0.0066314675,0.9755095
15.723753458333249,1765056040.9831674,-0.08079052,1.5972996,0.0024187565,-0.20508206,0.080500424,-0.0064197956,0.97540754
15.753804833333334,1765056041.0132189,-0.08081642,1.5970653,0.0026145154,-0.2060508,0.08113417,-0.0060861493,0.97515297
15.771325083333295,1765056041.030739,-0.08082032,1.5969517,0.0027287006,-0.20667082,0.08150092,-0.0060676415,0.97499126
15.788780791666568,1765056041.0481946,-0.0808239,1.5968342,0.0028278828,-0.20728761,0.08184932,-0.00612893,0.97483075
15.818193416666645,1765056041.0776074,-0.0808205,1.5966926,0.0029058112,-0.20809695,0.08233087,-0.0063281483,0.97461647
15.83571429166659,1765056041.0951283,-0.08080569,1.5966316,0.0029208832,-0.20855288,0.082486935,-0.0065001626,0.97450465
15.853928750000023,1765056041.1133428,-0.08077374,1.596568,0.0029270821,-0.20910892,0.08247028,-0.006653053,0.97438586
15.871272333333309,1765056041.1306863,-0.08073473,1.5965387,0.0029017925,-0.20942959,0.08234816,-0.0066578006,0.9743273
15.888732124999933,1765056041.1481462,-0.080688,1.5965261,0.002872467,-0.20961975,0.08221622,-0.0065318714,0.9742984
15.90800975000002,1765056041.1674237,-0.080717325,1.5964489,0.002925396,-0.21006788,0.08219415,-0.006369659,0.9742048
15.925448666666625,1765056041.1848626,-0.08079243,1.596354,0.003004074,-0.21060093,0.08237988,-0.00617342,0.9740753
15.952126958333338,1765056041.211541,-0.080878735,1.5962937,0.003051281,-0.21083798,0.082536735,-0.005985828,0.97401196
15.97010162499987,1765056041.2295156,-0.08090782,1.5962484,0.0030639172,-0.21089645,0.0824954,-0.005963404,0.9740029
15.9873844166666,1765056041.2467983,-0.08092061,1.5961212,0.0031454735,-0.21141721,0.08230565,-0.005930472,0.9739062
16.004796416666522,1765056041.2642105,-0.08092713,1.5959516,0.0032820702,-0.21225505,0.08203454,-0.0058663236,0.9737473
16.021436374999894,1765056041.2808504,-0.08093929,1.5958692,0.0033693314,-0.21260487,0.081875384,-0.005718111,0.9736852
16.049150708333173,1765056041.3085647,-0.08102083,1.5959852,0.0033791065,-0.21181495,0.08193579,-0.0056740083,0.9738526
16.066544833333182,1765056041.3259587,-0.081125975,1.5961533,0.0033876896,-0.21111068,0.08223725,-0.0058523593,0.973979
16.087553916666593,1765056041.346968,-0.08129567,1.596421,0.0033874167,-0.21015875,0.082800955,-0.0060891644,0.97413564
16.104969083333344,1765056041.364383,-0.08145809,1.5967046,0.0033049583,-0.20904729,0.08327169,-0.0064074607,0.9743326
16.122405083333206,1765056041.381819,-0.081642866,1.597025,0.0031473637,-0.20771131,0.08367728,-0.0069144974,0.9745801
16.14889141666663,1765056041.4083054,-0.081942976,1.5974154,0.0029229773,-0.20629343,0.08409292,-0.007609203,0.9748403
16.16655554166664,1765056041.4259696,-0.08214402,1.5975946,0.002812624,-0.20593804,0.084410354,-0.0076807565,0.9748874
16.18495166666662,1765056041.4443657,-0.08240691,1.5977068,0.0026874715,-0.20563361,0.08493929,-0.0075642513,0.9749066
16.20257829166667,1765056041.4619923,-0.08270383,1.5977792,0.0025339127,-0.20531468,0.08553697,-0.007508044,0.974922
16.220680124999944,1765056041.4800942,-0.0830124,1.5978444,0.0023560869,-0.20501173,0.08607846,-0.0074539315,0.9749385
16.238025416666687,1765056041.4974394,-0.083286285,1.5978777,0.0021891594,-0.20492525,0.086518265,-0.0072206846,0.97491956
16.255402833333164,1765056041.5148168,-0.08355355,1.5978937,0.002026081,-0.20498598,0.08692961,-0.0068941927,0.9748725
16.27317595833324,1765056041.53259,-0.08382931,1.5979347,0.0018415623,-0.20501706,0.087335624,-0.0065949527,0.97483176
16.29088724999997,1765056041.5503013,-0.08410472,1.5980319,0.0016085757,-0.20471035,0.08777348,-0.0062474343,0.97485924
16.316801083333303,1765056041.576215,-0.08455086,1.5982003,0.0012321472,-0.20406011,0.08846179,-0.0056356792,0.974937
16.334202958333208,1765056041.593617,-0.08485642,1.5982945,0.001008051,-0.2038067,0.0889778,-0.00524158,0.97494525
16.351550041666542,1765056041.610964,-0.085148245,1.5983967,0.0008118325,-0.20358616,0.08953846,-0.0049253893,0.9749417
16.36911341666655,1765056041.6285274,-0.08542657,1.5985088,0.0006477833,-0.20339082,0.0901518,-0.004656352,0.9749273
16.38724045833328,1765056041.6466544,-0.08567691,1.5985954,0.00052142143,-0.20327328,0.09081718,-0.004433773,0.974891
16.404615458333183,1765056041.6640294,-0.08587241,1.5986773,0.00042295456,-0.20315494,0.09138928,-0.004287566,0.9748629
16.422018541666603,1765056041.6814325,-0.0860253,1.5988215,0.000314747,-0.20277265,0.09179766,-0.004128536,0.9749048
16.439367958333378,1765056041.698782,-0.086135864,1.5990231,0.00019264221,-0.20213474,0.091990314,-0.004048604,0.97501945
16.45682662499985,1765056041.7162406,-0.08621216,1.5992695,8.511543e-05,-0.20133427,0.09202197,-0.0039912285,0.9751823
16.48029974999986,1765056041.7397137,-0.08627176,1.5996485,3.0994415e-06,-0.2001194,0.09196595,-0.0038746812,0.9754381
16.497669708333206,1765056041.7570837,-0.08631343,1.5999304,-2.0538497e-05,-0.19928364,0.091893315,-0.0038230843,0.9756162
16.516840083333364,1765056041.776254,-0.08636457,1.6002144,-2.6429963e-05,-0.1984184,0.09173084,-0.0038776274,0.9758076
16.534120499999972,1765056041.7935345,-0.08639282,1.6004521,-3.4605193e-05,-0.19752304,0.0914441,-0.0039981874,0.9760157
16.551246624999976,1765056041.8106606,-0.086405754,1.6006501,-3.385544e-05,-0.19673552,0.0909873,-0.004059273,0.97621715
16.56873495833338,1765056041.8281488,-0.0863854,1.6007819,2.838906e-05,-0.19638261,0.09044586,-0.0039993147,0.9763388
16.586243916666717,1765056041.8456578,-0.08639407,1.6008086,0.000113487244,-0.19645382,0.08985366,-0.003766165,0.97638005
16.603643624999904,1765056041.8630576,-0.08644271,1.6007631,0.00019717216,-0.19681695,0.08929461,-0.0035733655,0.97635895
16.620875041666523,1765056041.880289,-0.08653331,1.6007428,0.00022435188,-0.1969102,0.08892412,-0.0033662638,0.9763747
16.648247916666605,1765056041.907662,-0.086756706,1.6008394,0.00011968613,-0.19616267,0.08852554,-0.003317586,0.97656155
16.66615324999998,1765056041.9255672,-0.08693576,1.6008604,4.887581e-05,-0.19585922,0.0883215,-0.003536185,0.9766401
16.685962791666498,1765056041.9453766,-0.08716011,1.6008116,7.1525574e-06,-0.19586991,0.08820397,-0.0038282897,0.9766475
16.703371041666514,1765056041.962785,-0.08740258,1.6007535,-3.671646e-05,-0.19588174,0.088188425,-0.0041342233,0.97664535
16.720514958333297,1765056041.979929,-0.08769345,1.6007254,-0.00011301041,-0.19570073,0.08829544,-0.0045215865,0.9766702
16.737840916666528,1765056041.9972548,-0.08800998,1.6007335,-0.00021598999,-0.19535336,0.088501915,-0.0049450956,0.97671896
16.756181749999996,1765056042.0155957,-0.08835673,1.6007673,-0.00033211708,-0.19492593,0.08872989,-0.005299307,0.97678185
16.77343783333322,1765056042.0328517,-0.08868337,1.6008277,-0.0004208088,-0.19451968,0.08894765,-0.0054882225,0.976842
16.791027499999927,1765056042.0504415,-0.089006186,1.600915,-0.0004990101,-0.19400327,0.08918886,-0.0054806606,0.97692275
16.819708583333295,1765056042.0791225,-0.089497805,1.6011777,-0.00065493584,-0.19261067,0.08943871,-0.005265774,0.9771766
16.83657233333338,1765056042.0959864,-0.08977032,1.6014462,-0.00076174736,-0.19132885,0.08943976,-0.0052361195,0.97742844
16.854086916666574,1765056042.1135008,-0.09003997,1.6018274,-0.0008890629,-0.18955839,0.08927173,-0.0053481967,0.9777881
16.871711125000047,1765056042.131125,-0.09028363,1.6023972,-0.0010199547,-0.18706052,0.088777885,-0.0055795736,0.97831273
16.88873912500003,1765056042.148153,-0.09047699,1.6031492,-0.0011417866,-0.1839556,0.0879668,-0.0057193884,0.9789737
16.916952833333198,1765056042.1763668,-0.09079242,1.6047885,-0.0013480186,-0.17689519,0.08599618,-0.0056932056,0.9804491
16.934043833333362,1765056042.1934578,-0.09097153,1.6061237,-0.0015234603,-0.17106666,0.084579624,-0.0057955715,0.98160523
16.95146312499992,1765056042.2108772,-0.09114185,1.6077697,-0.001732809,-0.16388574,0.08313087,-0.005995649,0.98295206
16.96897891666663,1765056042.2283928,-0.091290474,1.6095812,-0.0018818378,-0.15610936,0.08157019,-0.0062411595,0.9843461
16.986483249999992,1765056042.2458973,-0.09141374,1.611397,-0.0018362999,-0.1486866,0.07984478,-0.006395597,0.9856349
17.003888083333322,1765056042.263302,-0.0915207,1.6131184,-0.0015637702,-0.14203206,0.07796402,-0.0064376774,0.986766
17.021472249999988,1765056042.2808862,-0.09163523,1.6147476,-0.0011119843,-0.13603303,0.075992234,-0.006410835,0.9877647
17.038381458333333,1765056042.2977955,-0.09177056,1.61621,-0.0005550212,-0.13089201,0.074131235,-0.00636597,0.9886007
17.055853083333204,1765056042.315267,-0.09195271,1.6176524,7.89338e-05,-0.12587073,0.072224766,-0.0063890982,0.9893934
17.073880708333263,1765056042.3332946,-0.09219885,1.6191378,0.00072574615,-0.12058026,0.07029336,-0.006666513,0.9901893
17.0914350416665,1765056042.350849,-0.09247613,1.6205847,0.0013372898,-0.11528477,0.06836923,-0.0070210104,0.99095196
17.11913920833331,1765056042.3785532,-0.092989355,1.6227391,0.0023389035,-0.10722162,0.064999074,-0.0072589475,0.99208164
17.1360259999999,1765056042.3954399,-0.09338832,1.6238401,0.0030367374,-0.103072464,0.06288331,-0.00721638,0.9926579
17.15416624999989,1765056042.4135802,-0.09391379,1.6247864,0.0039024353,-0.09939293,0.060693137,-0.0069642793,0.99317116
17.17160187499985,1765056042.4310157,-0.094525814,1.6255218,0.0048274994,-0.09636046,0.058638852,-0.006670665,0.9935953
17.188557958333377,1765056042.4479718,-0.09525719,1.6260929,0.0057842904,-0.093644366,0.056683015,-0.006431575,0.99397004
17.216076666666595,1765056042.4754906,-0.09669566,1.6266694,0.0075199604,-0.09023869,0.053727165,-0.006088743,0.9944513
17.233505583333226,1765056042.4929194,-0.0977397,1.626853,0.008769274,-0.0888272,0.052061897,-0.0058646617,0.99466825
17.254310791666512,1765056042.5137248,-0.099121094,1.6270247,0.010355234,-0.087279715,0.050287787,-0.0056542526,0.99489766
17.271746958333324,1765056042.5311608,-0.100388676,1.6271831,0.011726159,-0.08582806,0.048990857,-0.0054864427,0.9950896
17.289235458333224,1765056042.5486493,-0.101751804,1.6273043,0.013162851,-0.08448963,0.047813978,-0.0053741485,0.995262
17.316551541666513,1765056042.5759654,-0.10409117,1.62741,0.015590191,-0.0828457,0.046192065,-0.0052976273,0.9954772
17.33378212499997,1765056042.5931962,-0.10566664,1.6274288,0.017213345,-0.08194558,0.04522895,-0.0052763084,0.99559605
17.35116149999999,1765056042.6105754,-0.107314646,1.6273926,0.018918788,-0.08117477,0.04423234,-0.005290651,0.9957038
17.36856495833331,1765056042.6279788,-0.10902357,1.6273143,0.02068019,-0.08052423,0.04321212,-0.0053698653,0.99580103
17.38605574999997,1765056042.6454697,-0.11080828,1.6271894,0.022470491,-0.079871856,0.042171735,-0.005461494,0.9958977
17.403408749999926,1765056042.6628227,-0.11264634,1.627022,0.024259567,-0.07917916,0.041138783,-0.0055570165,0.99599564
17.4208244583333,1765056042.6802385,-0.114556015,1.6268166,0.026087249,-0.078495845,0.04016169,-0.005632602,0.9960892
17.43820608333317,1765056042.6976202,-0.11652923,1.6265484,0.027983665,-0.07801867,0.03929007,-0.0056471024,0.9961614
17.45556149999993,1765056042.7149754,-0.118570715,1.6262126,0.029964464,-0.07790751,0.038560316,-0.005747906,0.996198
17.48281395833328,1765056042.742228,-0.12191075,1.6255856,0.03317591,-0.07802409,0.0376688,-0.006066201,0.9962211
17.50017762499988,1765056042.7595916,-0.124102116,1.625134,0.035241127,-0.07793811,0.037239138,-0.006215645,0.99624306
17.517612541666495,1765056042.7770264,-0.12633005,1.6245991,0.037295837,-0.077818915,0.036893234,-0.0063893893,0.99626416
17.535030333333225,1765056042.7944443,-0.12856832,1.6239251,0.03928711,-0.077995315,0.03650688,-0.0066909506,0.9962626
17.552434916666698,1765056042.8118489,-0.13079667,1.6230328,0.041222334,-0.07872824,0.035975154,-0.0071948697,0.9962208
17.56978945833316,1765056042.8292034,-0.13299155,1.6218516,0.04311776,-0.08036739,0.035261326,-0.007861695,0.99611044
17.58755099999985,1765056042.846965,-0.13518953,1.6202409,0.045009375,-0.083105184,0.034304548,-0.008620801,0.99591285
17.60491629166654,1765056042.8643303,-0.13728085,1.6182617,0.046782274,-0.08672345,0.033091877,-0.009473148,0.9956376
17.622402875000034,1765056042.8818169,-0.13932869,1.6159567,0.048467927,-0.09118687,0.03161573,-0.010335571,0.9952781
17.648527708333177,1765056042.9079416,-0.14226198,1.6121577,0.050751925,-0.09913906,0.029398683,-0.010941669,0.994579
17.666238625000005,1765056042.9256525,-0.14416146,1.6094899,0.052155733,-0.10525633,0.028130773,-0.010888974,0.9939875
17.68413908333332,1765056042.943553,-0.1460073,1.6068156,0.05349803,-0.11186119,0.027050914,-0.010669651,0.9932983
17.70151974999999,1765056042.9609337,-0.14775175,1.6042858,0.054672685,-0.11845855,0.026223378,-0.010357201,0.99255866
17.719036666666625,1765056042.9784505,-0.14945045,1.6019056,0.05573227,-0.1249577,0.025619557,-0.009865473,0.9917822
17.73552754166667,1765056042.9949415,-0.15096563,1.5998807,0.056658473,-0.13078845,0.025313782,-0.009255885,0.99104387
17.75427462499988,1765056043.0136886,-0.15258852,1.5978009,0.057656545,-0.13718556,0.025270203,-0.008506805,0.99018645
17.784079291666558,1765056043.0434933,-0.15492725,1.5949824,0.059139967,-0.146814,0.025694098,-0.007463543,0.9888022
17.801627583333357,1765056043.0610416,-0.15615717,1.5935954,0.05984666,-0.15166102,0.026135143,-0.006960573,0.98806244
17.821018374999994,1765056043.0804324,-0.1573855,1.5922494,0.060441274,-0.15620348,0.026681436,-0.006443988,0.98734343
17.85368629166669,1765056043.1131003,-0.15916005,1.5902779,0.061175603,-0.16313414,0.02726708,-0.005638038,0.9862109
17.871280166666565,1765056043.1306942,-0.15998507,1.5893583,0.061448336,-0.16664349,0.027536176,-0.0052512763,0.98561865
17.888828500000045,1765056043.1482425,-0.16073361,1.5884959,0.06167199,-0.17031561,0.027786436,-0.0050066956,0.984985
17.91488612499984,1765056043.1743002,-0.16174203,1.587258,0.061871085,-0.17622052,0.028067183,-0.004753829,0.983939
17.9324795,1765056043.1918933,-0.16233873,1.586497,0.061865807,-0.1801341,0.028255196,-0.00453033,0.98322576
17.952023833333214,1765056043.2114377,-0.16293979,1.5857625,0.06170869,-0.18424316,0.028438441,-0.0043186694,0.9824597
17.969495166666547,1765056043.228909,-0.16344252,1.585226,0.061419506,-0.18752475,0.028599495,-0.0042242846,0.98183435
17.986562041666502,1765056043.245976,-0.16396156,1.5846915,0.061042804,-0.1905219,0.028852334,-0.0041668415,0.98125
18.012928958333305,1765056043.272343,-0.16472942,1.5838182,0.060345683,-0.19512823,0.029482767,-0.0039998335,0.9803263
18.030353416666685,1765056043.2897673,-0.1651547,1.5833026,0.059779167,-0.19781241,0.029941507,-0.0040011774,0.9797743
18.047844749999967,1765056043.3072586,-0.1655078,1.5828037,0.059165478,-0.20042747,0.030343553,-0.0040951874,0.97923
18.065288208333186,1765056043.3247023,-0.16578197,1.5822544,0.058578014,-0.20331462,0.03064485,-0.0041400976,0.978625
18.083216541666616,1765056043.3426304,-0.16601825,1.581654,0.057997227,-0.2064188,0.030890835,-0.0043061604,0.97796655
18.100781291666635,1765056043.3601952,-0.16628122,1.5810628,0.05747223,-0.20955831,0.031213166,-0.004591718,0.9772871
18.118147291666673,1765056043.3775613,-0.16655922,1.580499,0.05697179,-0.21258919,0.031625457,-0.004796066,0.976618
18.135573791666502,1765056043.3949878,-0.16680902,1.580009,0.05642244,-0.21535228,0.031999905,-0.004943764,0.9759995
18.152526291666618,1765056043.4119403,-0.16701761,1.5795879,0.05583169,-0.21776193,0.032275308,-0.0050658113,0.975455
18.17004879166666,1765056043.4294627,-0.16719475,1.5791907,0.055164833,-0.22004674,0.032531187,-0.0050556487,0.9749336
18.187323749999905,1765056043.4467378,-0.16735578,1.5788069,0.054432154,-0.22191617,0.032746777,-0.0050174766,0.9745028
18.21830841666656,1765056043.4777224,-0.16755843,1.5780371,0.052973032,-0.22548556,0.032880463,-0.0050672274,0.97367835
18.23586262499998,1765056043.4952767,-0.16760707,1.5775826,0.05212307,-0.22776835,0.032896638,-0.0050780415,0.97314626
18.254017458333237,1765056043.5134313,-0.16763544,1.5771861,0.051239252,-0.22998367,0.032927334,-0.005283113,0.97262293
18.270954874999916,1765056043.5303688,-0.16764998,1.576905,0.050423384,-0.23184118,0.033002995,-0.005646502,0.97217727
18.28990449999992,1765056043.5493186,-0.16763616,1.5767202,0.049506187,-0.2335916,0.033100616,-0.0060900054,0.97175217
18.315239999999903,1765056043.5746539,-0.167615,1.5766907,0.04830006,-0.234942,0.033184174,-0.006669083,0.9714199
18.332768249999845,1765056043.5921822,-0.16759229,1.5767379,0.047534704,-0.235664,0.033160612,-0.0071045677,0.9712427
18.34991095833334,1765056043.609325,-0.16754293,1.5767863,0.04687357,-0.2365912,0.033149943,-0.007360002,0.9710157
18.367527999999993,1765056043.626942,-0.16747117,1.5768931,0.04623723,-0.23747337,0.03324092,-0.007397902,0.97079694
18.385041999999885,1765056043.644456,-0.16739148,1.577159,0.045576062,-0.23762056,0.033436622,-0.007261151,0.9707553
18.401672250000047,1765056043.6610863,-0.16730109,1.5775878,0.04491212,-0.23700663,0.033675168,-0.0070666973,0.9708985
18.419126499999948,1765056043.6785405,-0.16717425,1.5781909,0.04423358,-0.23587419,0.03394467,-0.006779473,0.9711669
18.4366744583333,1765056043.6960883,-0.16700816,1.578924,0.043620348,-0.23442516,0.03432801,-0.006450944,0.9715064
18.45419866666657,1765056043.7136126,-0.16682696,1.5797362,0.043133497,-0.23275408,0.034762356,-0.006310888,0.97189367
18.47164308333322,1765056043.731057,-0.16658774,1.5806142,0.042756815,-0.23106486,0.03516517,-0.006374271,0.97228175
18.48927125,1765056043.7486851,-0.16625118,1.5815747,0.042432547,-0.2292074,0.035454623,-0.0064203246,0.9727105
18.518317000000025,1765056043.777731,-0.16554475,1.5833161,0.041840076,-0.22526208,0.035436716,-0.006671105,0.9736307
18.535711541666615,1765056043.7951255,-0.16500854,1.5844204,0.0414176,-0.2224424,0.03515361,-0.006899867,0.9742874
18.553722291666645,1765056043.8131363,-0.16432944,1.58552,0.040995855,-0.21969512,0.034855478,-0.0068809814,0.97492146
18.571034458333315,1765056043.8304484,-0.16354313,1.586515,0.040635604,-0.21746926,0.03462834,-0.006624103,0.97543025
18.58873091666669,1765056043.8481448,-0.1626141,1.5875034,0.04033017,-0.21552546,0.03427511,-0.0065384675,0.9758746
18.615187291666643,1765056043.8746014,-0.16096354,1.5890018,0.03998661,-0.2129545,0.03325085,-0.006925353,0.9764716
18.632796708333217,1765056043.8922107,-0.15966573,1.5900356,0.039837617,-0.2112795,0.032232348,-0.007183928,0.9768677
18.651704749999908,1765056043.9111187,-0.1580882,1.5912257,0.03974247,-0.2093006,0.030928083,-0.007316175,0.97733474
18.669616375000032,1765056043.9290304,-0.15643144,1.5924668,0.03970194,-0.2070279,0.029579652,-0.0072532203,0.97786087
18.68754679166659,1765056043.9469607,-0.15464449,1.5938172,0.039702654,-0.20431034,0.02827474,-0.007070374,0.97847223
18.720136208333315,1765056043.9795501,-0.15121865,1.5964463,0.039773703,-0.19847529,0.026282676,-0.0069228057,0.97972894
18.73758487500004,1765056043.9969988,-0.1492846,1.5979096,0.039810896,-0.19497898,0.025329862,-0.006988262,0.9804554
18.755139666666537,1765056044.0145535,-0.14725971,1.59937,0.039842844,-0.19147015,0.024371509,-0.007079723,0.98117024
18.786607333333222,1765056044.0460212,-0.14349222,1.6019118,0.03985238,-0.1855056,0.02256276,-0.0073138047,0.9823569
18.804087125000024,1765056044.0635011,-0.14136934,1.6032227,0.039768696,-0.18243879,0.02146006,-0.007478535,0.98295456
18.821595791666596,1765056044.0810099,-0.13923088,1.6044683,0.03957178,-0.17941862,0.020383444,-0.0073492415,0.98353416
18.85472387499999,1765056044.114138,-0.13518253,1.6068417,0.03880002,-0.1729255,0.018746305,-0.0062386976,0.98473674
18.872175291666508,1765056044.1315892,-0.13308549,1.6080225,0.03821802,-0.16946958,0.018232465,-0.0054284954,0.9853518
18.889659833333326,1765056044.1490738,-0.13102594,1.6090821,0.037558336,-0.16639179,0.017996361,-0.0046864464,0.98588437
18.917990333333364,1765056044.1774044,-0.12773687,1.6105231,0.03630093,-0.16215408,0.01802992,-0.0037483168,0.98659354
18.935544916666686,1765056044.194959,-0.12572765,1.6112313,0.035401106,-0.1598407,0.018100549,-0.0035486221,0.9869705
18.953222624999853,1765056044.2126365,-0.12372422,1.6118143,0.03441,-0.15800571,0.018080128,-0.003699648,0.98726577
18.980678333333344,1765056044.2400923,-0.12059069,1.6125574,0.0327096,-0.15633416,0.01799814,-0.0037119738,0.9875333
18.999029958333267,1765056044.2584438,-0.11851019,1.6129458,0.031485762,-0.15594864,0.018165117,-0.0032222362,0.98759294
19.01711033333322,1765056044.2765243,-0.116505384,1.6132617,0.030231714,-0.15595596,0.01872908,-0.0026057917,0.98758304
19.034482208333202,1765056044.2938962,-0.114617586,1.6135426,0.028993845,-0.15615569,0.019579777,-0.0021713795,0.987536
19.05187541666669,1765056044.3112893,-0.11276126,1.6138017,0.027718067,-0.15631965,0.02057067,-0.001991541,0.9874903
19.069997749999857,1765056044.3294117,-0.110848665,1.6140518,0.026355982,-0.15639587,0.021578081,-0.001949187,0.9874568
19.08746958333336,1765056044.3468835,-0.109021336,1.6142347,0.025064247,-0.15649621,0.022403998,-0.0019431221,0.98742247
19.10485212499998,1765056044.3642662,-0.107266665,1.6143057,0.023864508,-0.15679424,0.023158373,-0.0019032869,0.9873579
19.123544625000022,1765056044.3829587,-0.10546303,1.6142887,0.022668362,-0.1575086,0.024013374,-0.0017764032,0.987224
19.145261583333195,1765056044.4046755,-0.103461206,1.6142594,0.021279776,-0.1584476,0.025118655,-0.0015319954,0.98704666
19.162625041666615,1765056044.422039,-0.101941824,1.6142781,0.02009821,-0.15883167,0.026026076,-0.0013025829,0.9869617
19.18101233333323,1765056044.4404263,-0.10039425,1.6142783,0.018866777,-0.15922074,0.02684971,-0.0011017929,0.9868772
19.198551624999936,1765056044.4579656,-0.09893638,1.6141385,0.01778487,-0.15987243,0.027423438,-0.0007184257,0.9867564
19.215949624999894,1765056044.4753635,-0.09752455,1.613906,0.016772764,-0.16045423,0.02793833,-3.693394e-05,0.9866478
19.2333248333332,1765056044.4927387,-0.096161366,1.6136653,0.0157969,-0.16082756,0.028543264,0.0008139292,0.9865694
19.2518155416667,1765056044.5112295,-0.09476924,1.6133935,0.014787912,-0.16127345,0.02935632,0.0018134768,0.9864714
19.269258291666574,1765056044.5286722,-0.09350324,1.6131746,0.013847828,-0.1616834,0.030244166,0.0026714753,0.9863755
19.287703083333327,1765056044.547117,-0.0922102,1.6131071,0.012788075,-0.16154778,0.031226847,0.0034767014,0.9863646
19.319231875000014,1765056044.578646,-0.09013334,1.6133709,0.010860461,-0.16056344,0.033277683,0.0045080325,0.98645407
19.336714166666525,1765056044.5961282,-0.08905482,1.6135085,0.009894609,-0.16075106,0.03484927,0.0051845284,0.9863659
19.353983499999913,1765056044.6133974,-0.08802271,1.6136066,0.009071112,-0.16160434,0.036428336,0.0055721602,0.9861673
19.37134904166669,1765056044.630763,-0.08699131,1.6137072,0.008336782,-0.16268341,0.03787134,0.00567743,0.9859349
19.38882783333338,1765056044.6482418,-0.08593035,1.6138585,0.007592678,-0.16339095,0.039145675,0.0056945668,0.985768
19.415731874999892,1765056044.6751459,-0.08425489,1.614182,0.0064559155,-0.16322653,0.04055789,0.0056809923,0.9857382
19.433054374999983,1765056044.6924684,-0.083158255,1.6143667,0.0058367252,-0.16277029,0.04110919,0.0056373356,0.9857911
19.450513666666666,1765056044.7099276,-0.08204928,1.6144657,0.0053513222,-0.16248786,0.041470706,0.00561584,0.9858227
19.467858875000047,1765056044.7272727,-0.0809702,1.6145011,0.0050113373,-0.16235447,0.041658416,0.0054805675,0.98583746
19.4853016666666,1765056044.7447157,-0.07994652,1.6145511,0.0048093796,-0.1622222,0.041857254,0.005487261,0.9858508
19.502758749999884,1765056044.7621727,-0.078995466,1.6146364,0.004770279,-0.162203,0.042152,0.0057133664,0.98584014
19.52023650000001,1765056044.7796504,-0.0781067,1.6148458,0.004816805,-0.16184221,0.042458,0.0061303023,0.9858838
19.537552874999847,1765056044.7969668,-0.07733101,1.6153339,0.004776205,-0.15983258,0.042711012,0.006471868,0.9861985
19.55496983333319,1765056044.8143837,-0.076661825,1.6160755,0.004673958,-0.1566339,0.04318944,0.0067600315,0.9866888
19.57235025,1765056044.8317642,-0.07606745,1.6168835,0.004681349,-0.15353094,0.044049006,0.0073391004,0.9871343
19.589843999999857,1765056044.849258,-0.07555443,1.617711,0.004793917,-0.15047345,0.04522116,0.007987434,0.9875469
19.61578949999989,1765056044.8752034,-0.07497144,1.6192231,0.004892826,-0.14491026,0.047358982,0.008530597,0.988274
19.633130958333368,1765056044.892545,-0.074674845,1.6204149,0.0048439503,-0.14064854,0.048855588,0.008616085,0.9888159
19.650512499999877,1765056044.9099264,-0.07441607,1.6217152,0.004669922,-0.1361502,0.050211526,0.008744732,0.9893763
19.667971583333383,1765056044.9273856,-0.0741632,1.623131,0.0043230057,-0.13121398,0.051306088,0.009244078,0.98998237
19.695070333333206,1765056044.9544842,-0.07379055,1.6253157,0.003499508,-0.12330529,0.0525176,0.010523604,0.9909223
19.714689749999934,1765056044.9741037,-0.07358518,1.6266284,0.0027451687,-0.118298404,0.053267658,0.011737289,0.9914788
19.732167749999917,1765056044.9915817,-0.07344794,1.6276004,0.0019991398,-0.11445612,0.05383992,0.012769034,0.9918861
19.75234483333338,1765056045.0117588,-0.07331005,1.628649,0.0010500127,-0.11015486,0.054406602,0.014060238,0.9923246
19.76997766666659,1765056045.0293915,-0.07319832,1.6294719,0.00014901161,-0.10660689,0.05478402,0.015237892,0.99267393
19.787506208333298,1765056045.04692,-0.073075026,1.6300765,-0.0007476289,-0.10379506,0.055089418,0.016488036,0.99293494
19.815324874999988,1765056045.0747387,-0.07288304,1.630576,-0.0020701713,-0.101323724,0.05549463,0.018145878,0.99313873
19.832890708333252,1765056045.0923047,-0.0727787,1.630743,-0.0028452873,-0.100606136,0.055750158,0.01896726,0.99318206
19.852630541666713,1765056045.1120446,-0.07269269,1.6309539,-0.0037462367,-0.09971585,0.05613897,0.019605089,0.9932375
19.870313333333343,1765056045.1297274,-0.07264733,1.6312109,-0.00461936,-0.09856472,0.056583606,0.019945564,0.9933204
19.887799708333205,1765056045.1472137,-0.07262015,1.6315004,-0.0055224895,-0.09734439,0.057058863,0.020035535,0.9934118
19.91935379166671,1765056045.1787677,-0.07253647,1.6320051,-0.007096052,-0.09592387,0.05774319,0.019636141,0.9935184
19.936716499999875,1765056045.1961305,-0.072479725,1.632291,-0.007899284,-0.095429376,0.05805299,0.019267518,0.9935552
19.95436879166664,1765056045.2137828,-0.072442204,1.6326228,-0.008684141,-0.09481741,0.05836422,0.018766934,0.9936051
19.981786166666552,1765056045.2412002,-0.07243648,1.6332773,-0.00990842,-0.093419924,0.058820978,0.01722648,0.9937384
19.99937220833317,1765056045.2587862,-0.072438955,1.6337686,-0.010704994,-0.09227066,0.059002697,0.01602951,0.99385506
20.020788249999896,1765056045.2802022,-0.072404444,1.6343676,-0.011645998,-0.09093699,0.058919553,0.014941213,0.99399984
20.03818699999988,1765056045.297601,-0.072341114,1.6347915,-0.012336713,-0.09018405,0.0586337,0.014470566,0.9940923
20.05560433333335,1765056045.3150182,-0.07226586,1.6351198,-0.0129413605,-0.08972995,0.058214784,0.0141709,0.9941624
20.086606041666528,1765056045.34602,-0.0721654,1.6356058,-0.013853055,-0.08907396,0.057276007,0.013525367,0.99428487
20.104068666666535,1765056045.3634827,-0.07216954,1.6358783,-0.0142736435,-0.08870356,0.05678211,0.0130851,0.99435216
20.121414166666682,1765056045.3808281,-0.07221761,1.6361251,-0.014621717,-0.08844056,0.056386586,0.012660707,0.9944036
20.139934708333385,1765056045.3993487,-0.072279274,1.6363387,-0.0149516715,-0.08825382,0.056070764,0.012248405,0.9944432
20.157488625000042,1765056045.4169025,-0.072346926,1.6365144,-0.015208006,-0.08815189,0.05587746,0.011959933,0.99446666
20.184726916666705,1765056045.444141,-0.07246113,1.6367854,-0.015517473,-0.08788284,0.055771828,0.011570138,0.994501
20.20226283333318,1765056045.4616768,-0.07252675,1.6369541,-0.015706027,-0.08752777,0.055719715,0.01125756,0.9945388
20.219658499999923,1765056045.4790726,-0.07258892,1.637123,-0.015900612,-0.08700935,0.05563515,0.0107997535,0.99459416
20.237063249999892,1765056045.4964771,-0.07266927,1.6372988,-0.016083717,-0.086411625,0.055515304,0.010171283,0.99465954
20.254587208333305,1765056045.5140011,-0.07276088,1.6374589,-0.01625725,-0.085855365,0.05540637,0.009528112,0.99472016
20.28514691666669,1765056045.544561,-0.072936,1.6377271,-0.016564405,-0.08492511,0.05520809,0.008590803,0.9948196
20.302059958333302,1765056045.5614738,-0.073022366,1.637817,-0.016745806,-0.08442886,0.055039797,0.008097376,0.9948753
20.319405541666583,1765056045.5788195,-0.07308626,1.637821,-0.016920567,-0.08405839,0.05477511,0.007626749,0.99492496
20.336769583333307,1765056045.5961835,-0.073165596,1.6377851,-0.01705197,-0.08377035,0.05443971,0.0072082616,0.9949708
20.35599804166668,1765056045.615412,-0.07328105,1.6377099,-0.017154455,-0.08350243,0.05414523,0.0068101427,0.9950122
20.374981166666657,1765056045.6343951,-0.07342839,1.6376143,-0.017224312,-0.083169565,0.053935695,0.0064419694,0.9950539
20.392426708333232,1765056045.6518407,-0.073587835,1.6375071,-0.01728872,-0.08278605,0.053720515,0.006113057,0.9950996
20.413576749999947,1765056045.6729908,-0.07380429,1.637388,-0.01738952,-0.08211352,0.053422064,0.00587821,0.9951728
